order_id,customer,category,order_value,is_cod,past_orders,hist_return_rate,days_since_signup,prior_disputes,device_ip_mismatch,night_order,coupon_used,delivery_pincode_risk,returned
ORD-10000,Aryan Maharaj,Home & Kitchen,2554.27,1,14,0.323,15,1,0,0,0,0.336,0
ORD-10001,Udant Dewan,Mobiles,4022.09,1,15,0.494,144,0,0,1,1,0.264,1
ORD-10002,Gagan Sami,Electronics,6787.82,1,9,0.316,293,0,0,0,1,0.373,1
ORD-10003,Ayushman Chander,Beauty,3612.71,1,19,0.205,62,0,0,0,0,0.17,1
ORD-10004,Viraj Tiwari,Mobiles,3292.73,1,4,0.259,136,0,1,1,0,0.35,1
ORD-10005,Rushil Saini,Beauty,2892.13,0,13,0.155,25,1,0,0,0,0.184,0
ORD-10006,Saumya Mall,Mobiles,1736.07,0,16,0.339,110,0,0,0,0,0.254,1
ORD-10007,Nathaniel Sami,Electronics,1446.99,1,10,0.244,68,1,1,0,1,0.448,1
ORD-10008,Arunima Dugal,Home & Kitchen,10758.72,1,14,0.572,213,0,0,0,1,0.567,0
ORD-10009,Gayathri Chaudry,Home & Kitchen,7667.78,0,10,0.486,216,1,0,0,1,0.236,1
ORD-10010,Lajita Chatterjee,Mobiles,3241.85,0,8,0.374,80,0,0,0,0,0.368,0
ORD-10011,Hemangini Lalla,Electronics,8147.96,1,5,0.177,66,0,0,0,1,0.302,0
ORD-10012,Tripti Yadav,Mobiles,3404.65,1,13,0.31,145,0,0,0,0,0.332,0
ORD-10013,Kritika Brar,Fashion,2485.99,1,28,0.276,97,0,0,0,0,0.217,0
ORD-10014,Janaki Handa,Fashion,3578.93,1,13,0.088,168,0,0,0,1,0.1,1
ORD-10015,Chakradev Kari,Electronics,2197.66,0,16,0.268,52,0,0,0,1,0.205,0
ORD-10016,Fariq Kaul,Mobiles,4000.87,0,4,0.292,544,0,0,0,1,0.202,0
ORD-10017,Lajita Mall,Home & Kitchen,3500.42,0,4,0.022,15,0,0,0,1,0.505,0
ORD-10018,Janya Gaba,Fashion,6042.06,0,10,0.133,78,0,0,0,0,0.261,0
ORD-10019,Isha Kadakia,Mobiles,2157.99,0,15,0.485,213,0,0,0,0,0.588,1
ORD-10020,Ekbal Garg,Beauty,4910.67,0,6,0.253,217,2,0,0,1,0.088,1
ORD-10021,Nihal Shere,Electronics,2243.1,0,3,0.42,87,0,0,0,0,0.379,1
ORD-10022,Anamika Kanda,Mobiles,2067.51,0,29,0.453,52,0,1,0,1,0.252,1
ORD-10023,Daksh Karnik,Beauty,2300.96,1,4,0.03,162,0,0,0,1,0.088,0
ORD-10024,Diya Rattan,Fashion,6529.52,1,2,0.192,119,0,0,0,1,0.393,1
ORD-10025,Dominic Kakar,Mobiles,5705.61,0,21,0.392,683,0,0,0,1,0.153,1
ORD-10026,Simon Tata,Fashion,20190.64,0,14,0.273,768,0,0,0,1,0.083,0
ORD-10027,Tara Dhar,Electronics,1775.26,0,4,0.128,94,0,0,1,1,0.288,0
ORD-10028,Liam Koshy,Electronics,3741.36,1,16,0.23,1,0,0,0,0,0.529,0
ORD-10029,Priya Rastogi,Beauty,10719.62,1,8,0.125,474,0,0,0,0,0.254,0
ORD-10030,Theodore Devi,Beauty,1352.77,0,19,0.094,78,0,0,1,0,0.246,0
ORD-10031,Gavin Batta,Mobiles,3585.07,1,11,0.425,252,1,0,0,0,0.337,1
ORD-10032,Michael Dutta,Fashion,2587.15,0,13,0.423,121,1,0,0,0,0.133,1
ORD-10033,Devansh Rajan,Mobiles,3567.01,0,22,0.396,69,1,0,0,0,0.121,1
ORD-10034,Upadhriti Wadhwa,Fitness,6854.29,1,13,0.223,343,1,0,1,0,0.318,0
ORD-10035,Advay Contractor,Fashion,3123.56,0,3,0.402,94,0,0,0,0,0.466,0
ORD-10036,Harini Choudhury,Fitness,2497.38,0,19,0.194,77,1,0,0,0,0.367,0
ORD-10037,Radhika Dugar,Fitness,3133.16,0,27,0.135,404,0,1,0,0,0.057,0
ORD-10038,Aarush Lall,Electronics,5711.72,0,11,0.351,290,1,1,0,0,0.352,1
ORD-10039,Yashica Cherian,Electronics,7983.4,1,6,0.12,126,0,0,0,0,0.195,0
ORD-10040,Yashica Issac,Fashion,3773.9,0,12,0.324,224,1,0,0,1,0.198,0
ORD-10041,Kashvi Edwin,Electronics,3170.41,1,7,0.437,607,0,0,0,0,0.346,1
ORD-10042,Ekiya Suresh,Electronics,2270.37,0,8,0.331,250,2,0,0,1,0.168,1
ORD-10043,Isaac Patil,Fashion,6040.48,0,14,0.454,572,0,0,0,0,0.376,1
ORD-10044,Wriddhish Bhardwaj,Mobiles,6481.55,0,40,0.083,7,0,0,0,0,0.037,1
ORD-10045,Farhan Chada,Beauty,13149.34,1,11,0.053,78,0,0,0,1,0.409,1
ORD-10046,Ekapad Walia,Electronics,1555.92,0,10,0.201,638,0,0,0,0,0.188,0
ORD-10047,Kabir Soman,Home & Kitchen,3989.8,1,5,0.272,38,0,0,0,0,0.432,1
ORD-10048,Alka Wable,Fashion,3790.51,1,9,0.454,4,1,1,0,0,0.138,1
ORD-10049,Siddharth Zacharia,Beauty,2358.14,0,7,0.521,105,0,0,1,1,0.399,0
ORD-10050,Devika Rastogi,Mobiles,2288.19,0,6,0.378,129,0,0,0,1,0.654,1
ORD-10051,Raksha Varughese,Fashion,3936.37,0,14,0.189,345,0,0,0,0,0.211,0
ORD-10052,Jai Kota,Fashion,6220.42,1,21,0.268,905,0,0,0,0,0.154,0
ORD-10053,Devansh Nigam,Electronics,6720.99,0,30,0.211,75,1,0,0,0,0.544,0
ORD-10054,Victor Kannan,Electronics,5073.66,0,5,0.477,237,0,0,0,0,0.548,0
ORD-10055,Ekavir Bhargava,Beauty,4031.19,1,30,0.154,17,0,0,1,0,0.131,0
ORD-10056,Ekansh Balay,Electronics,5690.38,0,21,0.507,64,0,0,0,0,0.659,1
ORD-10057,Ekavir Varkey,Electronics,5211.73,1,11,0.328,35,0,0,0,0,0.143,1
ORD-10058,Arya Sunder,Home & Kitchen,12270.27,1,6,0.196,32,0,0,0,0,0.284,1
ORD-10059,Kevin Solanki,Mobiles,5639.54,1,30,0.415,477,1,0,0,1,0.363,1
ORD-10060,Urvashi Ray,Beauty,6858.69,1,20,0.126,119,0,0,0,0,0.129,0
ORD-10061,Girindra Chatterjee,Fashion,4632.96,0,5,0.247,93,0,1,0,0,0.07,0
ORD-10062,Irya Sampath,Beauty,3359.78,0,14,0.194,20,0,0,1,0,0.095,0
ORD-10063,Unni Bhagat,Fashion,4753.61,0,10,0.215,642,0,0,0,0,0.306,0
ORD-10064,Darsh Rau,Fashion,9436.87,1,13,0.236,581,0,0,0,0,0.094,0
ORD-10065,Ikbal Kothari,Mobiles,3823.9,0,7,0.198,86,0,0,0,1,0.177,0
ORD-10066,Ranveer Yadav,Fashion,6118.05,0,17,0.279,195,0,0,0,0,0.282,1
ORD-10067,Logan Sami,Fitness,4441.52,0,16,0.187,311,0,0,0,1,0.58,0
ORD-10068,Arya Shere,Home & Kitchen,5141.14,1,5,0.143,635,0,0,0,0,0.103,0
ORD-10069,Faqid Savant,Electronics,1785.09,1,16,0.145,671,1,0,0,0,0.149,1
ORD-10070,Chandresh Zachariah,Fashion,4278.96,0,24,0.368,50,1,0,0,0,0.245,1
ORD-10071,Girik Khalsa,Home & Kitchen,2254.59,1,10,0.117,137,0,0,0,1,0.309,0
ORD-10072,Niharika Sunder,Electronics,4433.69,0,15,0.381,227,0,0,1,1,0.546,0
ORD-10073,Tanay Rattan,Fashion,7002.82,0,12,0.248,161,0,0,0,0,0.191,0
ORD-10074,Nitesh Raghavan,Mobiles,4902.0,0,16,0.261,187,1,0,0,0,0.278,0
ORD-10075,Madhavi Lanka,Mobiles,3912.86,0,22,0.261,102,0,0,0,1,0.318,0
ORD-10076,Bhavika Sampath,Beauty,1792.25,0,25,0.167,473,1,0,0,1,0.43,1
ORD-10077,Mohammed Gupta,Fashion,9270.24,1,13,0.475,104,0,0,1,1,0.528,1
ORD-10078,Teerth Bhardwaj,Home & Kitchen,4752.0,1,7,0.359,668,0,0,0,0,0.46,1
ORD-10079,Dipta Bhandari,Fashion,3795.11,0,12,0.271,1113,0,0,0,0,0.208,0
ORD-10080,Vansha Thakkar,Fashion,1210.75,1,24,0.178,60,0,0,0,0,0.258,0
ORD-10081,Dakshesh Trivedi,Fashion,4450.94,0,21,0.48,691,2,0,0,1,0.145,1
ORD-10082,Quincy Biswas,Fashion,2106.99,1,4,0.137,93,1,0,0,0,0.232,1
ORD-10083,Wahab Raval,Fitness,4416.42,1,13,0.248,117,0,0,1,0,0.21,1
ORD-10084,Yatin Baral,Electronics,11674.91,0,21,0.198,50,0,0,0,1,0.118,0
ORD-10085,Oni Virk,Electronics,3940.76,1,8,0.136,304,0,0,0,0,0.046,0
ORD-10086,Advika Jayaraman,Fashion,7141.4,1,24,0.425,460,0,1,0,0,0.455,1
ORD-10087,William Lanka,Home & Kitchen,10198.92,0,13,0.205,301,0,0,0,0,0.39,0
ORD-10088,Karan Mital,Electronics,2775.25,1,3,0.122,280,0,0,0,0,0.215,1
ORD-10089,Diya Bora,Home & Kitchen,6786.3,0,13,0.219,280,0,0,0,0,0.528,1
ORD-10090,Tara Chaudhry,Beauty,1200.91,0,12,0.344,294,0,1,1,0,0.503,1
ORD-10091,Tanay Toor,Mobiles,1596.94,1,19,0.461,118,0,0,1,0,0.19,0
ORD-10092,Kevin Palla,Electronics,3547.9,0,17,0.163,59,0,0,0,1,0.377,0
ORD-10093,Yash Pingle,Beauty,1610.22,1,11,0.083,8,0,0,0,0,0.567,0
ORD-10094,Nakul Sarma,Mobiles,6820.08,0,3,0.406,109,0,1,0,0,0.26,0
ORD-10095,Abhiram Mistry,Home & Kitchen,6409.12,0,6,0.207,909,0,0,0,1,0.295,0
ORD-10096,Krish Lalla,Fitness,5681.76,0,9,0.284,164,0,0,0,1,0.416,0
ORD-10097,Hredhaan Dugal,Mobiles,11589.41,1,15,0.278,72,0,0,0,0,0.247,0
ORD-10098,Baghyawati Kade,Fashion,14920.72,1,15,0.144,82,0,0,0,1,0.372,0
ORD-10099,Samar Lalla,Fashion,6207.91,0,11,0.211,391,0,0,0,1,0.447,0
ORD-10100,Zayan Behl,Electronics,11056.47,0,36,0.437,395,0,0,0,0,0.193,0
ORD-10101,Pallavi Malhotra,Fitness,651.22,0,10,0.093,79,0,0,0,0,0.377,0
ORD-10102,Aarush Nath,Home & Kitchen,6194.6,1,11,0.558,86,1,0,0,0,0.355,1
ORD-10103,Adweta Edwin,Home & Kitchen,4564.97,1,30,0.499,379,0,0,1,1,0.29,1
ORD-10104,Prisha Andra,Fitness,13477.87,0,12,0.096,20,0,0,0,0,0.304,0
ORD-10105,Faqid Dixit,Mobiles,2215.86,0,20,0.36,56,0,0,1,1,0.244,1
ORD-10106,Kala Divan,Electronics,4324.12,1,9,0.362,185,0,0,0,0,0.333,1
ORD-10107,Joshua Barman,Home & Kitchen,744.5,1,4,0.102,490,0,0,0,0,0.179,0
ORD-10108,Janya Baral,Fitness,2383.61,0,2,0.325,350,1,0,1,0,0.424,1
ORD-10109,Shivansh Krish,Mobiles,2777.14,0,25,0.06,808,0,0,0,1,0.23,0
ORD-10110,Irya Ray,Home & Kitchen,2943.55,1,19,0.188,315,0,0,1,0,0.474,0
ORD-10111,Warjas Gaba,Beauty,5567.62,1,15,0.0,20,0,0,0,0,0.275,0
ORD-10112,Nitara Bakshi,Mobiles,2767.71,1,2,0.244,361,1,0,0,0,0.315,0
ORD-10113,Gaurangi Sabharwal,Electronics,5048.88,1,12,0.494,434,0,0,0,1,0.32,1
ORD-10114,Amara Dutta,Electronics,9547.93,0,8,0.308,175,2,0,0,1,0.412,0
ORD-10115,Lavanya Barad,Home & Kitchen,3895.36,1,13,0.447,242,0,0,0,0,0.472,1
ORD-10116,Tristan Iyengar,Home & Kitchen,6301.82,0,13,0.527,326,1,0,0,0,0.308,0
ORD-10117,Inaya Mody,Mobiles,5341.55,1,13,0.205,1019,1,0,0,0,0.234,0
ORD-10118,Udant Bajwa,Fashion,3135.12,1,4,0.308,116,0,0,0,0,0.26,1
ORD-10119,Mohini Narasimhan,Fitness,3285.42,1,19,0.101,67,0,1,0,0,0.09,1
ORD-10120,Ekaraj Mallick,Electronics,3048.41,0,2,0.49,203,1,0,0,0,0.561,0
ORD-10121,Yashodhara Ratta,Home & Kitchen,9253.72,1,9,0.239,11,0,1,0,0,0.139,0
ORD-10122,Ayaan D’Alia,Mobiles,2610.14,1,12,0.138,61,0,0,0,0,0.158,1
ORD-10123,Pranav Lanka,Fashion,2902.59,1,7,0.244,276,0,0,0,0,0.301,0
ORD-10124,Ikbal Saraf,Fashion,2016.53,0,13,0.245,86,0,0,0,0,0.184,0
ORD-10125,Dipta Sarin,Fashion,7524.93,0,29,0.386,111,1,0,0,0,0.305,0
ORD-10126,Lekha Gupta,Fitness,3594.83,1,21,0.22,44,0,0,0,0,0.223,0
ORD-10127,Chaitanya Sarin,Beauty,4967.22,1,9,0.397,472,0,0,0,0,0.402,0
ORD-10128,Zinal Yohannan,Electronics,2516.26,0,18,0.38,130,0,0,0,1,0.525,0
ORD-10129,Januja Sankar,Fitness,7873.99,1,13,0.246,461,0,0,0,0,0.146,1
ORD-10130,Ganga Murthy,Mobiles,3985.33,0,17,0.251,340,0,0,0,1,0.287,0
ORD-10131,Charita Tripathi,Mobiles,7838.14,1,21,0.289,752,0,0,0,0,0.273,0
ORD-10132,Nilima Narain,Mobiles,1205.77,0,30,0.142,163,0,0,0,0,0.196,0
ORD-10133,Chakrika Datta,Fitness,3319.33,0,7,0.076,276,0,0,0,0,0.131,0
ORD-10134,Osha Raghavan,Fitness,6365.88,1,6,0.235,175,0,0,0,0,0.519,0
ORD-10135,Charvi Ravi,Fashion,3044.14,1,4,0.282,112,1,0,0,0,0.628,1
ORD-10136,Daksha Mangat,Beauty,1942.05,1,24,0.513,21,0,0,0,0,0.405,1
ORD-10137,Qushi Nagy,Home & Kitchen,8024.39,0,32,0.266,324,0,0,0,1,0.266,0
ORD-10138,Riya Sathe,Home & Kitchen,3815.05,0,11,0.344,44,0,0,0,0,0.456,0
ORD-10139,Yasti Solanki,Beauty,2668.08,1,14,0.31,22,0,0,0,0,0.425,0
ORD-10140,Frado Mander,Fashion,3149.4,0,16,0.383,120,0,0,0,0,0.223,0
ORD-10141,Girik Keer,Fashion,4417.69,1,12,0.621,118,0,0,0,0,0.466,1
ORD-10142,Umang Issac,Electronics,819.56,0,12,0.427,98,0,0,0,0,0.301,1
ORD-10143,Aryan Batra,Electronics,6829.62,0,13,0.316,88,1,0,0,0,0.253,0
ORD-10144,Vaishnavi Bora,Electronics,6496.51,0,13,0.305,137,0,0,0,1,0.134,0
ORD-10145,Oeshi Hayer,Home & Kitchen,3915.1,0,14,0.182,19,0,0,1,0,0.111,0
ORD-10146,Warda Ratta,Fashion,2100.88,0,5,0.387,348,0,0,0,1,0.467,1
ORD-10147,Manbir Ahluwalia,Electronics,7832.48,0,16,0.33,504,0,0,0,1,0.396,0
ORD-10148,Pavani Kanda,Fashion,8040.97,0,9,0.198,23,0,0,0,1,0.311,0
ORD-10149,Zarna Shetty,Electronics,18661.94,1,18,0.276,274,0,0,0,0,0.338,0
ORD-10150,Zaid Dara,Mobiles,4180.86,1,15,0.282,128,0,0,0,1,0.698,0
ORD-10151,Kiaan Shetty,Home & Kitchen,5145.06,0,20,0.153,11,0,1,0,0,0.273,0
ORD-10152,Saanvi Thaman,Fashion,2751.92,0,17,0.205,278,0,0,0,0,0.197,0
ORD-10153,Sanaya Dutt,Home & Kitchen,1325.29,0,13,0.344,504,2,0,0,0,0.141,0
ORD-10154,Shivani Lad,Home & Kitchen,3955.26,1,16,0.039,138,1,0,0,0,0.264,1
ORD-10155,Aradhana Verma,Fashion,7433.53,0,17,0.211,384,0,0,1,0,0.547,0
ORD-10156,William Maharaj,Fitness,2175.95,0,11,0.053,1,0,0,0,0,0.146,0
ORD-10157,Faras Mangal,Beauty,2473.45,0,6,0.533,140,0,0,1,0,0.732,1
ORD-10158,Anita Nayak,Mobiles,6897.02,0,8,0.176,98,0,0,0,0,0.363,0
ORD-10159,Faris Devi,Fashion,6604.41,0,17,0.249,849,0,1,0,0,0.269,0
ORD-10160,Vihaan Rajagopal,Home & Kitchen,9119.87,1,1,0.707,38,1,0,0,1,0.454,1
ORD-10161,Tanish Bhatt,Electronics,23674.09,0,4,0.509,126,0,0,0,1,0.318,1
ORD-10162,Nikita Narayanan,Mobiles,7609.59,0,9,0.252,1,1,0,0,1,0.413,0
ORD-10163,Ojasvi Bhatia,Fashion,944.63,0,15,0.205,115,0,0,0,1,0.052,0
ORD-10164,Osha Ramachandran,Home & Kitchen,8797.07,0,4,0.266,47,0,0,0,0,0.738,1
ORD-10165,Lajita Sood,Fashion,4340.69,1,6,0.217,361,0,0,0,0,0.109,1
ORD-10166,Indira Misra,Fashion,9205.98,0,27,0.245,175,0,0,0,1,0.202,0
ORD-10167,Oni Yohannan,Fitness,3722.28,0,27,0.042,278,0,0,0,1,0.049,0
ORD-10168,Vinaya Kanda,Mobiles,2497.76,0,18,0.27,108,0,0,0,0,0.258,1
ORD-10169,Rajata Sunder,Beauty,5372.11,1,21,0.028,91,0,0,0,1,0.051,0
ORD-10170,Lopa Nayar,Electronics,1326.4,1,4,0.399,93,2,0,0,1,0.579,1
ORD-10171,Noah Sibal,Electronics,3798.26,0,8,0.426,156,1,0,1,1,0.187,1
ORD-10172,Avi Ramesh,Home & Kitchen,7330.71,1,17,0.163,56,0,1,0,1,0.175,1
ORD-10173,Fiyaz Sangha,Electronics,4021.87,1,13,0.263,72,0,0,0,0,0.244,1
ORD-10174,Triya Gopal,Beauty,1187.31,0,12,0.135,274,0,0,0,0,0.237,1
ORD-10175,Abha Raghavan,Beauty,7554.93,0,12,0.153,93,0,0,0,0,0.288,1
ORD-10176,Siddharth Sha,Fitness,9813.57,1,2,0.387,500,0,0,0,0,0.465,1
ORD-10177,Geetika Raghavan,Electronics,6379.89,0,29,0.501,207,0,1,0,0,0.327,1
ORD-10178,Oviya Krishnan,Fashion,5213.69,0,18,0.302,554,1,0,0,0,0.329,1
ORD-10179,Upma Bahl,Home & Kitchen,3240.15,0,17,0.321,168,0,0,0,0,0.547,1
ORD-10180,Inaya Kapur,Fashion,11714.48,1,9,0.639,82,0,0,0,0,0.291,1
ORD-10181,Banjeet Balasubramanian,Fashion,5008.51,0,14,0.195,339,0,0,0,0,0.379,1
ORD-10182,Ryan Bahri,Mobiles,11121.16,1,6,0.266,172,1,0,0,0,0.22,1
ORD-10183,William Date,Home & Kitchen,11129.52,1,4,0.593,318,0,0,1,0,0.527,1
ORD-10184,Ishwar Kamdar,Beauty,2860.25,0,19,0.0,241,0,0,0,0,0.243,0
ORD-10185,Aahana Pillay,Home & Kitchen,4326.08,1,27,0.084,23,0,0,0,1,0.131,0
ORD-10186,Ishwar Gade,Fashion,2387.63,0,10,0.286,202,0,0,0,0,0.319,0
ORD-10187,Hritik Bal,Beauty,5293.88,0,6,0.267,193,0,0,1,0,0.375,0
ORD-10188,Keya Ranganathan,Fashion,6968.75,1,4,0.291,37,2,0,0,0,0.252,1
ORD-10189,Faqid Kibe,Mobiles,1693.24,0,16,0.34,68,0,0,1,0,0.113,1
ORD-10190,Charvi Dara,Beauty,5742.21,1,6,0.134,183,0,0,0,0,0.309,0
ORD-10191,Idika Walia,Beauty,4236.11,0,11,0.068,328,0,0,1,1,0.201,0
ORD-10192,Kamala Biswas,Home & Kitchen,2469.76,1,6,0.374,73,0,0,0,0,0.73,1
ORD-10193,Advik Salvi,Beauty,2554.45,1,9,0.243,225,0,0,0,0,0.134,0
ORD-10194,Hitesh Sant,Home & Kitchen,8967.45,1,9,0.375,587,0,0,0,1,0.361,1
ORD-10195,Tripti Dua,Electronics,7606.16,1,4,0.541,105,1,0,0,1,0.511,1
ORD-10196,Patrick Vig,Electronics,6159.22,1,42,0.238,54,0,0,0,0,0.341,0
ORD-10197,Veda Shroff,Electronics,6401.03,0,9,0.319,264,0,1,1,0,0.398,0
ORD-10198,Amrita Naidu,Home & Kitchen,2944.47,0,6,0.365,298,0,0,0,1,0.298,1
ORD-10199,Gabriel Mallick,Fashion,4473.66,0,19,0.327,119,0,0,0,0,0.677,1
ORD-10200,Yagnesh Shetty,Mobiles,3987.35,1,6,0.275,643,0,0,0,0,0.425,1
ORD-10201,Gayathri Balakrishnan,Fashion,2606.52,1,8,0.33,413,1,0,0,1,0.394,1
ORD-10202,Ekta Gopal,Mobiles,6450.79,1,7,0.175,93,1,0,0,0,0.312,0
ORD-10203,Simon Pant,Electronics,9335.02,1,5,0.201,719,0,0,0,0,0.283,1
ORD-10204,Harini Mammen,Beauty,2024.83,0,7,0.208,387,0,0,0,0,0.254,0
ORD-10205,Advaith Varughese,Home & Kitchen,6332.94,0,21,0.081,334,1,0,0,0,0.777,1
ORD-10206,Frederick Khurana,Electronics,2925.16,0,27,0.118,252,0,0,0,1,0.361,0
ORD-10207,Vrinda Khosla,Fashion,11204.35,1,8,0.439,430,0,1,0,1,0.225,1
ORD-10208,Vritti Sem,Mobiles,7263.81,0,11,0.392,66,0,0,0,0,0.505,0
ORD-10209,Girik Menon,Mobiles,4529.71,1,13,0.527,255,1,0,0,0,0.409,1
ORD-10210,Nidhi Kohli,Electronics,2671.06,1,12,0.118,90,0,0,0,0,0.187,0
ORD-10211,Jyoti Solanki,Fitness,6744.44,1,14,0.18,62,0,0,0,0,0.281,0
ORD-10212,Pavani Narayanan,Electronics,3742.53,1,37,0.117,159,0,0,0,0,0.073,0
ORD-10213,Sudiksha Madan,Beauty,5688.01,0,10,0.32,286,0,1,1,0,0.328,1
ORD-10214,Zayan Kashyap,Beauty,4167.65,0,7,0.339,273,0,0,0,0,0.155,0
ORD-10215,Reyansh Mutti,Electronics,5067.25,1,11,0.239,94,0,0,0,0,0.286,0
ORD-10216,Qasim Handa,Mobiles,2873.54,1,7,0.352,6,1,0,0,0,0.296,0
ORD-10217,Veda Malhotra,Mobiles,1601.64,0,12,0.44,162,0,0,0,0,0.512,1
ORD-10218,Harish Hari,Fashion,2089.9,1,21,0.227,153,0,0,0,0,0.196,0
ORD-10219,Utkarsh Patel,Electronics,7389.15,1,7,0.144,83,0,0,0,1,0.198,0
ORD-10220,Chasmum Atwal,Mobiles,2883.07,0,7,0.435,12,0,1,0,0,0.204,1
ORD-10221,Anusha Bath,Fashion,6866.92,1,16,0.351,143,0,0,0,0,0.352,1
ORD-10222,Brinda Date,Fashion,3433.87,1,21,0.345,196,0,0,0,0,0.287,1
ORD-10223,Harshil Arora,Beauty,1724.96,0,7,0.233,204,0,0,0,0,0.256,0
ORD-10224,Upasna Srinivas,Mobiles,8390.31,1,15,0.327,49,0,0,0,0,0.323,1
ORD-10225,Harini Gour,Fashion,2350.27,0,15,0.073,35,0,0,0,0,0.31,0
ORD-10226,Zayyan Sridhar,Fashion,3062.89,0,5,0.432,194,0,0,0,1,0.275,0
ORD-10227,Dhruv Rattan,Mobiles,8613.06,1,15,0.185,250,0,0,0,0,0.439,1
ORD-10228,Ethan Bera,Fashion,6635.11,0,3,0.159,12,0,0,0,0,0.286,1
ORD-10229,Manthan Modi,Electronics,5264.29,1,16,0.438,3,0,0,0,0,0.51,1
ORD-10230,Yuvraj Dani,Mobiles,2919.45,0,14,0.26,156,0,0,0,1,0.156,0
ORD-10231,Upkaar Virk,Mobiles,8981.69,0,27,0.311,806,1,0,0,0,0.472,1
ORD-10232,Shravya Savant,Electronics,2748.1,1,2,0.251,142,0,0,0,0,0.12,0
ORD-10233,Pushti Mody,Electronics,3337.91,1,14,0.291,4,0,0,1,0,0.301,1
ORD-10234,Hardik Johal,Fashion,3971.05,1,16,0.456,55,0,0,0,1,0.502,1
ORD-10235,Aishani Bumb,Fashion,6505.55,1,19,0.231,243,0,0,0,1,0.176,0
ORD-10236,Wriddhish Ghose,Home & Kitchen,3546.4,1,10,0.094,24,1,0,1,0,0.674,1
ORD-10237,Naksh Agate,Mobiles,3553.36,0,13,0.146,20,0,0,0,0,0.173,0
ORD-10238,Shravya Singhal,Fashion,4822.53,1,14,0.366,152,0,0,0,0,0.157,0
ORD-10239,Bachittar Kata,Beauty,2879.03,0,17,0.193,1,0,0,1,0,0.356,0
ORD-10240,Barkha Setty,Electronics,3755.03,0,6,0.114,301,1,0,0,0,0.147,0
ORD-10241,Vivaan Lalla,Electronics,4331.97,0,4,0.418,494,0,0,0,1,0.138,1
ORD-10242,Pavani Contractor,Electronics,2354.33,0,13,0.335,139,0,0,0,0,0.304,1
ORD-10243,Manthan Lata,Beauty,4746.25,1,4,0.224,92,1,0,0,0,0.567,1
ORD-10244,Ekbal Bhasin,Electronics,7028.47,1,22,0.165,90,0,0,0,0,0.47,0
ORD-10245,Damyanti Mani,Mobiles,17009.57,0,11,0.448,76,3,0,0,0,0.128,0
ORD-10246,Jeet Sidhu,Beauty,4500.56,1,22,0.222,315,0,0,0,0,0.293,1
ORD-10247,Neha Magar,Electronics,5202.76,0,18,0.365,630,0,0,0,0,0.254,0
ORD-10248,Raksha Buch,Fashion,5949.22,1,11,0.352,54,1,0,0,0,0.265,1
ORD-10249,Rachana Naidu,Mobiles,4565.2,0,15,0.319,27,0,1,0,0,0.111,0
ORD-10250,Atharv Chand,Home & Kitchen,1866.43,0,4,0.36,25,0,0,0,0,0.337,1
ORD-10251,Ansh Luthra,Electronics,6434.88,0,11,0.133,288,0,0,0,0,0.21,0
ORD-10252,Parth Singhal,Home & Kitchen,3982.17,0,11,0.197,162,0,0,0,0,0.667,0
ORD-10253,Arunima Golla,Fashion,5545.64,0,18,0.245,368,0,0,1,0,0.33,0
ORD-10254,Vyanjana Chand,Fashion,4306.01,0,12,0.517,37,0,0,0,0,0.665,0
ORD-10255,Ijaya Rege,Fashion,4654.49,0,9,0.381,17,0,0,1,0,0.105,1
ORD-10256,Ekani Cheema,Mobiles,9648.29,0,7,0.28,19,0,0,0,0,0.288,0
ORD-10257,Forum Sabharwal,Fashion,7132.86,1,21,0.691,710,1,0,0,0,0.336,1
ORD-10258,Bhavya Rattan,Mobiles,3721.59,0,24,0.112,328,0,0,0,1,0.316,0
ORD-10259,Suhani Chakrabarti,Electronics,2466.34,0,14,0.43,196,0,1,0,0,0.346,0
ORD-10260,Zayyan Naik,Fitness,6429.56,0,4,0.126,1191,0,0,0,0,0.461,0
ORD-10261,Netra Varkey,Fitness,5871.48,0,8,0.261,381,0,0,1,0,0.522,0
ORD-10262,Turvi Sachdev,Fashion,2491.17,0,24,0.261,110,0,0,0,0,0.192,0
ORD-10263,Raghav Vasa,Electronics,2541.62,0,11,0.3,17,0,0,0,1,0.35,1
ORD-10264,Wishi Sathe,Electronics,5221.58,1,20,0.254,164,0,0,0,0,0.413,0
ORD-10265,Samar Loke,Mobiles,6705.43,0,9,0.231,78,1,0,0,0,0.198,1
ORD-10266,Bhavna Sarma,Fashion,1945.54,0,10,0.271,261,0,0,0,0,0.089,1
ORD-10267,Jairaj Balakrishnan,Home & Kitchen,1856.53,0,12,0.265,7,1,0,0,0,0.477,0
ORD-10268,Nathan Mukhopadhyay,Electronics,2017.92,1,12,0.49,125,0,0,0,0,0.377,1
ORD-10269,Nikita Chander,Fashion,3614.04,0,10,0.472,236,1,0,0,1,0.264,0
ORD-10270,Ishaan Shenoy,Fitness,9383.26,0,13,0.282,260,0,0,0,1,0.219,1
ORD-10271,Mitesh Tara,Fashion,5181.96,0,23,0.29,36,1,0,0,0,0.174,0
ORD-10272,Yashodhara Mahajan,Beauty,5390.65,0,14,0.198,129,0,0,1,0,0.303,0
ORD-10273,Vasudha Sodhi,Fashion,2107.05,0,7,0.126,370,0,0,0,1,0.305,0
ORD-10274,Tanmayi Dhillon,Fashion,4498.05,0,28,0.174,127,0,0,0,1,0.273,0
ORD-10275,Rayaan Trivedi,Home & Kitchen,9929.44,1,6,0.132,18,0,0,0,0,0.289,0
ORD-10276,Ekaraj Majumdar,Fashion,14243.9,1,5,0.048,465,0,0,0,0,0.224,0
ORD-10277,Harini Tripathi,Fashion,21473.85,1,4,0.23,530,0,0,0,0,0.102,0
ORD-10278,Aarnav Mandal,Fitness,7922.26,0,14,0.359,4,0,0,0,0,0.201,0
ORD-10279,Vrishti Dixit,Fashion,11641.07,1,15,0.272,141,0,0,0,0,0.227,1
ORD-10280,Veda Pai,Fitness,4259.79,0,12,0.175,191,0,0,0,0,0.301,0
ORD-10281,Krishna Shah,Mobiles,2329.47,1,7,0.486,232,1,0,0,0,0.404,1
ORD-10282,Ranbir Khare,Electronics,5501.73,0,29,0.362,121,0,0,1,1,0.318,1
ORD-10283,Vivaan Roy,Fitness,6576.33,0,16,0.128,30,0,0,0,0,0.481,0
ORD-10284,Eesha Solanki,Electronics,2579.34,0,20,0.619,235,1,0,0,0,0.395,1
ORD-10285,Libni Doshi,Fitness,1841.27,0,11,0.366,152,0,0,0,0,0.254,0
ORD-10286,Balhaar Date,Mobiles,18569.04,0,14,0.226,563,0,0,0,0,0.168,1
ORD-10287,Harish Sarraf,Fitness,7927.7,0,4,0.239,50,0,0,0,0,0.304,0
ORD-10288,Tanmayi Aurora,Home & Kitchen,5003.69,1,18,0.139,195,0,0,0,0,0.168,1
ORD-10289,Nimrat Dubey,Home & Kitchen,3438.64,1,11,0.489,169,2,0,1,1,0.53,1
ORD-10290,Upasna Lanka,Electronics,6366.28,0,12,0.302,902,0,0,0,0,0.36,0
ORD-10291,Mitali Buch,Beauty,11552.95,1,13,0.453,589,0,1,0,0,0.488,1
ORD-10292,Lajita Nadig,Fitness,2321.6,1,8,0.459,257,1,0,0,0,0.379,1
ORD-10293,Balendra Biswas,Beauty,10925.63,0,6,0.096,488,0,0,0,0,0.144,0
ORD-10294,Bhavna Karan,Fashion,1441.38,0,14,0.469,7,1,0,0,1,0.648,1
ORD-10295,Radha Chaudhari,Electronics,1854.64,0,15,0.578,172,0,0,0,0,0.524,1
ORD-10296,Sachi Ganesan,Fashion,3190.49,1,21,0.314,16,0,0,0,0,0.434,0
ORD-10297,Ayush Batra,Mobiles,17660.55,0,5,0.234,36,0,0,0,0,0.502,0
ORD-10298,Daksh Memon,Fashion,17642.26,1,14,0.159,88,0,0,0,0,0.151,0
ORD-10299,Kavya Sankar,Home & Kitchen,6065.16,1,12,0.377,93,0,0,0,1,0.234,0
ORD-10300,Yash Wali,Fitness,7030.56,0,8,0.384,36,0,1,0,0,0.465,1
ORD-10301,Pranit Garde,Beauty,2727.6,1,12,0.251,194,0,0,0,0,0.281,0
ORD-10302,Farhan Raja,Mobiles,9195.07,1,10,0.345,165,0,0,0,0,0.227,0
ORD-10303,Widisha Dhar,Mobiles,1946.31,1,19,0.217,306,0,0,0,0,0.286,0
ORD-10304,Triya Kumar,Mobiles,2795.64,1,11,0.295,175,0,0,0,0,0.273,0
ORD-10305,Aadhya Andra,Fashion,3333.6,0,24,0.396,36,1,0,0,0,0.234,0
ORD-10306,Bhavna Dugar,Electronics,5217.98,0,34,0.112,1,0,0,0,1,0.265,0
ORD-10307,Riya Pai,Fitness,6043.91,0,8,0.148,30,0,0,0,0,0.094,0
ORD-10308,Panini Krishna,Electronics,9220.27,1,17,0.181,66,0,0,0,1,0.21,0
ORD-10309,Chasmum Issac,Beauty,2729.97,0,15,0.128,188,0,0,0,0,0.145,0
ORD-10310,Vasudha Chhabra,Mobiles,7175.97,0,10,0.121,261,0,0,0,1,0.087,0
ORD-10311,Lakshmi Parmer,Fashion,2836.11,1,4,0.197,33,0,0,0,0,0.165,0
ORD-10312,Chakrika Bains,Fashion,3288.32,0,14,0.223,186,0,1,0,0,0.135,1
ORD-10313,Anvi Anand,Electronics,4073.06,1,12,0.277,297,0,0,0,0,0.224,0
ORD-10314,Watika Mangat,Fashion,7135.92,1,15,0.552,482,0,0,0,0,0.299,1
ORD-10315,Indira Kanda,Electronics,1792.77,1,16,0.28,53,0,0,0,0,0.327,0
ORD-10316,Zashil Devan,Fitness,1856.13,0,6,0.207,10,1,0,0,1,0.431,0
ORD-10317,Balveer More,Mobiles,4412.43,1,14,0.36,79,0,0,0,1,0.599,1
ORD-10318,Bahadurjit Patla,Electronics,5116.39,0,20,0.397,425,0,0,0,1,0.379,1
ORD-10319,Gautam Merchant,Fitness,5487.63,1,6,0.188,584,0,0,0,1,0.217,0
ORD-10320,Ojasvi Gill,Beauty,2450.13,0,22,0.159,202,1,0,0,1,0.186,0
ORD-10321,Kevin Zacharia,Beauty,2238.23,0,20,0.376,2,0,0,0,0,0.451,0
ORD-10322,Yachana Mahajan,Electronics,5642.71,1,8,0.267,14,0,1,0,0,0.278,1
ORD-10323,Aarini Subramaniam,Mobiles,2862.92,1,3,0.412,112,0,0,0,0,0.252,0
ORD-10324,Hamsini Contractor,Home & Kitchen,4801.9,1,19,0.32,65,3,0,0,0,0.299,0
ORD-10325,Faqid Dhaliwal,Fashion,7292.59,0,15,0.499,134,0,0,0,0,0.376,1
ORD-10326,Mekhala Pau,Electronics,5198.09,0,16,0.193,23,1,0,0,1,0.379,1
ORD-10327,Megha Atwal,Electronics,2235.86,1,31,0.248,19,1,0,0,0,0.141,0
ORD-10328,Jatin Sha,Fashion,2167.02,1,8,0.652,109,2,0,0,0,0.305,1
ORD-10329,Adweta Raj,Beauty,5451.27,0,19,0.11,183,0,0,0,1,0.146,1
ORD-10330,Hritik Kaur,Electronics,2406.65,1,12,0.193,16,0,0,0,1,0.314,0
ORD-10331,Aryan Narang,Fashion,22890.12,1,13,0.165,704,0,0,0,1,0.289,0
ORD-10332,Dev Shetty,Fashion,2414.59,0,9,0.279,76,0,0,0,0,0.566,0
ORD-10333,Nilima Dada,Fashion,5284.09,1,8,0.174,695,0,0,0,1,0.183,0
ORD-10334,Chakradev Barad,Electronics,5851.31,0,12,0.225,131,0,0,0,0,0.145,0
ORD-10335,Waida D’Alia,Fitness,746.47,0,7,0.485,264,1,0,0,0,0.349,1
ORD-10336,Wahab Yogi,Fashion,3455.02,1,6,0.154,20,0,0,0,0,0.149,0
ORD-10337,Lipika Setty,Fashion,2246.36,0,11,0.204,130,0,0,0,0,0.356,0
ORD-10338,Oni Dubey,Fitness,5408.52,1,8,0.527,65,0,0,0,0,0.624,0
ORD-10339,Hardik Suri,Mobiles,2559.29,1,27,0.157,118,0,0,0,1,0.245,0
ORD-10340,Ati Bali,Home & Kitchen,1448.58,0,15,0.118,70,0,0,0,0,0.252,0
ORD-10341,Teerth Sawhney,Fitness,8375.76,0,19,0.148,277,0,0,0,1,0.134,0
ORD-10342,Warinder Patil,Mobiles,4041.06,1,13,0.379,43,0,0,0,1,0.15,0
ORD-10343,Jhalak Parmer,Electronics,1254.2,0,18,0.1,893,0,0,0,0,0.193,0
ORD-10344,Mitali Majumdar,Fashion,7819.02,1,23,0.454,29,1,0,0,1,0.429,0
ORD-10345,Jason Sha,Fitness,3846.28,0,33,0.274,42,1,0,0,0,0.356,0
ORD-10346,Simon Bail,Electronics,2039.87,1,7,0.611,70,1,0,0,0,0.336,1
ORD-10347,Gauri Kohli,Electronics,12522.39,1,9,0.188,117,0,0,0,0,0.595,0
ORD-10348,Samesh Biswas,Home & Kitchen,4655.87,1,7,0.187,134,0,0,0,0,0.251,0
ORD-10349,Tarak Kaul,Electronics,4752.86,0,9,0.227,39,1,0,0,0,0.188,0
ORD-10350,Manbir Agate,Fitness,8837.83,0,14,0.141,180,0,0,1,0,0.104,0
ORD-10351,Maanav De,Home & Kitchen,2718.97,0,14,0.285,87,2,0,0,1,0.537,0
ORD-10352,Owen Choudhary,Electronics,1117.38,0,22,0.206,156,0,0,0,0,0.131,0
ORD-10353,Karan Aurora,Fitness,1774.4,0,8,0.177,18,0,1,0,1,0.171,0
ORD-10354,Wazir Naik,Fashion,5319.66,0,17,0.182,394,0,1,0,0,0.368,0
ORD-10355,Owen Lanka,Mobiles,3660.42,1,15,0.24,96,0,0,1,1,0.506,0
ORD-10356,Jonathan Sama,Beauty,5588.81,1,7,0.463,36,0,0,0,0,0.325,1
ORD-10357,Devansh Soni,Mobiles,9463.65,1,22,0.098,12,0,0,0,0,0.338,0
ORD-10358,Janaki Varghese,Beauty,1115.87,1,7,0.029,178,0,0,0,1,0.385,1
ORD-10359,Siya Thakur,Electronics,4662.77,0,13,0.164,0,0,0,0,0,0.182,0
ORD-10360,Caleb Verma,Electronics,15428.33,0,15,0.294,355,0,1,0,0,0.433,0
ORD-10361,Tara Balasubramanian,Fitness,2358.32,1,8,0.219,69,0,1,0,0,0.099,0
ORD-10362,Varenya Ratti,Electronics,2513.57,0,12,0.104,207,0,0,0,0,0.394,0
ORD-10363,Hritik Swaminathan,Home & Kitchen,12967.75,1,10,0.374,278,0,1,0,1,0.507,1
ORD-10364,Ethan Buch,Fashion,5277.6,0,4,0.281,102,0,0,0,1,0.147,0
ORD-10365,Manbir Bhatti,Beauty,3245.24,0,10,0.093,30,0,0,1,0,0.097,0
ORD-10366,Anvi Nair,Fashion,2919.8,0,5,0.173,359,0,0,0,0,0.186,1
ORD-10367,Chaitaly Setty,Fashion,7130.65,0,13,0.378,641,1,0,0,0,0.139,1
ORD-10368,Hardik Contractor,Home & Kitchen,2207.91,0,25,0.31,62,0,0,0,0,0.288,0
ORD-10369,Qushi Seth,Electronics,2076.33,1,13,0.231,7,1,0,0,0,0.28,1
ORD-10370,Odika Nori,Electronics,7195.02,1,4,0.152,219,0,0,0,1,0.235,1
ORD-10371,Mohini Sagar,Electronics,5719.61,0,20,0.343,325,0,0,0,1,0.281,0
ORD-10372,Dhriti Sane,Electronics,3941.64,0,9,0.202,627,1,0,0,1,0.155,0
ORD-10373,Aadhya Prasad,Electronics,11625.01,0,52,0.4,137,0,0,0,0,0.214,1
ORD-10374,Urvi Bhavsar,Fashion,1209.32,1,16,0.371,36,0,0,0,1,0.202,1
ORD-10375,Frederick Chander,Fashion,5703.68,0,8,0.261,35,0,1,0,1,0.397,0
ORD-10376,Gopal Pradhan,Home & Kitchen,11501.08,1,20,0.277,282,0,1,0,0,0.267,1
ORD-10377,Darpan Narayan,Home & Kitchen,7069.15,0,21,0.495,818,0,0,0,0,0.235,0
ORD-10378,Nirja Pandya,Mobiles,2575.21,1,18,0.1,1,0,0,0,1,0.552,0
ORD-10379,Charan Mani,Mobiles,7942.97,0,15,0.311,20,0,0,0,0,0.419,0
ORD-10380,Indira Chawla,Fashion,5391.13,0,12,0.13,395,1,0,0,1,0.107,0
ORD-10381,Mohammed Subramaniam,Home & Kitchen,16261.98,0,9,0.131,272,0,0,0,0,0.343,0
ORD-10382,Hritik Palla,Home & Kitchen,3619.88,0,12,0.313,62,0,0,0,0,0.502,0
ORD-10383,Ishwar Mallick,Fashion,1763.95,0,26,0.27,131,0,0,0,0,0.158,0
ORD-10384,Pushti Bal,Beauty,5185.26,1,23,0.31,43,0,0,0,0,0.183,1
ORD-10385,Ayush Gole,Mobiles,3758.7,0,24,0.651,12,1,0,0,0,0.54,1
ORD-10386,Dayamai Nori,Fitness,2194.59,0,8,0.147,55,1,0,0,0,0.172,0
ORD-10387,Abeer Golla,Home & Kitchen,1569.51,1,16,0.068,414,0,0,0,0,0.448,0
ORD-10388,Nandini Boase,Mobiles,6391.83,0,6,0.336,5,0,1,0,0,0.205,1
ORD-10389,Azaan Chand,Home & Kitchen,5297.4,0,26,0.385,96,1,0,0,0,0.203,1
ORD-10390,Krisha Saini,Fitness,2342.99,1,9,0.306,99,2,1,1,0,0.308,0
ORD-10391,Harita Dugar,Electronics,2188.72,0,15,0.303,806,0,0,0,0,0.389,1
ORD-10392,Devika Nair,Fitness,3412.67,0,15,0.124,53,0,0,0,0,0.222,0
ORD-10393,Charles Dugal,Beauty,3835.33,1,17,0.484,109,0,0,0,0,0.286,1
ORD-10394,Chandran Bumb,Mobiles,6578.28,1,6,0.155,642,0,0,0,0,0.133,0
ORD-10395,Saanvi Samra,Electronics,5219.1,1,6,0.295,1,0,0,0,0,0.131,1
ORD-10396,Riya Sachdeva,Home & Kitchen,7800.76,1,5,0.428,152,2,0,0,0,0.159,1
ORD-10397,Tanveer Vala,Beauty,3106.29,0,9,0.255,59,0,1,1,0,0.258,1
ORD-10398,Hemani Sani,Fashion,5365.5,0,13,0.282,79,0,0,0,0,0.472,0
ORD-10399,Bhanumati Sur,Home & Kitchen,2852.64,0,5,0.183,252,1,0,0,0,0.401,0
ORD-10400,Chakradev Kannan,Beauty,5776.22,0,16,0.457,440,1,0,0,1,0.427,1
ORD-10401,Christopher Amble,Electronics,5633.73,1,26,0.726,154,1,1,0,0,0.331,1
ORD-10402,Charvi Kakar,Electronics,7369.71,1,3,0.099,42,0,0,0,0,0.354,0
ORD-10403,Aadhya Mann,Mobiles,5466.73,0,13,0.305,182,0,0,1,0,0.241,0
ORD-10404,Jagdish Amble,Electronics,3148.1,1,10,0.232,263,0,1,1,0,0.287,0
ORD-10405,Qushi Gill,Fitness,6824.62,0,25,0.204,261,0,0,0,0,0.348,0
ORD-10406,Lajita Walia,Electronics,4956.12,1,22,0.276,912,1,0,0,1,0.371,0
ORD-10407,Xiti Pandya,Electronics,4495.75,0,11,0.231,355,0,0,0,0,0.463,1
ORD-10408,Mekhala Basak,Electronics,5966.79,0,5,0.174,72,0,0,0,0,0.093,1
ORD-10409,Anirudh Sharaf,Home & Kitchen,5723.23,1,17,0.506,309,1,0,1,0,0.634,1
ORD-10410,Dhriti Sanghvi,Fashion,4847.11,0,11,0.652,401,1,0,0,0,0.631,1
ORD-10411,Omisha Mann,Mobiles,3012.49,0,12,0.686,123,1,0,0,0,0.242,1
ORD-10412,Nidhi Bail,Home & Kitchen,9239.16,0,16,0.096,211,0,0,1,1,0.325,0
ORD-10413,Onveer Sharma,Electronics,2380.3,1,15,0.097,83,0,0,0,0,0.092,0
ORD-10414,Gaurang Sarkar,Fashion,3467.78,1,20,0.271,179,0,0,0,0,0.5,1
ORD-10415,Yagnesh Sarin,Mobiles,3969.1,0,40,0.185,188,0,0,0,0,0.305,1
ORD-10416,Farhan Randhawa,Mobiles,8569.14,1,16,0.297,112,0,0,0,0,0.465,0
ORD-10417,Harinakshi Kant,Fitness,2996.22,0,12,0.323,509,0,0,0,0,0.248,0
ORD-10418,Om Bose,Mobiles,10227.14,1,39,0.211,100,0,0,0,0,0.435,1
ORD-10419,Yashvi Hari,Mobiles,16299.47,1,27,0.673,740,0,1,0,0,0.428,1
ORD-10420,Indali Divan,Fashion,4601.78,0,10,0.207,236,0,0,1,0,0.245,1
ORD-10421,Harshil Dhingra,Fashion,3798.56,1,11,0.306,92,0,0,0,0,0.791,0
ORD-10422,Rudra Ghose,Home & Kitchen,1588.05,0,20,0.309,82,0,0,0,1,0.172,1
ORD-10423,Faqid Goel,Beauty,1014.79,0,4,0.224,594,0,0,0,0,0.057,1
ORD-10424,Ucchal Sen,Mobiles,15366.78,1,19,0.617,146,0,0,1,0,0.29,1
ORD-10425,Diya Dora,Mobiles,3102.78,1,13,0.262,63,0,0,0,0,0.201,0
ORD-10426,Ekansh Singh,Electronics,5208.05,1,17,0.28,148,0,0,0,1,0.151,0
ORD-10427,Chavvi Maharaj,Home & Kitchen,2316.33,1,5,0.221,117,1,0,1,1,0.403,0
ORD-10428,Indira Tripathi,Electronics,4178.5,0,13,0.221,334,1,0,0,0,0.375,1
ORD-10429,Dayita Shenoy,Electronics,3652.25,1,8,0.418,473,0,0,1,0,0.183,0
ORD-10430,Baljiwan Bhandari,Electronics,2762.45,0,5,0.286,179,0,0,1,0,0.244,1
ORD-10431,Bhavini Bose,Fitness,12937.06,1,6,0.481,103,0,0,0,0,0.581,1
ORD-10432,Yashica Rajagopalan,Electronics,16876.52,1,5,0.555,158,2,0,0,1,0.282,1
ORD-10433,Benjamin Sengupta,Beauty,3576.8,0,5,0.304,257,1,0,0,0,0.331,1
ORD-10434,Ekanta Soni,Fashion,3750.11,1,12,0.173,50,0,0,0,0,0.459,0
ORD-10435,David Seshadri,Home & Kitchen,16301.34,0,8,0.531,88,3,0,0,0,0.556,1
ORD-10436,Hemal Chad,Beauty,1710.19,1,16,0.319,376,0,1,0,0,0.53,1
ORD-10437,Balveer Kota,Electronics,2862.98,1,28,0.418,561,1,0,0,0,0.56,0
ORD-10438,Reva Viswanathan,Mobiles,8454.21,1,5,0.668,35,1,0,0,0,0.374,1
ORD-10439,Januja Pradhan,Beauty,2036.55,0,18,0.124,449,0,0,1,1,0.271,0
ORD-10440,Lila Rege,Electronics,1731.17,1,1,0.506,345,0,0,0,0,0.377,1
ORD-10441,Charles Natt,Fashion,6375.42,0,5,0.441,323,0,1,0,0,0.199,1
ORD-10442,Forum Chandra,Fashion,2969.37,0,13,0.268,91,0,0,0,0,0.178,0
ORD-10443,Bhanumati Krishnan,Home & Kitchen,3621.73,0,18,0.259,27,0,0,1,0,0.407,0
ORD-10444,Gauri Bumb,Mobiles,3810.46,1,8,0.297,126,1,1,0,0,0.158,1
ORD-10445,Inaya Mukherjee,Fashion,5201.7,0,9,0.682,602,0,0,1,0,0.546,1
ORD-10446,Kai Chad,Electronics,2917.63,0,6,0.15,43,0,0,0,0,0.088,0
ORD-10447,Krisha Narasimhan,Electronics,12957.97,0,15,0.384,392,0,0,0,0,0.783,1
ORD-10448,Girik Sampath,Beauty,3091.83,1,23,0.264,229,0,1,0,0,0.113,1
ORD-10449,Andrew Patil,Fashion,17385.33,1,27,0.135,473,0,0,0,0,0.339,1
ORD-10450,Pranit Kala,Electronics,8391.94,0,13,0.465,1014,1,0,0,0,0.371,1
ORD-10451,Vedika Handa,Mobiles,1394.9,1,11,0.317,64,0,0,0,1,0.143,0
ORD-10452,Laksh Dubey,Mobiles,4472.96,0,17,0.215,108,0,0,0,0,0.178,0
ORD-10453,Chakrika Chaudhuri,Fashion,3164.53,0,19,0.417,291,1,0,1,0,0.675,1
ORD-10454,Gayathri Deep,Mobiles,5487.67,1,34,0.338,122,0,0,0,0,0.199,1
ORD-10455,Mitesh Gaba,Fitness,5712.75,1,33,0.0,316,0,0,0,0,0.394,1
ORD-10456,Noah Sarma,Electronics,3351.88,0,18,0.266,110,0,0,0,0,0.097,0
ORD-10457,Nirja Patla,Fitness,4344.27,0,10,0.109,590,0,0,0,0,0.187,0
ORD-10458,Sachi Mane,Electronics,7985.8,0,10,0.221,24,0,0,0,0,0.327,0
ORD-10459,Vivaan Walla,Mobiles,3607.54,1,12,0.243,116,0,0,0,0,0.251,1
ORD-10460,Dayamai Singh,Fitness,6886.2,1,20,0.227,106,0,0,1,0,0.59,0
ORD-10461,Jhalak Sastry,Electronics,3865.99,0,6,0.285,98,1,0,0,0,0.216,1
ORD-10462,Baghyawati Raja,Mobiles,4801.61,1,12,0.226,302,0,0,1,0,0.228,1
ORD-10463,Neel Iyengar,Home & Kitchen,2918.94,1,26,0.27,700,0,0,0,1,0.195,0
ORD-10464,Zashil Ben,Beauty,8926.12,0,4,0.144,3,0,0,0,1,0.218,1
ORD-10465,Kamya Chauhan,Electronics,2076.75,0,2,0.24,151,1,0,0,1,0.365,0
ORD-10466,Bhavani Chacko,Fashion,4463.11,0,21,0.162,151,1,0,0,0,0.275,1
ORD-10467,Anjali Sengupta,Electronics,10097.04,1,11,0.37,198,0,0,0,0,0.534,1
ORD-10468,Rajeshri Chand,Mobiles,1568.77,1,23,0.093,61,0,0,0,0,0.053,0
ORD-10469,Shravya Palla,Home & Kitchen,7413.89,1,10,0.354,148,1,0,1,0,0.233,1
ORD-10470,Oeshi Bera,Beauty,4045.34,1,23,0.094,111,0,0,0,1,0.669,1
ORD-10471,Yadavi Prakash,Mobiles,4059.5,0,13,0.348,432,0,0,0,0,0.592,0
ORD-10472,Libni Bumb,Home & Kitchen,4677.25,0,10,0.107,1103,0,0,0,1,0.183,1
ORD-10473,Udarsh Bala,Mobiles,2374.29,0,11,0.192,126,0,0,0,0,0.454,0
ORD-10474,Hardik Nayak,Electronics,765.77,1,25,0.513,258,0,0,0,0,0.261,1
ORD-10475,Laksh Barad,Electronics,4067.24,0,7,0.472,207,2,0,0,1,0.396,1
ORD-10476,Urmi Dewan,Mobiles,3784.37,1,10,0.253,88,0,0,0,1,0.118,0
ORD-10477,Saumya Ahluwalia,Fitness,2296.79,1,9,0.307,271,0,0,1,1,0.187,0
ORD-10478,Anirudh Kunda,Fitness,1283.47,0,9,0.198,210,0,0,0,0,0.554,0
ORD-10479,Mason Wable,Fashion,6550.1,0,11,0.07,52,0,0,0,0,0.552,0
ORD-10480,Indrajit Mani,Electronics,3642.9,1,26,0.496,225,0,0,0,0,0.311,1
ORD-10481,Charvi Dara,Mobiles,7898.75,0,17,0.555,202,1,0,0,0,0.331,1
ORD-10482,William Saini,Home & Kitchen,2081.74,1,12,0.062,293,0,0,0,1,0.217,0
ORD-10483,Dev Choudhry,Electronics,1727.59,0,12,0.562,173,1,0,0,0,0.47,1
ORD-10484,Amol Varma,Electronics,4104.88,0,31,0.281,42,1,0,0,0,0.284,1
ORD-10485,Maanas Manne,Home & Kitchen,3130.35,0,10,0.246,25,0,0,0,1,0.319,0
ORD-10486,Aarav Pandit,Mobiles,8089.07,1,21,0.617,287,0,0,0,1,0.417,1
ORD-10487,Omaja Grover,Electronics,3661.17,0,11,0.211,87,0,1,0,1,0.464,1
ORD-10488,Jalsa Bir,Home & Kitchen,4415.77,0,5,0.183,53,0,0,0,1,0.511,0
ORD-10489,Madhavi Singhal,Mobiles,2022.31,0,13,0.348,10,0,0,0,0,0.198,0
ORD-10490,Lila Prakash,Mobiles,4343.24,1,11,0.193,591,0,0,0,1,0.22,1
ORD-10491,Amol Parikh,Mobiles,10745.79,0,7,0.264,291,1,0,0,1,0.3,0
ORD-10492,Hemani Khosla,Home & Kitchen,2571.87,0,13,0.186,249,0,0,0,0,0.347,1
ORD-10493,Gaurangi Deol,Fashion,5081.7,0,11,0.359,809,0,1,0,0,0.42,0
ORD-10494,Indira Nigam,Fashion,5618.87,0,8,0.294,3,0,0,1,0,0.398,0
ORD-10495,Ucchal Srinivas,Mobiles,6659.59,1,29,0.428,705,0,0,0,1,0.225,0
ORD-10496,Krishna Bhatnagar,Electronics,11229.52,0,26,0.3,309,0,0,0,1,0.434,0
ORD-10497,Balhaar Memon,Home & Kitchen,5780.75,0,32,0.444,163,1,0,0,1,0.612,1
ORD-10498,Caleb Iyengar,Fashion,6038.57,1,10,0.414,528,2,1,0,0,0.227,0
ORD-10499,Diya Mukherjee,Mobiles,3443.89,0,4,0.342,11,1,0,0,1,0.202,1
ORD-10500,Urvashi Kulkarni,Mobiles,10291.56,0,13,0.395,88,0,0,0,1,0.272,0
ORD-10501,Rayaan Mangal,Fashion,4830.51,1,9,0.125,85,0,0,1,1,0.056,0
ORD-10502,Champak Narula,Beauty,7988.04,0,18,0.32,68,0,0,1,0,0.502,0
ORD-10503,Jeet Pillai,Fitness,4206.46,1,8,0.057,118,0,0,0,0,0.331,1
ORD-10504,Mugdha Sarraf,Electronics,4073.17,1,2,0.261,64,0,0,0,0,0.463,0
ORD-10505,Harinakshi Grover,Fashion,1899.22,1,12,0.208,629,0,0,1,0,0.149,0
ORD-10506,Widisha Pillai,Electronics,2348.94,1,21,0.258,19,0,0,0,0,0.614,0
ORD-10507,Fitan Samra,Electronics,4286.69,1,6,0.144,286,0,0,0,1,0.244,0
ORD-10508,Qushi Gole,Fashion,37835.58,0,13,0.138,359,1,0,0,1,0.124,0
ORD-10509,Ekani Chauhan,Electronics,9759.44,0,9,0.339,599,1,0,0,1,0.532,1
ORD-10510,Falak Merchant,Electronics,6843.28,1,5,0.31,7,0,1,0,0,0.549,1
ORD-10511,Sanaya Sandhu,Fashion,5540.11,0,27,0.296,63,0,0,0,0,0.282,0
ORD-10512,Sachi Panchal,Beauty,10056.91,0,7,0.077,175,0,0,0,0,0.18,0
ORD-10513,Brijesh Pandit,Fitness,4563.71,1,16,0.078,5,0,0,0,0,0.136,0
ORD-10514,Anvi Bhandari,Beauty,3948.57,0,4,0.193,191,0,0,1,0,0.249,1
ORD-10515,Nidra Patla,Mobiles,4568.26,0,10,0.256,209,0,0,1,0,0.28,0
ORD-10516,Azaan Dhar,Fashion,3267.49,0,6,0.097,225,0,0,0,1,0.248,0
ORD-10517,Bakhshi Date,Mobiles,5847.48,1,25,0.275,298,0,0,0,0,0.317,1
ORD-10518,Warinder Peri,Fashion,9406.71,0,4,0.107,65,0,0,0,0,0.177,0
ORD-10519,Leela Bali,Fashion,5725.05,1,10,0.159,70,0,0,0,0,0.305,0
ORD-10520,Shivani Prabhakar,Home & Kitchen,1367.04,1,13,0.187,15,0,0,0,0,0.151,0
ORD-10521,Sachi Bose,Fashion,2136.23,0,9,0.066,219,0,0,1,1,0.263,1
ORD-10522,Jeevika Rao,Home & Kitchen,10598.12,0,6,0.259,38,1,1,0,0,0.228,1
ORD-10523,Arya Krish,Beauty,6657.26,0,11,0.227,418,1,0,1,0,0.265,0
ORD-10524,Atharv Grewal,Fashion,9927.47,0,13,0.147,5,0,0,1,0,0.225,1
ORD-10525,Zarna Ram,Mobiles,1316.97,0,18,0.114,627,0,0,0,0,0.27,0
ORD-10526,Adweta Lad,Electronics,4145.26,1,22,0.442,10,0,0,0,0,0.418,0
ORD-10527,Tanish Mangal,Mobiles,3723.75,0,7,0.598,481,1,0,0,0,0.253,1
ORD-10528,Ryan Das,Mobiles,4035.96,0,9,0.297,123,0,1,0,0,0.458,0
ORD-10529,Ethan Seth,Fashion,1073.75,0,11,0.12,25,0,0,0,1,0.188,0
ORD-10530,Sai Chahal,Fitness,4469.49,0,16,0.248,284,1,0,1,0,0.233,0
ORD-10531,Idika Bhattacharyya,Electronics,2645.34,0,26,0.231,484,0,0,0,1,0.097,0
ORD-10532,Charita Dugar,Beauty,2287.17,0,19,0.343,8,0,0,0,1,0.446,0
ORD-10533,Janaki Trivedi,Mobiles,1958.58,0,15,0.433,343,2,0,0,1,0.336,1
ORD-10534,Jairaj Iyer,Electronics,2733.42,0,2,0.27,127,1,0,1,0,0.411,0
ORD-10535,Warjas Tak,Home & Kitchen,5885.63,1,11,0.351,207,0,0,0,0,0.28,0
ORD-10536,Jalsa Pillay,Home & Kitchen,33720.38,0,29,0.137,106,0,0,0,1,0.137,0
ORD-10537,Kai Chadha,Home & Kitchen,5319.84,0,8,0.497,175,2,0,1,0,0.333,1
ORD-10538,Dayamai Rao,Mobiles,3229.42,1,26,0.382,155,0,0,0,1,0.187,1
ORD-10539,Nirja Rout,Electronics,10655.84,0,17,0.339,113,0,0,0,1,0.405,0
ORD-10540,Jeremiah Nadig,Mobiles,4802.89,1,9,0.213,90,0,0,0,0,0.234,0
ORD-10541,Shivani Shukla,Beauty,3989.08,0,20,0.107,373,0,0,0,0,0.508,0
ORD-10542,Kabir Gopal,Mobiles,7231.22,1,9,0.262,9,0,0,0,1,0.297,0
ORD-10543,Rachita Thakkar,Home & Kitchen,8300.29,1,4,0.322,136,0,0,0,0,0.621,0
ORD-10544,Jeet Vasa,Mobiles,4059.89,0,19,0.243,971,0,0,0,0,0.202,0
ORD-10545,Daksha Gala,Electronics,3125.8,1,9,0.198,191,0,0,0,0,0.206,0
ORD-10546,Ekantika Kar,Electronics,3422.49,0,23,0.238,641,0,0,1,0,0.258,0
ORD-10547,Zilmil Mander,Fashion,2122.08,0,4,0.403,39,0,0,0,1,0.511,0
ORD-10548,Zashil Hegde,Fitness,13926.13,0,17,0.187,84,0,0,0,1,0.246,0
ORD-10549,Jeremiah Mitter,Fitness,1902.02,0,8,0.008,92,0,0,0,1,0.347,0
ORD-10550,Yadavi Ganguly,Electronics,11841.9,1,26,0.107,104,0,0,0,0,0.406,0
ORD-10551,Onveer Nazareth,Fashion,1912.24,0,17,0.396,191,1,0,0,0,0.174,1
ORD-10552,Ayush Bumb,Home & Kitchen,4849.92,1,12,0.091,11,1,0,0,1,0.139,0
ORD-10553,Alka Kade,Fitness,4188.84,0,4,0.299,138,0,1,0,0,0.649,1
ORD-10554,Azaan Tank,Mobiles,3577.7,0,11,0.222,309,0,1,0,0,0.202,1
ORD-10555,Chasmum Subramanian,Fashion,4044.12,0,5,0.275,158,0,0,0,0,0.163,0
ORD-10556,Nidra Mishra,Home & Kitchen,6779.72,1,15,0.0,365,0,0,0,0,0.311,1
ORD-10557,Elijah Bhasin,Mobiles,17070.23,1,27,0.287,57,0,0,0,0,0.249,1
ORD-10558,Ria Sagar,Mobiles,8076.76,0,23,0.46,65,0,0,0,0,0.601,1
ORD-10559,Ucchal Jani,Mobiles,3819.39,0,23,0.158,64,0,0,0,0,0.159,0
ORD-10560,Maanas Munshi,Beauty,4377.68,0,12,0.114,224,0,0,0,0,0.29,1
ORD-10561,Hemani Rastogi,Mobiles,2979.35,1,18,0.234,198,0,0,1,0,0.135,0
ORD-10562,Kamala Varma,Home & Kitchen,3158.86,1,8,0.228,191,0,0,0,0,0.485,0
ORD-10563,Eiravati Khurana,Fitness,2872.64,1,5,0.297,20,1,0,0,0,0.405,0
ORD-10564,Jason Loke,Home & Kitchen,3135.63,1,4,0.187,121,0,0,1,0,0.279,1
ORD-10565,Yug Dhaliwal,Home & Kitchen,4053.24,1,15,0.305,64,0,1,1,1,0.431,1
ORD-10566,Chandresh Mannan,Fashion,6901.86,0,28,0.513,503,0,0,0,1,0.507,1
ORD-10567,Omya Kothari,Fitness,12409.47,1,17,0.425,56,1,0,0,1,0.514,1
ORD-10568,Falak Munshi,Mobiles,4194.35,0,14,0.195,31,0,0,1,1,0.139,0
ORD-10569,Nathaniel Tara,Beauty,9801.48,1,9,0.136,27,0,0,0,0,0.261,0
ORD-10570,Wishi Morar,Fitness,6516.85,1,4,0.144,243,1,0,1,1,0.33,0
ORD-10571,Arin Chana,Fashion,6263.31,0,9,0.314,36,0,1,0,1,0.303,0
ORD-10572,Yashasvi Shankar,Home & Kitchen,3167.28,1,5,0.342,202,0,0,0,0,0.478,0
ORD-10573,Tanveer Pandit,Electronics,3410.89,0,17,0.283,94,0,0,0,0,0.214,0
ORD-10574,Chandresh Manda,Fashion,1811.09,0,8,0.185,95,1,0,0,0,0.543,1
ORD-10575,Upma Mangal,Home & Kitchen,5985.48,1,6,0.144,457,0,0,0,0,0.327,0
ORD-10576,Hritik Sankar,Beauty,10003.18,0,13,0.25,193,1,0,0,0,0.132,1
ORD-10577,Aishani Pau,Home & Kitchen,7134.23,0,21,0.079,169,0,0,1,0,0.472,1
ORD-10578,Jasmit Bath,Fashion,7778.03,1,20,0.349,395,0,0,0,0,0.265,0
ORD-10579,Charan Hayer,Beauty,6063.85,0,17,0.255,139,0,0,0,0,0.138,0
ORD-10580,Bhavya Borah,Fitness,3921.0,0,17,0.095,63,1,0,0,1,0.315,0
ORD-10581,Yamini Seshadri,Home & Kitchen,2845.37,1,18,0.479,180,0,0,0,0,0.304,1
ORD-10582,Jagat Dave,Home & Kitchen,4099.69,1,11,0.686,316,2,0,0,0,0.61,1
ORD-10583,Meera Prakash,Fitness,2271.89,1,29,0.119,211,0,0,1,1,0.288,0
ORD-10584,Jasmit Dhawan,Fashion,6533.32,1,10,0.227,14,0,0,0,0,0.167,0
ORD-10585,Yashodhara Ratti,Fashion,6467.38,1,16,0.147,527,0,0,0,1,0.14,0
ORD-10586,Chakradev Barad,Fitness,2067.12,1,13,0.18,106,1,0,0,0,0.314,1
ORD-10587,Gauri Som,Fitness,3899.27,1,6,0.319,140,0,0,0,0,0.362,1
ORD-10588,Manthan Varma,Electronics,3560.3,0,14,0.206,44,0,0,0,0,0.195,0
ORD-10589,Falak Nagar,Home & Kitchen,3487.81,1,10,0.165,437,0,0,0,0,0.477,0
ORD-10590,Maya Mistry,Mobiles,4241.38,1,16,0.45,3,1,0,0,1,0.235,1
ORD-10591,Yashica Upadhyay,Electronics,1917.39,0,15,0.29,11,1,0,1,0,0.49,1
ORD-10592,Chandani Soman,Mobiles,3079.82,1,2,0.413,277,0,0,0,0,0.267,1
ORD-10593,Jyoti Narula,Fashion,11814.48,0,5,0.291,29,0,0,0,0,0.356,1
ORD-10594,Omaja Morar,Home & Kitchen,1950.92,0,4,0.175,333,0,0,0,0,0.034,1
ORD-10595,Urvi Lanka,Mobiles,3158.89,0,7,0.367,163,0,0,0,0,0.223,1
ORD-10596,Charan Srinivasan,Home & Kitchen,4177.48,0,11,0.0,122,0,0,0,0,0.122,0
ORD-10597,Lajita Divan,Fitness,3460.54,1,16,0.21,51,0,0,0,0,0.286,1
ORD-10598,Azad Choudhary,Mobiles,4200.7,0,10,0.363,231,0,0,1,0,0.485,0
ORD-10599,Anirudh Sastry,Beauty,9656.19,1,20,0.335,417,1,0,0,0,0.388,0
ORD-10600,Omya Doshi,Home & Kitchen,2162.42,1,13,0.18,30,0,0,0,0,0.17,0
ORD-10601,Samar Roy,Mobiles,3193.3,0,18,0.686,642,1,0,0,0,0.442,1
ORD-10602,David Devi,Electronics,6593.61,1,6,0.322,139,1,0,0,0,0.268,1
ORD-10603,Ekta Sridhar,Beauty,3838.67,0,26,0.047,66,0,0,0,0,0.252,0
ORD-10604,Dipta Ghose,Electronics,3400.0,1,10,0.132,73,0,0,0,0,0.251,1
ORD-10605,Hema Pandya,Fashion,4340.48,1,14,0.077,25,0,0,0,1,0.115,0
ORD-10606,Veda Handa,Electronics,4425.97,0,3,0.196,104,0,0,0,0,0.504,0
ORD-10607,Arya Misra,Beauty,5494.96,0,17,0.263,201,1,0,0,0,0.408,1
ORD-10608,Chameli Mani,Home & Kitchen,5087.07,0,20,0.189,5,0,0,0,0,0.134,0
ORD-10609,Vrinda Nadig,Fitness,2027.36,1,20,0.13,297,0,0,0,0,0.36,0
ORD-10610,Ikshita Mahal,Mobiles,12909.14,0,16,0.181,24,0,0,0,0,0.085,0
ORD-10611,Jairaj Raghavan,Home & Kitchen,4679.32,0,23,0.271,335,0,0,0,1,0.292,0
ORD-10612,Hemani Dhingra,Electronics,14372.28,1,10,0.327,1070,0,0,0,0,0.189,0
ORD-10613,Brijesh Mani,Electronics,3936.27,0,10,0.29,225,1,0,0,0,0.167,1
ORD-10614,Hiral Sathe,Electronics,5119.66,1,25,0.391,226,0,1,0,0,0.298,1
ORD-10615,Varenya Kala,Fitness,4166.88,0,3,0.139,109,1,0,0,0,0.38,0
ORD-10616,Anika Magar,Electronics,6588.54,1,4,0.364,176,0,0,0,0,0.263,1
ORD-10617,Ikbal Khatri,Electronics,697.35,1,18,0.109,6,0,0,0,1,0.081,0
ORD-10618,Chandresh Wali,Fitness,2402.55,0,12,0.321,151,0,0,0,1,0.242,0
ORD-10619,Viraj Ben,Fashion,3006.73,0,10,0.249,210,0,0,0,0,0.259,0
ORD-10620,Odika Narayanan,Fashion,11073.88,0,9,0.308,153,0,0,0,0,0.096,1
ORD-10621,Harish Devan,Mobiles,5338.27,0,18,0.285,382,0,0,0,0,0.205,1
ORD-10622,Nakul Ray,Mobiles,11105.77,1,17,0.299,63,1,0,0,1,0.506,0
ORD-10623,Vansha Iyengar,Fitness,11178.48,1,8,0.083,746,0,1,0,0,0.291,0
ORD-10624,Ekani Mangal,Fashion,1492.75,1,13,0.165,133,0,0,0,0,0.331,0
ORD-10625,Gaurav Kata,Home & Kitchen,1606.84,0,16,0.176,20,0,0,0,0,0.401,0
ORD-10626,Parth Sahni,Electronics,9289.63,1,22,0.171,629,0,0,0,0,0.151,0
ORD-10627,Balhaar Ranganathan,Fashion,3975.76,1,31,0.336,102,0,0,0,1,0.455,1
ORD-10628,Quincy Mann,Fitness,2087.65,0,6,0.254,254,1,0,0,0,0.161,0
ORD-10629,Aditya Misra,Electronics,4025.37,0,16,0.193,1418,0,0,0,0,0.407,1
ORD-10630,Gautami Mane,Beauty,6001.03,0,32,0.179,205,0,0,0,0,0.118,0
ORD-10631,Wakeeta Desai,Electronics,2271.83,1,9,0.669,70,0,0,0,0,0.3,1
ORD-10632,Anjali Hans,Home & Kitchen,3054.16,0,6,0.399,454,1,0,0,0,0.355,0
ORD-10633,Ganga Gaba,Fitness,6421.03,0,20,0.05,226,0,0,1,0,0.503,0
ORD-10634,Aarini Grewal,Mobiles,6307.93,1,19,0.182,197,0,0,0,0,0.089,0
ORD-10635,Geetika Merchant,Home & Kitchen,1769.1,0,6,0.297,240,0,0,0,0,0.195,1
ORD-10636,Parth Ravi,Electronics,3500.87,0,24,0.396,133,1,0,0,0,0.446,0
ORD-10637,Yutika Narang,Fitness,5634.29,0,16,0.043,419,0,0,1,1,0.045,0
ORD-10638,Nandini Chandran,Fitness,12961.25,1,15,0.209,525,0,0,0,1,0.384,0
ORD-10639,Logan Sood,Mobiles,2179.62,1,2,0.35,178,1,0,0,0,0.098,1
ORD-10640,Yuvraj Ahuja,Home & Kitchen,2111.47,1,4,0.425,647,0,0,0,1,0.779,1
ORD-10641,Leela Keer,Electronics,4658.99,0,27,0.146,20,0,0,0,1,0.17,0
ORD-10642,Amara Narayan,Mobiles,21263.81,0,22,0.34,425,0,0,0,0,0.324,1
ORD-10643,Advay Lal,Home & Kitchen,3939.71,0,6,0.425,185,0,0,1,0,0.854,1
ORD-10644,Warinder Bhatia,Mobiles,6737.58,1,7,0.242,137,0,1,1,0,0.357,1
ORD-10645,Udyati Mohanty,Home & Kitchen,8856.2,0,20,0.1,278,0,0,0,0,0.213,0
ORD-10646,Nidra Thakkar,Mobiles,3031.35,0,8,0.257,66,0,0,0,1,0.109,0
ORD-10647,Jacob Merchant,Beauty,5988.74,1,9,0.276,897,0,0,0,0,0.276,0
ORD-10648,Timothy Kanda,Home & Kitchen,2521.25,0,13,0.317,316,0,0,0,1,0.346,0
ORD-10649,Vanya Dua,Fashion,2619.9,1,6,0.207,141,0,0,0,0,0.364,0
ORD-10650,Kashvi Sagar,Fitness,6550.8,1,6,0.53,50,0,0,0,1,0.249,1
ORD-10651,Tejas Kota,Electronics,10228.5,1,6,0.288,89,0,0,0,0,0.238,1
ORD-10652,Sanya Wable,Electronics,5176.48,0,22,0.267,209,0,0,0,0,0.327,0
ORD-10653,Faras Choudhury,Mobiles,7860.95,1,21,0.18,583,0,0,0,0,0.058,0
ORD-10654,Yashasvi Jain,Home & Kitchen,14360.76,0,5,0.099,16,0,0,0,0,0.149,0
ORD-10655,Nitesh Narang,Fashion,10276.45,0,12,0.485,168,2,0,0,0,0.312,1
ORD-10656,Jackson Jha,Electronics,4810.05,1,11,0.2,107,1,0,0,1,0.212,1
ORD-10657,Gavin Uppal,Fashion,36379.87,0,8,0.366,87,0,0,0,0,0.186,0
ORD-10658,Christopher Setty,Fitness,1636.48,0,12,0.322,654,0,0,0,0,0.291,1
ORD-10659,Yochana Sagar,Electronics,1849.23,0,10,0.32,191,1,0,0,1,0.445,0
ORD-10660,Dalbir Shere,Electronics,8794.1,1,8,0.133,219,0,0,0,0,0.42,0
ORD-10661,Anthony Randhawa,Electronics,2639.21,0,8,0.279,151,0,0,0,1,0.246,0
ORD-10662,Aarush Kamdar,Mobiles,13231.06,0,17,0.662,176,3,0,0,0,0.409,1
ORD-10663,Chakradev Sampath,Mobiles,5420.85,1,13,0.388,181,1,0,0,0,0.404,1
ORD-10664,Devansh Bhasin,Fashion,4889.32,0,7,0.175,103,0,0,0,1,0.295,0
ORD-10665,Urmi Balay,Mobiles,10600.9,1,10,0.903,134,0,0,1,1,0.677,1
ORD-10666,Nilima Gole,Home & Kitchen,7824.86,1,19,0.046,437,0,0,0,1,0.218,0
ORD-10667,Osha Prasad,Electronics,2538.34,0,8,0.207,277,0,0,0,0,0.675,0
ORD-10668,Saumya Purohit,Fitness,1604.34,1,7,0.226,97,1,1,0,1,0.118,0
ORD-10669,Faris Zacharia,Beauty,3598.28,1,33,0.11,286,0,0,0,0,0.231,0
ORD-10670,Ijaya Dani,Electronics,2353.53,1,6,0.126,296,1,0,0,0,0.183,1
ORD-10671,Maya Wadhwa,Mobiles,2600.77,0,11,0.146,515,0,0,0,0,0.179,0
ORD-10672,Udant Aggarwal,Electronics,4829.98,1,18,0.257,227,0,0,0,0,0.126,0
ORD-10673,Chanchal Sheth,Electronics,1906.09,0,4,0.119,8,0,0,0,0,0.21,0
ORD-10674,Ladli Karpe,Fashion,1355.41,0,16,0.234,100,1,0,0,0,0.097,0
ORD-10675,Triveni Pal,Fashion,3694.98,0,6,0.207,138,0,0,0,0,0.217,0
ORD-10676,Anya Gulati,Beauty,6009.25,0,10,0.232,289,1,0,0,0,0.275,0
ORD-10677,Azad Saini,Electronics,4121.2,1,5,0.26,10,1,0,0,0,0.662,0
ORD-10678,Wridesh Jhaveri,Home & Kitchen,6564.34,1,8,0.526,70,2,0,1,1,0.797,1
ORD-10679,Harrison Bandi,Mobiles,1142.3,0,11,0.261,37,0,1,0,1,0.295,1
ORD-10680,Chanakya Konda,Fashion,2255.81,0,9,0.347,264,0,0,0,0,0.34,0
ORD-10681,Neelima Sarna,Mobiles,3412.66,0,12,0.426,435,0,0,0,1,0.606,0
ORD-10682,Teerth Bhalla,Beauty,12338.58,1,17,0.23,4,0,1,0,0,0.107,1
ORD-10683,Yahvi Mann,Electronics,4607.47,1,32,0.285,3,0,0,1,1,0.597,0
ORD-10684,Eiravati Nagi,Beauty,2674.37,1,31,0.439,466,1,0,0,0,0.231,1
ORD-10685,Chasmum Dhar,Electronics,12720.77,1,16,0.157,166,0,0,0,0,0.193,0
ORD-10686,Odika Mital,Mobiles,3116.23,1,19,0.428,414,1,0,0,0,0.215,1
ORD-10687,Darsh Gill,Fashion,1827.21,1,4,0.751,44,0,1,1,1,0.404,1
ORD-10688,Warhi Batta,Beauty,3034.02,0,3,0.407,42,0,0,0,0,0.259,0
ORD-10689,Lakshmi Vohra,Mobiles,2818.52,0,25,0.268,875,1,0,0,0,0.139,0
ORD-10690,Omaja Rege,Fitness,1173.94,0,19,0.162,482,0,1,1,1,0.222,0
ORD-10691,Charita Puri,Mobiles,27911.32,0,37,0.231,27,1,0,0,0,0.152,0
ORD-10692,Urvashi Khosla,Electronics,3753.31,0,14,0.489,686,2,0,1,0,0.59,0
ORD-10693,Charita Dhawan,Electronics,8110.64,0,29,0.769,111,0,0,0,0,0.372,1
ORD-10694,Dalbir Sachar,Mobiles,1530.32,0,23,0.379,412,0,0,0,1,0.269,0
ORD-10695,Krish Rama,Mobiles,1358.32,1,13,0.324,290,0,0,0,0,0.236,1
ORD-10696,Aadhya Jani,Electronics,3465.83,0,5,0.126,421,0,0,0,0,0.452,0
ORD-10697,Farhan Sengupta,Fitness,1883.95,1,17,0.299,60,0,0,0,0,0.343,0
ORD-10698,George Wason,Mobiles,3469.41,0,10,0.234,189,0,0,0,0,0.378,1
ORD-10699,Charan Loyal,Electronics,3622.47,0,8,0.571,124,3,1,0,0,0.494,1
ORD-10700,Balveer Bora,Fitness,4799.6,1,7,0.263,132,0,0,0,0,0.61,0
ORD-10701,Teerth Srinivas,Fitness,11851.98,0,18,0.389,234,1,1,0,0,0.41,1
ORD-10702,Gaurangi Mitter,Home & Kitchen,4675.2,1,9,0.092,365,0,0,0,0,0.528,0
ORD-10703,Siddharth Gupta,Fashion,9912.49,0,5,0.442,180,0,0,0,0,0.359,0
ORD-10704,Varenya Kibe,Fashion,16219.16,1,16,0.242,72,0,0,0,1,0.259,1
ORD-10705,Mekhala Khatri,Fashion,7415.22,1,12,0.243,166,0,0,0,1,0.138,0
ORD-10706,Barkha Rai,Electronics,8759.94,0,14,0.087,229,0,0,0,0,0.239,0
ORD-10707,Jagrati Morar,Fitness,3802.98,0,7,0.178,78,1,0,0,0,0.185,0
ORD-10708,Jagvi Varghese,Fashion,2263.05,0,11,0.277,133,0,1,0,0,0.457,1
ORD-10709,Unnati Chaudhari,Fashion,6992.83,1,19,0.327,56,0,0,0,0,0.528,1
ORD-10710,Ekaja Jani,Electronics,4640.79,1,13,0.263,98,0,0,0,1,0.088,0
ORD-10711,Dhriti Sachdev,Home & Kitchen,3910.16,1,15,0.079,1149,0,0,0,0,0.364,0
ORD-10712,Timothy Dhingra,Beauty,17274.97,0,10,0.145,350,0,0,0,0,0.102,1
ORD-10713,Advika Sahni,Electronics,1346.03,0,23,0.414,62,0,0,0,0,0.409,0
ORD-10714,Michael Hayre,Electronics,2643.0,1,21,0.225,565,0,0,0,1,0.273,0
ORD-10715,Victor Raghavan,Home & Kitchen,869.48,1,13,0.249,196,0,0,0,0,0.513,0
ORD-10716,Xalak Nazareth,Mobiles,2438.72,0,30,0.1,59,0,0,1,0,0.271,0
ORD-10717,Vrinda Swaminathan,Mobiles,1288.91,0,21,0.221,91,0,0,0,1,0.089,1
ORD-10718,Om Pandey,Mobiles,5827.75,0,11,0.292,136,0,1,0,0,0.157,1
ORD-10719,Logan Suresh,Fashion,5906.53,1,8,0.213,628,0,0,0,0,0.266,1
ORD-10720,Daniel Viswanathan,Fashion,5959.01,0,14,0.326,220,0,0,0,1,0.372,0
ORD-10721,Falan Bava,Mobiles,1433.85,1,24,0.345,48,0,0,0,0,0.196,1
ORD-10722,Nitara Devan,Fashion,3278.74,0,12,0.186,9,0,0,0,0,0.098,0
ORD-10723,Ekansh Dora,Home & Kitchen,25648.46,0,5,0.341,44,1,0,0,0,0.35,1
ORD-10724,Tejas Tiwari,Fitness,2640.27,0,12,0.204,42,0,0,0,1,0.501,0
ORD-10725,Kashvi Bhasin,Electronics,4938.98,0,11,0.327,199,0,0,0,0,0.304,1
ORD-10726,Vinaya Babu,Mobiles,8589.76,0,12,0.178,258,0,0,1,0,0.089,0
ORD-10727,Nisha Arora,Electronics,4223.11,1,9,0.198,159,0,0,0,0,0.393,1
ORD-10728,Anvi Wason,Electronics,6428.17,0,17,0.136,116,1,0,0,1,0.116,0
ORD-10729,Anay Thakkar,Electronics,10851.82,0,8,0.22,739,0,0,0,0,0.196,0
ORD-10730,Praneel Chhabra,Beauty,3637.31,0,7,0.177,95,0,0,0,1,0.27,0
ORD-10731,Manthan Khosla,Home & Kitchen,1841.93,0,17,0.186,312,0,0,0,1,0.239,1
ORD-10732,Zayyan Pandya,Electronics,10036.3,0,16,0.114,5,0,0,1,1,0.193,0
ORD-10733,Mekhala Brar,Beauty,3766.87,1,5,0.202,187,1,0,0,0,0.357,1
ORD-10734,Nidra Sharaf,Beauty,2358.96,0,5,0.209,697,0,0,0,0,0.635,0
ORD-10735,Upkaar Mital,Mobiles,8673.47,1,9,0.254,50,0,0,1,0,0.248,1
ORD-10736,Azad Chander,Mobiles,18426.3,0,11,0.319,280,0,0,1,0,0.278,1
ORD-10737,Ladli Purohit,Beauty,4940.93,1,9,0.541,28,1,0,1,0,0.475,1
ORD-10738,Daksh Andra,Fitness,3731.11,0,9,0.162,76,1,0,0,0,0.171,1
ORD-10739,Fitan Tata,Home & Kitchen,1455.97,1,14,0.104,400,0,0,0,1,0.058,0
ORD-10740,Garima Chandran,Electronics,8771.22,0,21,0.214,454,0,0,0,1,0.611,0
ORD-10741,Victor Kakar,Fashion,2658.61,1,8,0.115,138,0,0,1,0,0.18,1
ORD-10742,Anika Batra,Electronics,8718.53,0,7,0.28,70,1,0,0,0,0.275,1
ORD-10743,Avni Bali,Electronics,9417.76,1,15,0.349,181,0,0,0,0,0.281,0
ORD-10744,Divya Babu,Electronics,10940.09,0,14,0.192,80,1,0,0,1,0.422,1
ORD-10745,Maanas Rao,Mobiles,2932.39,0,9,0.421,52,0,0,0,0,0.41,1
ORD-10746,Chandani Gaba,Home & Kitchen,4653.65,1,19,0.271,179,0,1,0,0,0.19,1
ORD-10747,Lopa Zachariah,Fashion,9214.9,0,6,0.478,384,1,0,0,0,0.595,1
ORD-10748,Leena Dey,Fashion,4137.6,0,25,0.25,207,0,0,0,1,0.21,1
ORD-10749,Xiti Pal,Fashion,8080.83,1,5,0.261,818,0,0,1,0,0.368,1
ORD-10750,Guneet Sarkar,Electronics,8839.68,1,19,0.182,431,0,0,0,1,0.324,0
ORD-10751,Faqid Oak,Home & Kitchen,10463.27,0,16,0.28,33,0,0,0,0,0.189,0
ORD-10752,Eta Balan,Home & Kitchen,5931.17,1,16,0.375,176,0,0,1,0,0.47,1
ORD-10753,Shravya Swaminathan,Mobiles,10623.54,1,19,0.412,94,0,0,0,0,0.557,1
ORD-10754,Ishani Prashad,Home & Kitchen,8333.15,0,14,0.254,367,0,0,0,0,0.121,0
ORD-10755,Quincy Rai,Fashion,7715.94,1,4,0.842,201,1,1,0,1,0.555,1
ORD-10756,Chakrika Koshy,Mobiles,3485.67,1,25,0.374,22,1,0,1,0,0.369,0
ORD-10757,Fitan Loyal,Fashion,2661.52,1,14,0.276,124,0,0,0,1,0.615,1
ORD-10758,Lajita Dube,Electronics,3490.37,1,18,0.097,1,0,0,0,1,0.437,0
ORD-10759,Edhitha Patel,Fitness,11922.97,1,4,0.11,178,0,0,0,0,0.369,1
ORD-10760,Gavin Ahluwalia,Beauty,2868.11,0,8,0.0,384,0,0,0,0,0.275,0
ORD-10761,Sai Parsa,Home & Kitchen,9422.37,0,17,0.428,223,1,0,0,0,0.242,1
ORD-10762,Harsh Deo,Electronics,4902.19,0,6,0.111,463,0,0,0,0,0.11,0
ORD-10763,Rachit Sankar,Fashion,3570.14,1,17,0.44,68,0,0,0,0,0.229,1
ORD-10764,Yauvani Reddy,Home & Kitchen,6374.9,1,22,0.169,279,2,0,0,1,0.285,0
ORD-10765,Atharv Chakraborty,Fashion,6127.85,1,18,0.171,164,0,0,0,0,0.094,0
ORD-10766,Girik Nair,Mobiles,4660.42,1,1,0.453,82,0,0,0,0,0.669,1
ORD-10767,Advik Manne,Mobiles,3758.69,0,22,0.197,63,0,0,0,0,0.169,0
ORD-10768,Lipika Chad,Electronics,5196.75,1,35,0.173,102,0,0,1,0,0.226,0
ORD-10769,Omkaar Rai,Electronics,3196.52,0,8,0.153,547,0,0,0,0,0.354,0
ORD-10770,Liam Luthra,Beauty,8750.94,0,7,0.15,164,1,0,0,0,0.354,0
ORD-10771,Amrita Tailor,Mobiles,16860.01,0,17,0.393,510,1,0,0,0,0.344,1
ORD-10772,Dev Ganesh,Electronics,5887.84,0,5,0.491,244,0,0,0,0,0.238,0
ORD-10773,Anya Sama,Mobiles,4872.4,1,11,0.13,104,0,0,0,1,0.283,0
ORD-10774,Veda Bose,Fashion,9063.58,1,7,0.368,1,0,1,0,1,0.332,1
ORD-10775,Zayan Koshy,Electronics,7162.8,1,17,0.171,434,0,0,0,0,0.115,0
ORD-10776,Rohan Shankar,Fitness,4697.49,1,9,0.122,114,1,0,0,1,0.208,1
ORD-10777,Krishna Modi,Home & Kitchen,1262.31,1,36,0.214,15,0,0,1,0,0.306,0
ORD-10778,Meghana Natarajan,Electronics,1832.5,1,27,0.258,125,0,0,0,0,0.537,1
ORD-10779,Forum Sarraf,Home & Kitchen,9710.74,0,32,0.111,288,0,0,1,0,0.023,0
ORD-10780,Qushi Deshpande,Mobiles,2350.64,1,11,0.17,216,0,0,0,0,0.44,0
ORD-10781,Ekani Iyer,Home & Kitchen,6880.69,1,28,0.214,102,0,0,0,0,0.19,0
ORD-10782,Dipta Goel,Fashion,3968.66,1,15,0.16,36,0,1,0,1,0.407,1
ORD-10783,Eiravati Manne,Beauty,6490.81,0,19,0.243,395,1,1,1,0,0.659,0
ORD-10784,Xavier Nanda,Mobiles,5121.79,0,6,0.479,91,1,1,0,1,0.435,1
ORD-10785,Avni Ramaswamy,Electronics,4269.92,1,24,0.359,110,0,0,0,0,0.346,1
ORD-10786,Ishaan Iyengar,Fitness,599.55,0,34,0.302,218,0,0,0,1,0.263,0
ORD-10787,Avi Shenoy,Home & Kitchen,3303.67,1,9,0.383,128,1,0,0,0,0.403,1
ORD-10788,Raksha Manne,Electronics,4499.05,0,14,0.401,619,0,1,0,1,0.47,0
ORD-10789,Nilima Tata,Home & Kitchen,1773.22,0,20,0.195,50,1,1,0,0,0.266,1
ORD-10790,Chavvi Khurana,Fashion,1637.99,0,13,0.099,207,0,0,0,0,0.066,0
ORD-10791,Mitesh Sampath,Electronics,2717.73,0,34,0.175,349,0,0,0,1,0.318,1
ORD-10792,Ethan Sen,Fitness,8151.14,1,9,0.204,304,0,0,0,0,0.55,0
ORD-10793,Nandini Warrior,Home & Kitchen,7580.7,1,5,0.2,64,0,0,0,0,0.149,0
ORD-10794,Balhaar Parsa,Mobiles,3082.74,0,10,0.389,412,0,0,1,0,0.425,1
ORD-10795,Ikbal Kothari,Electronics,3380.14,0,23,0.235,318,0,0,1,0,0.543,0
ORD-10796,Ojas Basu,Home & Kitchen,18402.96,0,14,0.297,379,1,0,0,1,0.125,0
ORD-10797,Garima Sani,Mobiles,5975.17,1,8,0.705,4,2,0,0,1,0.566,1
ORD-10798,Advaith Chaudhari,Beauty,3658.91,0,10,0.245,254,0,0,0,0,0.268,1
ORD-10799,Tristan Uppal,Mobiles,9269.88,0,18,0.359,163,0,0,0,0,0.382,1
ORD-10800,Sanaya Prasad,Fitness,1557.58,0,9,0.171,86,0,0,0,0,0.336,0
ORD-10801,Ubika Tella,Beauty,3449.17,0,11,0.396,24,2,0,0,0,0.295,0
ORD-10802,Hemani Bakshi,Mobiles,5149.33,0,25,0.749,75,1,0,0,1,0.275,1
ORD-10803,Henry Merchant,Beauty,8233.23,0,15,0.038,441,0,0,0,1,0.303,0
ORD-10804,Frederick D’Alia,Home & Kitchen,7019.11,0,10,0.086,124,0,0,0,0,0.211,0
ORD-10805,Ijaya Muni,Home & Kitchen,5329.21,1,20,0.264,14,0,0,0,1,0.289,1
ORD-10806,Tamanna Jhaveri,Electronics,8975.66,0,7,0.313,439,0,1,0,0,0.461,0
ORD-10807,Ijaya Soni,Mobiles,4227.27,0,8,0.187,446,0,1,0,0,0.171,0
ORD-10808,Raksha Sethi,Fitness,6168.53,1,10,0.141,53,0,0,0,0,0.433,1
ORD-10809,Ekalinga Mital,Beauty,4724.79,1,20,0.285,680,0,0,0,0,0.262,0
ORD-10810,Ishwar Bajaj,Fitness,1490.67,0,10,0.292,271,1,0,0,0,0.32,0
ORD-10811,Ikbal Gala,Electronics,5284.16,0,7,0.502,118,0,0,0,0,0.306,1
ORD-10812,Zaitra Ghosh,Fitness,7420.38,0,15,0.27,25,1,1,0,0,0.472,1
ORD-10813,Ganga Sandhu,Mobiles,2653.76,0,20,0.197,300,0,0,0,1,0.508,0
ORD-10814,Vincent Ravel,Electronics,1986.91,0,7,0.539,71,1,0,0,1,0.285,1
ORD-10815,Quincy Sankaran,Mobiles,8040.38,0,11,0.392,306,0,0,0,0,0.288,1
ORD-10816,Ayush Hora,Home & Kitchen,7543.57,0,15,0.247,44,0,0,0,1,0.205,0
ORD-10817,Pushti Ramachandran,Mobiles,3019.77,0,16,0.247,4,0,0,1,1,0.347,0
ORD-10818,Tanish Jha,Fashion,7428.22,0,13,0.262,235,0,0,0,0,0.332,0
ORD-10819,Dev Chaudry,Fashion,4737.68,1,13,0.296,214,1,0,0,0,0.097,0
ORD-10820,Jasmit Nanda,Electronics,11477.01,0,23,0.298,229,0,0,0,0,0.291,1
ORD-10821,Tanvi Comar,Beauty,3549.26,0,9,0.051,378,0,0,1,1,0.263,0
ORD-10822,Vrishti Wable,Home & Kitchen,4469.74,1,16,0.529,71,2,0,0,0,0.388,1
ORD-10823,Lipika Ramanathan,Mobiles,6255.61,1,17,0.195,1328,0,0,0,0,0.513,1
ORD-10824,Ijaya Pandey,Home & Kitchen,3204.35,1,12,0.209,849,0,0,0,0,0.523,0
ORD-10825,Orinder Mishra,Electronics,3359.87,1,6,0.281,60,2,0,1,0,0.119,1
ORD-10826,Krish Munshi,Mobiles,3527.48,1,21,0.307,200,0,0,1,0,0.267,1
ORD-10827,William Mody,Home & Kitchen,6099.3,0,18,0.309,565,2,0,0,0,0.202,1
ORD-10828,Qadim Prakash,Fashion,4243.2,0,9,0.212,659,0,0,1,1,0.099,0
ORD-10829,Yasti Rama,Fashion,11101.93,1,13,0.548,2103,0,0,0,1,0.321,1
ORD-10830,Lakshit Rajagopal,Home & Kitchen,3084.01,1,20,0.195,55,0,0,0,0,0.412,0
ORD-10831,Quincy Sur,Electronics,3018.25,0,31,0.164,125,0,0,0,0,0.11,0
ORD-10832,Ojas Suri,Mobiles,6150.88,0,8,0.36,9,0,0,0,0,0.381,0
ORD-10833,Logan Grover,Mobiles,3021.78,1,9,0.27,896,0,0,0,0,0.142,0
ORD-10834,Shravya Bera,Fitness,1630.37,1,14,0.31,120,0,0,0,0,0.34,1
ORD-10835,Aditya Sundaram,Electronics,8355.0,0,7,0.402,319,0,1,0,0,0.286,0
ORD-10836,Robert Rajagopalan,Fashion,2565.96,1,17,0.198,111,1,0,0,1,0.335,1
ORD-10837,Nilima Swamy,Fashion,6214.95,0,4,0.37,357,0,0,0,0,0.232,1
ORD-10838,Sachi Suresh,Home & Kitchen,2909.57,1,19,0.151,1500,0,0,0,1,0.295,1
ORD-10839,Fitan Balasubramanian,Fashion,2341.39,1,12,0.16,596,1,0,0,0,0.128,0
ORD-10840,Brinda Bali,Fitness,6051.87,0,24,0.149,146,0,0,0,0,0.38,0
ORD-10841,Umang Yogi,Fashion,11424.69,0,14,0.178,35,0,0,0,0,0.325,0
ORD-10842,Om Shankar,Fitness,4799.17,1,23,0.195,262,0,0,0,0,0.262,1
ORD-10843,Yasti Chowdhury,Mobiles,3481.72,1,17,0.439,86,1,1,0,0,0.464,1
ORD-10844,Amrita Peri,Home & Kitchen,9005.49,1,10,0.222,107,0,0,0,0,0.095,0
ORD-10845,Ridhi Kamdar,Fashion,2636.96,1,22,0.27,419,0,0,0,1,0.252,0
ORD-10846,Harsh Kota,Mobiles,3547.52,1,10,0.29,11,1,0,1,0,0.338,0
ORD-10847,Bachittar Sengupta,Mobiles,3708.93,1,13,0.337,26,1,1,0,0,0.218,1
ORD-10848,Ijaya Chahal,Mobiles,6251.5,0,6,0.271,169,0,0,0,1,0.253,0
ORD-10849,Jacob Khalsa,Mobiles,1690.77,0,8,0.222,181,0,0,1,0,0.183,0
ORD-10850,Indali Sangha,Home & Kitchen,4931.87,0,24,0.127,9,0,1,0,0,0.221,0
ORD-10851,Liam Jhaveri,Electronics,4747.14,0,11,0.04,148,0,1,0,0,0.308,0
ORD-10852,Daniel Panchal,Home & Kitchen,7664.54,1,11,0.372,497,0,0,0,1,0.177,1
ORD-10853,Om Naik,Fashion,5386.19,0,14,0.165,139,0,0,1,1,0.027,1
ORD-10854,Bimala Loke,Home & Kitchen,7779.57,0,12,0.241,450,1,0,0,0,0.711,1
ORD-10855,Krishna Sabharwal,Home & Kitchen,5254.13,1,16,0.0,90,0,0,1,0,0.281,0
ORD-10856,Aradhana Date,Fashion,24274.93,1,11,0.636,157,1,0,0,1,0.58,1
ORD-10857,Zaid Dhingra,Fashion,3066.87,1,6,0.2,106,0,0,0,0,0.213,0
ORD-10858,Yug Ramaswamy,Home & Kitchen,3287.02,1,14,0.461,2,0,0,0,0,0.626,1
ORD-10859,Lucky Luthra,Mobiles,8290.58,0,13,0.199,178,1,0,1,0,0.373,0
ORD-10860,Keya Seth,Fitness,5962.14,0,17,0.071,128,0,0,0,0,0.483,0
ORD-10861,Girik Rau,Electronics,13809.58,0,14,0.264,192,0,0,0,0,0.307,0
ORD-10862,Jyoti Sha,Home & Kitchen,6527.25,0,9,0.027,106,0,0,0,1,0.212,0
ORD-10863,Falak Agate,Fashion,1330.29,0,2,0.259,39,0,0,0,0,0.346,1
ORD-10864,Tara Parmar,Electronics,2668.75,0,13,0.248,126,1,0,0,0,0.403,0
ORD-10865,Mitali Kamdar,Fitness,6540.36,0,14,0.004,9,0,0,0,0,0.422,0
ORD-10866,Siddharth Talwar,Fashion,6359.9,1,5,0.281,61,1,0,0,0,0.299,1
ORD-10867,Ekantika Mander,Beauty,1357.22,0,3,0.355,68,1,0,0,1,0.27,0
ORD-10868,Kalpit Sundaram,Home & Kitchen,4104.97,0,12,0.069,415,0,0,0,0,0.301,0
ORD-10869,Chanakya Batra,Electronics,4723.54,0,21,0.19,15,0,1,1,0,0.183,0
ORD-10870,Tripti Babu,Fashion,7590.49,1,23,0.45,22,0,0,1,0,0.275,1
ORD-10871,Nakul Sastry,Mobiles,3686.08,0,10,0.328,364,0,1,1,1,0.458,1
ORD-10872,Aadi Sangha,Fashion,3851.44,0,24,0.486,572,0,0,0,0,0.562,0
ORD-10873,Kevin Mittal,Mobiles,4809.25,1,2,0.475,67,2,0,0,0,0.253,1
ORD-10874,Anusha Chander,Electronics,3443.02,1,35,0.357,87,0,0,0,1,0.381,1
ORD-10875,Zashil Butala,Fashion,4484.06,0,12,0.285,158,1,1,0,0,0.309,1
ORD-10876,Noah Ben,Mobiles,5222.58,0,20,0.234,82,0,0,0,0,0.289,1
ORD-10877,Dalaja Kaur,Fashion,2057.48,1,5,0.304,286,0,0,0,0,0.185,1
ORD-10878,Gavin Chandran,Fashion,4902.31,0,15,0.269,100,0,0,0,0,0.167,0
ORD-10879,Tanay Sood,Electronics,7720.71,1,7,0.199,928,1,1,0,0,0.214,1
ORD-10880,Kevin Kara,Mobiles,2692.72,1,17,0.446,48,1,0,0,0,0.184,0
ORD-10881,Aditya Anand,Home & Kitchen,4381.93,1,13,0.274,43,0,0,0,0,0.167,0
ORD-10882,Jai Sami,Fashion,1113.66,1,12,0.135,456,0,0,0,0,0.231,0
ORD-10883,Vanya Bobal,Fitness,6477.32,1,15,0.138,71,0,0,0,0,0.364,0
ORD-10884,Leela Chakraborty,Home & Kitchen,5150.57,1,16,0.463,113,0,0,0,1,0.262,0
ORD-10885,Harshil Munshi,Mobiles,5390.15,0,6,0.427,107,0,0,0,1,0.486,0
ORD-10886,Chandani Devan,Electronics,2390.66,1,18,0.357,38,0,0,0,1,0.4,1
ORD-10887,Kiaan Dhar,Beauty,17794.86,1,15,0.271,100,0,1,0,0,0.434,1
ORD-10888,Abhiram Gala,Fitness,6484.78,0,10,0.256,300,0,0,0,0,0.314,0
ORD-10889,Indali Kala,Fashion,6325.15,1,29,0.191,44,0,0,0,0,0.24,0
ORD-10890,Nisha Savant,Electronics,11105.18,0,10,0.245,101,0,0,1,0,0.402,0
ORD-10891,Gabriel Chaudhry,Home & Kitchen,13238.38,1,14,0.037,199,0,1,0,0,0.185,1
ORD-10892,Jatin Rajagopalan,Electronics,5867.67,1,8,0.444,66,0,0,1,1,0.236,1
ORD-10893,Pushti Murty,Home & Kitchen,5255.13,1,10,0.282,36,0,0,0,1,0.185,0
ORD-10894,Yug Malhotra,Fitness,2981.15,0,20,0.386,652,0,0,0,1,0.443,1
ORD-10895,Yuvraj Mane,Mobiles,3860.11,1,6,0.086,274,0,0,0,0,0.416,0
ORD-10896,Charvi Jha,Fashion,2653.55,0,13,0.119,121,0,0,0,0,0.2,0
ORD-10897,Manya Merchant,Beauty,4714.94,1,14,0.26,3,0,0,0,0,0.544,0
ORD-10898,Wriddhish Talwar,Beauty,3395.11,0,7,0.241,353,0,0,0,0,0.211,1
ORD-10899,Isaiah Khosla,Mobiles,6480.61,1,15,0.205,121,0,0,0,0,0.309,0
ORD-10900,Ekavir Wable,Home & Kitchen,2303.94,1,26,0.19,17,0,0,0,0,0.14,0
ORD-10901,Jalsa Nadig,Mobiles,3786.7,0,9,0.169,526,0,0,0,1,0.212,0
ORD-10902,Lila Salvi,Fashion,1934.75,0,18,0.362,178,0,0,0,0,0.373,1
ORD-10903,Orinder Sinha,Fashion,4949.96,0,21,0.441,29,0,0,0,0,0.259,0
ORD-10904,Anay Bir,Electronics,2135.41,1,10,0.049,62,0,0,0,1,0.211,0
ORD-10905,Adweta Kale,Electronics,2766.27,1,12,0.283,115,0,0,0,0,0.15,0
ORD-10906,Darpan Rao,Mobiles,7025.4,0,10,0.275,341,0,0,1,0,0.289,1
ORD-10907,Yachana Sagar,Home & Kitchen,5516.12,0,18,0.266,28,0,0,0,0,0.819,0
ORD-10908,Neelima Butala,Fashion,4669.2,0,9,0.241,394,1,0,0,0,0.326,0
ORD-10909,Arunima Chacko,Fashion,5544.91,0,13,0.237,131,0,0,0,1,0.059,1
ORD-10910,Farhan Vaidya,Beauty,2367.21,1,8,0.185,161,0,0,1,0,0.363,1
ORD-10911,Nachiket Yadav,Fashion,1813.14,0,14,0.368,416,1,0,0,1,0.436,1
ORD-10912,Mahika Bhatti,Electronics,4456.2,0,3,0.185,80,1,0,0,0,0.209,0
ORD-10913,Rajeshri Khare,Electronics,8711.32,1,21,0.25,574,0,0,0,0,0.267,0
ORD-10914,Yash Chadha,Electronics,2902.35,0,8,0.421,380,0,0,0,1,0.523,0
ORD-10915,Jack Setty,Mobiles,5050.94,0,27,0.287,87,0,0,0,0,0.47,0
ORD-10916,Dayamai Gill,Mobiles,4452.12,0,8,0.45,101,1,0,0,1,0.365,0
ORD-10917,Advik Devan,Beauty,7124.54,0,10,0.238,892,1,0,0,0,0.186,0
ORD-10918,Nihal Taneja,Fashion,621.28,0,17,0.219,238,0,0,1,0,0.473,0
ORD-10919,Zansi Lad,Electronics,4009.87,0,23,0.037,198,0,0,0,1,0.501,1
ORD-10920,Kamya Date,Fashion,6048.32,1,12,0.104,14,1,0,0,0,0.166,0
ORD-10921,Jacob Balan,Electronics,1632.89,0,22,0.307,220,0,0,1,1,0.177,0
ORD-10922,Pushti Magar,Home & Kitchen,3533.41,0,11,0.379,151,2,1,0,0,0.332,1
ORD-10923,Adya Bose,Mobiles,11904.06,0,13,0.291,53,0,0,1,1,0.346,0
ORD-10924,Tamanna Vaidya,Electronics,8606.53,1,11,0.351,15,0,0,0,0,0.4,0
ORD-10925,Christopher Tata,Mobiles,4643.68,1,5,0.175,228,0,0,0,1,0.179,1
ORD-10926,Jhalak Dugar,Home & Kitchen,8169.13,0,6,0.183,40,0,0,1,0,0.674,1
ORD-10927,Harshil D’Alia,Electronics,3795.42,1,30,0.288,6,0,0,0,0,0.374,1
ORD-10928,Yashodhara Agate,Home & Kitchen,6925.95,0,8,0.235,430,0,1,0,0,0.254,1
ORD-10929,Advik Konda,Beauty,11032.58,0,6,0.156,210,0,0,0,0,0.324,1
ORD-10930,Urmi Patla,Mobiles,6555.65,0,4,0.487,361,0,1,0,0,0.62,1
ORD-10931,Mason Gola,Home & Kitchen,4530.46,1,9,0.149,74,0,0,1,0,0.594,0
ORD-10932,Oni Kapur,Fitness,1138.37,1,7,0.41,146,0,0,1,1,0.176,0
ORD-10933,Yuvraj Saha,Home & Kitchen,6633.68,0,19,0.343,47,1,1,0,1,0.364,1
ORD-10934,Anika Brahmbhatt,Electronics,3687.86,0,13,0.175,132,0,0,0,0,0.225,0
ORD-10935,Jagdish Thakkar,Home & Kitchen,3239.4,1,11,0.181,193,0,0,0,0,0.374,0
ORD-10936,Praneel Kapoor,Home & Kitchen,5369.49,1,13,0.258,257,0,0,0,0,0.235,0
ORD-10937,Nandini Biswas,Beauty,3163.8,1,10,0.152,54,1,1,0,1,0.289,1
ORD-10938,Barkha Mukhopadhyay,Electronics,2380.75,1,12,0.317,204,0,0,0,1,0.199,0
ORD-10939,Gabriel Shan,Home & Kitchen,5087.92,1,23,0.121,262,0,0,0,0,0.426,0
ORD-10940,Jyoti Iyer,Fitness,8559.44,1,4,0.136,62,0,0,1,0,0.24,1
ORD-10941,Daksha Kibe,Fashion,1886.98,1,16,0.225,274,0,0,0,1,0.203,0
ORD-10942,Jyoti Tak,Mobiles,2246.78,1,11,0.504,186,0,0,0,1,0.22,0
ORD-10943,Yatan Dora,Beauty,4762.84,0,9,0.305,1,0,0,0,0,0.152,1
ORD-10944,Nimrat Bajwa,Beauty,5936.4,1,9,0.35,5,0,1,0,0,0.373,1
ORD-10945,Hiral Andra,Electronics,1247.97,0,2,0.127,242,0,0,0,1,0.228,0
ORD-10946,Aarav Puri,Fashion,4399.7,1,6,0.361,215,0,0,0,0,0.482,0
ORD-10947,Hemang Jha,Electronics,1315.48,1,5,0.211,176,0,0,1,1,0.256,0
ORD-10948,Oni Swamy,Fashion,2834.15,1,20,0.685,71,0,0,0,0,0.513,1
ORD-10949,Lucky Mammen,Home & Kitchen,1458.32,0,23,0.061,412,0,0,0,0,0.2,1
ORD-10950,Caleb Kata,Mobiles,4734.92,0,35,0.443,86,2,0,0,0,0.109,1
ORD-10951,Kashish Shanker,Beauty,1069.24,0,23,0.389,84,2,0,0,0,0.228,0
ORD-10952,Girish Tiwari,Home & Kitchen,2224.37,1,20,0.239,18,0,0,1,0,0.416,1
ORD-10953,Meera Borde,Fitness,5679.94,0,3,0.261,622,1,1,0,0,0.453,0
ORD-10954,Radhika De,Mobiles,1895.38,0,11,0.148,51,0,0,0,1,0.252,0
ORD-10955,Bishakha Lal,Mobiles,5099.55,1,29,0.228,187,0,0,0,1,0.305,0
ORD-10956,Maya Narain,Fashion,4097.75,0,14,0.276,111,0,0,0,1,0.202,0
ORD-10957,Sneha Magar,Beauty,4839.36,0,26,0.401,212,0,0,0,0,0.212,1
ORD-10958,Falan Jain,Home & Kitchen,6508.19,0,24,0.234,65,0,1,0,0,0.135,1
ORD-10959,Ikbal Dugal,Fashion,1191.79,1,15,0.283,91,0,0,0,0,0.214,0
ORD-10960,Nitesh Sengupta,Electronics,7132.2,0,14,0.235,428,0,0,1,0,0.233,0
ORD-10961,Dipta Ray,Mobiles,3305.88,1,2,0.481,281,0,0,0,0,0.276,1
ORD-10962,Ishita Johal,Fitness,3374.88,1,20,0.435,84,0,0,0,0,0.228,1
ORD-10963,Darika Sheth,Electronics,3288.77,0,17,0.272,149,0,0,0,0,0.273,1
ORD-10964,Jagdish Chana,Beauty,4103.64,1,20,0.166,32,0,0,0,0,0.303,1
ORD-10965,Daksha Baria,Electronics,3073.19,1,9,0.148,76,0,0,0,1,0.445,0
ORD-10966,Falak Divan,Home & Kitchen,2669.55,1,13,0.473,319,0,0,0,0,0.254,0
ORD-10967,Yuvraj Parekh,Beauty,12304.48,0,22,0.407,361,0,1,0,0,0.477,1
ORD-10968,Yochana Bawa,Mobiles,5050.33,1,19,0.219,544,0,0,1,1,0.572,0
ORD-10969,Abha Ghosh,Fitness,6848.92,0,14,0.565,180,0,0,0,1,0.277,0
ORD-10970,Nidhi Sethi,Fitness,10905.91,1,9,0.116,42,0,0,0,0,0.248,0
ORD-10971,Girindra Shere,Electronics,4725.81,0,3,0.313,55,0,0,0,0,0.547,0
ORD-10972,Logan Dara,Fashion,2799.55,0,25,0.12,256,0,0,0,0,0.172,0
ORD-10973,David Kapadia,Fashion,3322.46,1,11,0.261,385,0,0,0,1,0.431,1
ORD-10974,Rudra Rattan,Fitness,17466.0,0,14,0.039,301,0,0,1,0,0.211,0
ORD-10975,Frado Lad,Electronics,2565.4,0,14,0.2,243,0,0,0,0,0.303,0
ORD-10976,Anthony Bhattacharyya,Home & Kitchen,10034.04,0,31,0.265,310,1,0,0,1,0.446,1
ORD-10977,Sachi Dave,Electronics,5698.31,1,8,0.261,399,0,0,0,1,0.469,1
ORD-10978,Garima Das,Fashion,6610.12,1,23,0.327,73,0,0,0,0,0.285,0
ORD-10979,Triya Bedi,Fashion,9077.22,0,16,0.446,68,0,0,0,0,0.563,1
ORD-10980,Rachita Rana,Beauty,5300.42,0,14,0.157,203,0,0,0,0,0.15,0
ORD-10981,Ayushman Raja,Mobiles,4425.75,0,17,0.143,64,1,0,1,0,0.282,0
ORD-10982,Orinder Pandya,Fashion,2446.27,0,11,0.265,77,0,0,0,1,0.385,0
ORD-10983,Rachit Maharaj,Fashion,3869.88,1,8,0.196,643,0,0,0,1,0.283,1
ORD-10984,Sanaya Dixit,Home & Kitchen,8161.09,1,10,0.63,249,0,1,0,1,0.356,1
ORD-10985,Yatan Merchant,Fitness,1868.39,0,6,0.263,59,0,0,1,0,0.385,1
ORD-10986,Nisha Srinivas,Fashion,3464.26,0,11,0.266,25,1,0,0,0,0.261,1
ORD-10987,Gagan Mammen,Mobiles,1755.82,1,24,0.276,10,0,0,0,0,0.357,0
ORD-10988,Laksh Saini,Mobiles,5417.91,1,17,0.435,96,0,0,0,0,0.724,0
ORD-10989,Zaid Bahl,Fashion,23961.18,0,12,0.499,242,1,0,0,0,0.217,1
ORD-10990,Jagrati Srinivasan,Home & Kitchen,2964.1,1,7,0.3,314,0,0,0,0,0.144,0
ORD-10991,Hemangini Thakkar,Electronics,5722.27,0,11,0.301,141,1,0,1,0,0.223,0
ORD-10992,Lipika Madan,Fashion,5983.09,0,4,0.339,289,0,0,0,1,0.383,1
ORD-10993,Atharv Nagar,Fashion,2265.72,0,11,0.295,456,0,1,0,0,0.269,1
ORD-10994,Ayushman Mand,Fitness,3397.99,0,10,0.0,672,0,1,1,1,0.135,0
ORD-10995,Urmi Wagle,Mobiles,6070.01,0,6,0.147,24,0,0,0,0,0.296,0
ORD-10996,Viraj Dutta,Home & Kitchen,5923.99,1,21,0.278,83,0,0,0,0,0.522,1
ORD-10997,Yug Khosla,Beauty,5409.53,0,20,0.22,186,0,0,0,0,0.247,0
ORD-10998,Daksh Kanda,Home & Kitchen,1733.55,1,14,0.171,32,1,0,0,0,0.301,1
ORD-10999,Isha Ghose,Electronics,4681.37,1,7,0.388,163,0,0,1,1,0.181,1
ORD-11000,Warjas Nadkarni,Fashion,4514.96,0,18,0.34,7,1,0,0,0,0.547,0
ORD-11001,Ayaan Pandey,Fitness,1132.02,0,14,0.218,36,0,0,1,0,0.406,0
ORD-11002,Raghav Tailor,Mobiles,3347.38,0,10,0.079,27,0,0,0,0,0.511,0
ORD-11003,Parth Swaminathan,Electronics,11224.42,0,4,0.212,74,1,0,1,0,0.184,1
ORD-11004,Gautam Bhalla,Fitness,1883.89,1,8,0.297,124,0,0,1,1,0.315,1
ORD-11005,Theodore Bahri,Electronics,5462.76,0,16,0.291,134,0,0,0,0,0.186,0
ORD-11006,Aadi Narula,Fitness,706.16,0,15,0.128,73,0,0,0,1,0.406,0
ORD-11007,Kalpit Oak,Mobiles,6043.43,0,32,0.329,61,0,0,0,0,0.209,0
ORD-11008,Ekiya Bhargava,Home & Kitchen,4544.75,0,23,0.499,786,0,0,0,1,0.335,0
ORD-11009,Manbir Dhar,Electronics,3834.99,0,14,0.126,674,1,0,0,1,0.427,1
ORD-11010,Janya Bora,Electronics,2809.24,0,13,0.402,106,0,0,1,0,0.58,0
ORD-11011,Meghana Chaudhuri,Electronics,4104.61,1,14,0.163,185,0,0,0,1,0.272,1
ORD-11012,Chasmum Naidu,Fashion,3377.01,1,10,0.511,455,1,0,0,0,0.453,0
ORD-11013,Nakul Sarkar,Electronics,5870.47,0,9,0.198,39,0,0,0,1,0.08,0
ORD-11014,Edhitha Ghosh,Mobiles,10134.37,0,14,0.352,271,0,0,0,0,0.394,0
ORD-11015,Udant Gill,Fashion,6263.53,0,17,0.733,310,1,1,0,1,0.499,1
ORD-11016,Damyanti Menon,Electronics,4280.86,1,7,0.086,277,0,0,0,0,0.071,1
ORD-11017,Peter Agarwal,Electronics,1386.72,0,9,0.352,125,0,0,0,0,0.427,0
ORD-11018,Bachittar Gopal,Mobiles,25521.41,1,15,0.196,369,0,0,0,1,0.428,1
ORD-11019,Timothy Chawla,Electronics,6594.23,0,8,0.199,130,0,0,1,1,0.14,0
ORD-11020,Lohit Narula,Home & Kitchen,5461.45,0,19,0.189,81,0,1,0,1,0.319,1
ORD-11021,Wazir Palan,Home & Kitchen,3095.28,1,15,0.28,179,0,0,0,0,0.124,1
ORD-11022,Oliver Chakrabarti,Mobiles,726.62,1,4,0.34,93,0,1,0,0,0.129,1
ORD-11023,Sanya Apte,Electronics,3020.27,0,2,0.556,1214,0,0,1,0,0.572,1
ORD-11024,Shaurya Krish,Electronics,4033.53,1,6,0.588,13,0,0,0,1,0.5,1
ORD-11025,Inaya Kunda,Mobiles,3796.97,1,19,0.258,106,0,0,0,0,0.416,0
ORD-11026,Aarav Bava,Electronics,7536.18,0,12,0.118,273,0,0,0,0,0.447,0
ORD-11027,Raksha Saini,Fashion,10646.06,0,22,0.275,265,0,0,0,0,0.16,0
ORD-11028,Odika Tailor,Fashion,2250.23,0,13,0.307,158,0,0,0,1,0.293,1
ORD-11029,Indali Prashad,Fitness,11231.91,0,6,0.196,146,0,0,1,1,0.253,1
ORD-11030,Varenya Kar,Home & Kitchen,2430.47,0,11,0.536,22,0,0,0,1,0.34,1
ORD-11031,Siya Borah,Electronics,21376.34,1,15,0.448,193,0,0,0,0,0.31,1
ORD-11032,Chaitaly Bahri,Home & Kitchen,2990.09,0,16,0.21,906,0,0,0,0,0.539,0
ORD-11033,Advika Cheema,Mobiles,5975.35,1,35,0.341,471,0,0,0,0,0.252,1
ORD-11034,Hema Garde,Fashion,2856.36,0,23,0.307,25,0,1,0,0,0.289,1
ORD-11035,Naveen Borde,Home & Kitchen,3075.64,0,32,0.267,26,0,0,0,0,0.311,1
ORD-11036,Hamsini Subramanian,Home & Kitchen,10985.17,0,10,0.388,266,0,0,0,0,0.306,0
ORD-11037,Raagini Gala,Fitness,5659.48,1,8,0.19,208,0,0,0,0,0.207,1
ORD-11038,Naksh Bera,Mobiles,5709.66,1,19,0.103,316,0,1,1,0,0.185,1
ORD-11039,Garima Jha,Beauty,2187.03,1,8,0.448,224,1,0,0,1,0.595,1
ORD-11040,Nimrat Zachariah,Fashion,8428.51,1,6,0.269,703,0,0,0,0,0.75,0
ORD-11041,Baghyawati Mishra,Mobiles,11254.02,1,15,0.497,45,0,0,0,1,0.277,1
ORD-11042,Gopal Bawa,Fitness,2696.75,0,10,0.271,281,1,0,0,1,0.31,0
ORD-11043,Vritti Dube,Home & Kitchen,5502.9,0,16,0.033,55,0,0,0,0,0.363,0
ORD-11044,Jalsa Aggarwal,Electronics,9012.0,0,12,0.299,232,0,0,0,0,0.355,1
ORD-11045,Gagan Menon,Home & Kitchen,2651.17,1,22,0.184,96,0,0,0,0,0.196,0
ORD-11046,Ryan Chatterjee,Mobiles,3598.25,0,21,0.189,69,0,0,1,0,0.155,0
ORD-11047,Samuel Garde,Electronics,7796.04,0,24,0.141,59,1,0,0,1,0.304,0
ORD-11048,Finn Solanki,Electronics,2647.98,0,11,0.279,27,1,0,0,0,0.484,0
ORD-11049,Darika Rao,Fashion,1377.79,0,15,0.433,340,1,0,0,1,0.259,1
ORD-11050,Vrinda Lanka,Home & Kitchen,7059.67,1,9,0.278,111,0,0,0,1,0.23,0
ORD-11051,Lila Goyal,Mobiles,8292.33,0,12,0.264,16,0,0,0,0,0.254,0
ORD-11052,Lakshmi Pingle,Mobiles,6049.98,0,21,0.443,145,0,0,0,0,0.382,1
ORD-11053,Sanaya Basu,Home & Kitchen,4267.78,0,8,0.216,833,1,0,1,1,0.37,0
ORD-11054,Ria Shroff,Fashion,3081.08,1,4,0.407,1167,1,0,0,1,0.125,1
ORD-11055,Upkaar Luthra,Fashion,2073.88,0,8,0.357,93,0,0,0,0,0.507,0
ORD-11056,Matthew Chatterjee,Electronics,3738.52,1,12,0.091,263,0,0,0,0,0.187,0
ORD-11057,Hemangini Sachdev,Fashion,4142.25,0,12,0.234,95,0,1,0,1,0.216,1
ORD-11058,Darsh Ram,Beauty,2969.13,0,8,0.084,810,0,0,0,0,0.243,0
ORD-11059,Vaishnavi Keer,Electronics,5660.33,0,19,0.068,377,0,0,0,0,0.273,0
ORD-11060,Chandani Brar,Fashion,4189.93,1,15,0.216,63,0,0,1,0,0.293,0
ORD-11061,Bakhshi Thakkar,Electronics,5351.0,1,14,0.345,127,0,0,0,0,0.534,0
ORD-11062,Jai Sen,Mobiles,4001.56,0,32,0.22,126,0,0,0,1,0.194,0
ORD-11063,Oliver Kakar,Beauty,2430.52,1,4,0.056,306,0,0,0,0,0.151,0
ORD-11064,Jonathan Basak,Fashion,2004.34,1,9,0.327,2,1,0,0,0,0.566,1
ORD-11065,Farhan Saran,Home & Kitchen,1839.3,0,7,0.33,89,0,0,0,0,0.324,1
ORD-11066,Manbir Kuruvilla,Home & Kitchen,2833.49,0,15,0.54,886,0,0,0,0,0.452,0
ORD-11067,Ekalinga Chahal,Mobiles,7240.48,1,15,0.24,8,0,0,0,0,0.276,0
ORD-11068,Mekhala Nanda,Mobiles,8589.26,0,7,0.704,217,1,0,0,0,0.782,1
ORD-11069,Zinal Shanker,Mobiles,1244.38,1,11,0.382,32,1,0,1,0,0.105,0
ORD-11070,Oni Chowdhury,Fashion,5762.33,0,45,0.429,51,1,0,0,1,0.251,1
ORD-11071,Mason Divan,Mobiles,2258.4,1,7,0.316,273,0,0,0,0,0.219,0
ORD-11072,Hitesh Chaudhuri,Mobiles,8559.98,0,22,0.131,14,0,0,1,0,0.469,0
ORD-11073,Hemangini Roy,Mobiles,6598.8,0,8,0.151,680,0,0,0,0,0.1,0
ORD-11074,Leela Sunder,Mobiles,6376.84,0,5,0.258,29,0,0,0,0,0.461,0
ORD-11075,Baljiwan Gera,Beauty,7117.37,0,19,0.198,346,0,0,1,1,0.328,0
ORD-11076,Neha Dhawan,Home & Kitchen,5814.3,0,4,0.471,453,0,1,0,0,0.38,1
ORD-11077,Balvan Randhawa,Electronics,4480.99,1,26,0.177,34,0,0,0,0,0.465,0
ORD-11078,Wazir Bawa,Mobiles,7963.42,0,18,0.237,306,0,0,0,0,0.204,0
ORD-11079,Amruta Pradhan,Fashion,16116.13,0,24,0.322,131,0,0,0,1,0.173,0
ORD-11080,Geetika Mitter,Electronics,5922.8,0,8,0.162,122,0,0,0,1,0.086,0
ORD-11081,Avni Swamy,Mobiles,5767.01,0,5,0.289,595,1,0,0,0,0.14,1
ORD-11082,Vedant Desai,Home & Kitchen,3864.43,1,3,0.509,105,1,0,0,1,0.256,1
ORD-11083,Saanvi Nagi,Fashion,5464.46,0,9,0.103,304,0,0,0,0,0.26,0
ORD-11084,Omaja Chakraborty,Fashion,9414.2,0,10,0.166,54,0,0,0,1,0.252,0
ORD-11085,Riya Kakar,Beauty,5224.27,1,17,0.474,30,0,0,1,0,0.371,1
ORD-11086,Vedhika Varty,Mobiles,4020.59,1,8,0.387,77,0,0,0,0,0.405,1
ORD-11087,Daksh Varma,Fashion,3737.72,1,31,0.681,136,0,0,0,0,0.349,1
ORD-11088,Dominic Mukhopadhyay,Fashion,5095.08,1,23,0.133,28,0,0,0,0,0.335,0
ORD-11089,Krishna Viswanathan,Home & Kitchen,2077.11,0,11,0.249,90,1,0,0,1,0.204,1
ORD-11090,Oscar Hans,Fashion,6401.71,1,13,0.435,251,1,0,0,0,0.4,0
ORD-11091,Dalbir Krish,Home & Kitchen,2658.74,0,5,0.448,19,0,1,0,0,0.365,1
ORD-11092,Tanmayi Bedi,Fashion,24085.57,1,4,0.17,34,0,0,0,0,0.289,1
ORD-11093,Rushil Mahal,Fitness,9512.67,0,28,0.041,69,0,0,1,0,0.271,0
ORD-11094,Ucchal Tiwari,Electronics,6522.84,1,19,0.376,52,0,1,1,0,0.208,0
ORD-11095,Jatin Balasubramanian,Beauty,6965.43,0,15,0.328,45,0,0,0,0,0.413,0
ORD-11096,Kashish Suresh,Fashion,1764.8,1,11,0.202,291,1,0,0,0,0.148,0
ORD-11097,Peter Som,Electronics,2216.39,0,13,0.247,59,0,0,0,1,0.534,1
ORD-11098,Hemangini Gade,Electronics,5567.85,1,8,0.387,341,0,0,0,0,0.329,0
ORD-11099,Gautam Mane,Mobiles,2836.45,1,11,0.125,1221,0,0,0,0,0.612,0
ORD-11100,Libni Bawa,Mobiles,1836.27,0,11,0.458,885,0,1,1,0,0.493,1
ORD-11101,Tanish Kant,Electronics,2295.23,0,8,0.126,1000,0,0,0,0,0.092,0
ORD-11102,Samuel Luthra,Mobiles,1206.29,1,13,0.647,10,1,0,0,1,0.332,1
ORD-11103,Yochana Bahri,Home & Kitchen,8498.85,0,10,0.338,573,0,1,0,0,0.255,1
ORD-11104,Urvi Deo,Home & Kitchen,1538.95,0,7,0.166,127,0,0,0,1,0.217,0
ORD-11105,Abhiram Kapur,Home & Kitchen,3947.86,0,8,0.175,357,0,0,0,1,0.532,0
ORD-11106,Dalaja Maharaj,Home & Kitchen,5992.95,0,12,0.166,542,1,0,0,0,0.098,0
ORD-11107,Krisha Palla,Home & Kitchen,5307.44,1,8,0.164,161,1,1,0,0,0.167,1
ORD-11108,Zayyan Kamdar,Electronics,3987.01,0,4,0.224,278,0,0,0,1,0.127,0
ORD-11109,Chasmum Verma,Mobiles,3069.82,1,28,0.256,119,1,0,0,0,0.44,1
ORD-11110,Harsh Amble,Beauty,3575.41,0,6,0.165,161,0,0,0,0,0.149,0
ORD-11111,Barkha Misra,Fashion,17573.07,0,9,0.275,108,0,0,0,0,0.324,0
ORD-11112,Vasatika Bhatt,Fitness,4603.97,0,21,0.452,279,2,0,0,0,0.617,1
ORD-11113,Aradhana Nair,Beauty,2848.33,0,10,0.022,35,0,0,0,1,0.207,0
ORD-11114,Advika Misra,Fitness,4857.82,1,11,0.145,215,0,0,0,0,0.118,0
ORD-11115,Mason Varughese,Fitness,7009.16,1,17,0.235,237,1,0,0,0,0.143,1
ORD-11116,Dakshesh Raval,Electronics,15678.44,0,15,0.128,130,0,0,0,1,0.103,1
ORD-11117,Logan Bal,Electronics,4713.87,1,7,0.169,402,0,0,0,1,0.467,0
ORD-11118,Chakrika Lad,Home & Kitchen,9907.81,1,8,0.143,96,0,0,1,0,0.536,1
ORD-11119,Nidhi Rama,Home & Kitchen,2053.33,1,15,0.351,232,1,0,0,1,0.335,0
ORD-11120,Ranveer Oza,Fashion,3689.44,0,19,0.251,125,1,0,0,0,0.255,1
ORD-11121,Vamakshi Parmer,Mobiles,5915.04,0,16,0.503,103,1,0,0,0,0.486,1
ORD-11122,Onkar Golla,Mobiles,5718.5,1,36,0.122,78,0,0,1,1,0.045,0
ORD-11123,Gunbir Sinha,Fitness,9144.72,0,7,0.154,363,0,0,0,0,0.35,0
ORD-11124,Aarna Goswami,Home & Kitchen,2358.88,0,4,0.103,113,1,0,0,0,0.297,0
ORD-11125,Gaurav Kapadia,Fashion,5841.16,1,6,0.332,83,1,1,1,1,0.178,0
ORD-11126,Udant Mohanty,Mobiles,4990.97,1,12,0.322,213,0,0,0,0,0.264,0
ORD-11127,Garima Prabhu,Beauty,3821.76,1,5,0.322,272,0,0,0,0,0.367,1
ORD-11128,Chaitaly Sheth,Electronics,5014.35,1,5,0.377,18,1,0,0,0,0.373,0
ORD-11129,Upma Bera,Home & Kitchen,9964.62,1,5,0.294,696,1,0,0,1,0.631,1
ORD-11130,Urmi Hayer,Home & Kitchen,5076.79,0,11,0.252,490,0,0,0,0,0.178,0
ORD-11131,Lakshmi Wagle,Fitness,2133.32,1,23,0.315,174,0,0,0,0,0.232,1
ORD-11132,Odika Bhagat,Home & Kitchen,9871.87,0,8,0.209,121,0,0,0,0,0.364,0
ORD-11133,Laksh Iyer,Fashion,889.32,1,18,0.291,558,0,0,0,0,0.634,1
ORD-11134,Nimrat Shankar,Mobiles,10367.25,1,4,0.331,127,0,0,1,1,0.518,1
ORD-11135,Diya Gole,Fashion,4203.96,1,24,0.346,432,0,0,0,0,0.272,0
ORD-11136,Vinaya Natarajan,Mobiles,2174.72,0,14,0.435,244,1,1,0,0,0.383,0
ORD-11137,Dhriti Bhardwaj,Mobiles,3646.19,0,9,0.298,423,0,0,0,0,0.273,0
ORD-11138,Siya Mahal,Home & Kitchen,2608.25,1,10,0.136,87,0,0,0,1,0.02,0
ORD-11139,Om Dutt,Home & Kitchen,5382.49,1,25,0.307,278,1,0,0,0,0.136,1
ORD-11140,Gaurang Dayal,Electronics,1689.4,1,20,0.193,307,1,0,0,1,0.106,0
ORD-11141,Pushti Raval,Mobiles,2472.32,1,9,0.214,197,0,1,0,0,0.319,1
ORD-11142,Vansha Rajagopal,Electronics,3738.35,1,18,0.197,268,0,0,0,1,0.535,0
ORD-11143,Baljiwan Walla,Fashion,2832.47,1,5,0.189,29,0,0,0,0,0.286,0
ORD-11144,Kashvi Atwal,Mobiles,1855.33,1,22,0.385,523,0,0,0,1,0.259,1
ORD-11145,Rayaan Badami,Home & Kitchen,10327.24,0,9,0.294,153,0,0,0,1,0.368,1
ORD-11146,Yuvraj Kara,Home & Kitchen,6145.46,0,18,0.554,75,0,0,0,1,0.596,1
ORD-11147,Devika Dayal,Fitness,1376.09,0,18,0.233,151,0,1,0,0,0.437,1
ORD-11148,Leela Thakur,Mobiles,2633.54,0,23,0.102,173,0,0,0,1,0.246,0
ORD-11149,Oliver Bhattacharyya,Fashion,5703.04,0,17,0.375,268,0,1,0,0,0.208,1
ORD-11150,Chanchal Mannan,Home & Kitchen,5832.47,1,28,0.466,103,0,0,0,1,0.484,0
ORD-11151,Zinal Viswanathan,Fashion,2503.88,0,5,0.256,148,1,0,0,0,0.247,1
ORD-11152,Radha Desai,Electronics,3538.14,1,3,0.152,219,0,1,0,0,0.608,1
ORD-11153,Vrishti Parmer,Fashion,9815.54,0,9,0.371,171,0,0,1,0,0.351,0
ORD-11154,Nitesh Raval,Home & Kitchen,3359.99,0,19,0.21,175,0,1,0,0,0.446,0
ORD-11155,Vedant Kapur,Fitness,2838.91,1,15,0.136,51,0,0,0,0,0.231,0
ORD-11156,Siddharth Bains,Beauty,2159.68,0,20,0.393,380,1,1,0,0,0.353,0
ORD-11157,Jatin Peri,Home & Kitchen,6689.12,0,15,0.286,607,1,0,0,0,0.133,0
ORD-11158,Keya Kumer,Home & Kitchen,4799.34,0,14,0.012,43,0,0,0,1,0.018,0
ORD-11159,Chanakya Chokshi,Electronics,2838.56,1,11,0.349,226,0,0,0,1,0.44,0
ORD-11160,Chanakya D’Alia,Fashion,8461.68,1,16,0.251,18,0,0,0,0,0.264,1
ORD-11161,Sachi Rai,Electronics,5814.14,0,15,0.37,522,0,0,0,0,0.171,0
ORD-11162,Zayyan Som,Mobiles,8239.32,1,13,0.44,75,0,1,0,0,0.23,1
ORD-11163,Samesh Andra,Electronics,8934.65,0,10,0.114,23,0,0,0,0,0.063,0
ORD-11164,Osha Chaudhuri,Mobiles,3502.32,0,6,0.518,97,1,0,0,0,0.658,1
ORD-11165,Laksh Sahota,Fitness,3030.73,0,8,0.26,110,0,0,0,0,0.204,0
ORD-11166,Yasti Dalal,Home & Kitchen,5677.08,0,24,0.124,447,0,0,0,0,0.063,0
ORD-11167,Ishaan Cherian,Mobiles,7498.77,0,10,0.1,40,0,0,0,0,0.101,1
ORD-11168,Rushil Iyengar,Electronics,3807.24,0,11,0.179,877,0,0,0,0,0.366,0
ORD-11169,Saksham Parmar,Home & Kitchen,3202.9,0,13,0.289,6,1,0,0,0,0.295,1
ORD-11170,Chakrika Dyal,Fashion,4975.73,0,8,0.333,37,0,0,0,0,0.23,1
ORD-11171,Watika Johal,Electronics,2263.39,0,19,0.475,405,0,1,0,0,0.444,1
ORD-11172,Ganga Keer,Electronics,7685.5,0,11,0.296,497,0,0,0,0,0.108,0
ORD-11173,Agastya Chakraborty,Home & Kitchen,4646.93,1,21,0.561,17,0,1,0,1,0.299,1
ORD-11174,Wakeeta Dixit,Fashion,4769.9,0,33,0.378,117,0,0,0,0,0.126,1
ORD-11175,Yasti Borde,Home & Kitchen,2632.5,1,27,0.112,116,0,0,0,1,0.387,0
ORD-11176,Aahana Kashyap,Fitness,10480.03,1,6,0.289,69,0,0,0,0,0.343,1
ORD-11177,Chaman Lalla,Home & Kitchen,9914.67,0,26,0.097,445,0,0,0,0,0.219,0
ORD-11178,Chandresh Chaudhry,Beauty,6321.55,0,29,0.215,285,0,0,0,0,0.388,0
ORD-11179,Balveer Mannan,Fashion,3239.11,0,14,0.267,269,0,0,0,1,0.292,0
ORD-11180,Dhriti Sandhu,Fitness,8565.08,0,15,0.12,233,0,0,0,0,0.179,0
ORD-11181,Girish Bath,Home & Kitchen,13889.39,0,6,0.113,686,0,0,0,0,0.19,0
ORD-11182,Lakshit Garde,Fitness,960.46,1,8,0.255,259,1,0,0,1,0.098,0
ORD-11183,Ishita Sarma,Electronics,2686.74,0,27,0.22,178,0,0,1,0,0.133,1
ORD-11184,Girik Pradhan,Electronics,1733.49,0,3,0.195,115,0,0,0,0,0.239,0
ORD-11185,Qadim Comar,Beauty,13683.76,0,8,0.537,60,0,0,1,0,0.532,1
ORD-11186,Mugdha Shan,Fashion,2341.33,1,27,0.485,181,1,0,0,1,0.237,1
ORD-11187,Lekha Sridhar,Electronics,7837.5,1,7,0.272,596,0,0,0,1,0.611,1
ORD-11188,Ojas Chowdhury,Fashion,1741.6,1,14,0.519,379,0,0,0,1,0.13,1
ORD-11189,Daniel Dutta,Fashion,5289.29,1,22,0.267,218,0,0,0,0,0.107,0
ORD-11190,Omaja Subramanian,Electronics,1866.45,1,18,0.31,10,0,0,0,0,0.348,0
ORD-11191,Pratyush Raghavan,Fashion,9171.55,1,7,0.565,158,0,1,0,0,0.42,1
ORD-11192,Ayush De,Fashion,6007.09,1,13,0.424,43,0,0,0,0,0.169,1
ORD-11193,Vinaya Chowdhury,Fashion,6703.32,0,9,0.494,590,2,0,0,0,0.253,1
ORD-11194,Ridhi Batra,Home & Kitchen,4867.0,1,24,0.167,102,0,0,0,0,0.344,0
ORD-11195,Advika Murthy,Fitness,2495.62,1,2,0.425,278,0,0,0,1,0.293,1
ORD-11196,Udarsh Nigam,Mobiles,3848.99,1,20,0.494,147,0,0,1,0,0.762,1
ORD-11197,Rachita Kothari,Home & Kitchen,3869.3,0,18,0.265,7,1,0,0,0,0.108,0
ORD-11198,Hiral Rajan,Fitness,6114.07,1,2,0.178,227,0,0,0,0,0.44,1
ORD-11199,Chatura Apte,Electronics,11753.91,1,7,0.29,206,0,0,0,0,0.554,1
ORD-11200,Yashasvi Singh,Mobiles,5934.45,1,11,0.448,23,1,0,0,1,0.269,1
ORD-11201,Noah Borde,Fashion,4222.91,1,6,0.146,97,0,0,0,0,0.286,0
ORD-11202,Ekani Khosla,Electronics,3047.99,0,14,0.431,330,0,0,1,0,0.465,0
ORD-11203,Arunima Bedi,Home & Kitchen,1452.45,1,10,0.174,121,0,0,0,0,0.2,0
ORD-11204,Kritika Rau,Beauty,7391.9,0,12,0.23,84,0,1,1,0,0.217,1
ORD-11205,Farhan Sharaf,Home & Kitchen,5494.0,1,14,0.254,19,1,0,0,0,0.245,1
ORD-11206,Sara Chakrabarti,Beauty,5965.84,0,13,0.146,3,1,1,0,0,0.119,0
ORD-11207,Sanya Mutti,Electronics,6614.48,1,22,0.277,320,0,0,0,0,0.238,1
ORD-11208,Widisha Badami,Home & Kitchen,2646.15,1,17,0.253,46,2,0,0,0,0.375,1
ORD-11209,Netra Sachar,Fashion,1743.61,0,11,0.184,346,0,0,0,1,0.454,0
ORD-11210,Aadi Chand,Fashion,8537.28,0,15,0.242,11,0,0,0,0,0.265,0
ORD-11211,Yashoda Jhaveri,Home & Kitchen,10187.55,0,10,0.187,40,1,0,1,1,0.209,1
ORD-11212,Harita Patla,Fashion,4023.3,0,7,0.149,456,0,0,0,0,0.183,0
ORD-11213,Udant Sha,Home & Kitchen,3121.6,0,11,0.3,42,0,0,0,1,0.528,0
ORD-11214,Urvashi Patla,Fashion,20899.1,0,12,0.268,50,0,0,0,1,0.803,0
ORD-11215,Ishaan Chatterjee,Fashion,5432.1,0,14,0.359,141,1,0,0,0,0.298,1
ORD-11216,Aarnav Om,Beauty,1717.18,0,21,0.041,100,1,0,0,0,0.488,0
ORD-11217,Bishakha Vig,Electronics,7909.16,1,30,0.154,199,0,1,0,1,0.304,0
ORD-11218,Hitesh Bath,Mobiles,3192.42,0,21,0.27,262,0,0,0,1,0.201,0
ORD-11219,Waida Dey,Home & Kitchen,4019.39,1,8,0.264,41,0,0,0,0,0.335,0
ORD-11220,Hredhaan Kumar,Fashion,6853.78,1,8,0.229,190,0,0,0,0,0.128,1
ORD-11221,Raghav Dara,Fashion,5160.84,0,20,0.499,187,0,0,0,0,0.267,0
ORD-11222,Tanveer Shankar,Home & Kitchen,2457.27,0,1,0.152,489,0,0,1,1,0.119,0
ORD-11223,Hamsini Chokshi,Mobiles,1654.09,1,16,0.251,12,0,0,0,0,0.159,1
ORD-11224,Chakradhar Dasgupta,Home & Kitchen,3775.22,1,2,0.267,493,2,0,0,1,0.27,1
ORD-11225,Tanvi Thaman,Electronics,3905.1,0,28,0.205,13,1,0,0,0,0.357,1
ORD-11226,Wishi Agrawal,Fashion,5031.59,0,10,0.677,6,0,0,0,0,0.628,0
ORD-11227,Rachita Subramanian,Beauty,5125.29,0,20,0.195,89,0,0,0,1,0.567,0
ORD-11228,Oscar Dave,Electronics,5339.39,0,13,0.281,113,0,0,0,0,0.184,1
ORD-11229,Lila Nagy,Fashion,3902.79,0,21,0.326,666,0,0,0,0,0.539,1
ORD-11230,Omya Kothari,Fashion,9177.0,0,29,0.23,240,0,0,0,0,0.738,0
ORD-11231,Mitali Oza,Beauty,14479.66,1,11,0.344,57,0,0,0,0,0.293,1
ORD-11232,Sneha Deol,Home & Kitchen,6136.48,0,1,0.154,201,0,1,0,0,0.275,0
ORD-11233,Nitara Vala,Fashion,1354.26,1,14,0.312,5,0,0,0,0,0.266,1
ORD-11234,Dipta Kalla,Home & Kitchen,3464.58,0,5,0.179,97,0,0,0,0,0.299,0
ORD-11235,Shaurya Mannan,Mobiles,3884.96,0,8,0.445,154,0,0,0,0,0.189,0
ORD-11236,Kevin Gokhale,Electronics,6642.12,1,11,0.313,1583,0,1,0,1,0.431,1
ORD-11237,Jack Pandey,Electronics,14537.04,0,15,0.268,108,0,0,0,0,0.304,1
ORD-11238,Omisha Walla,Electronics,1909.5,0,21,0.38,211,1,0,1,1,0.372,1
ORD-11239,Pahal Arya,Fashion,6562.56,1,25,0.597,19,1,0,0,1,0.349,1
ORD-11240,Aryan Raj,Electronics,4738.78,1,5,0.188,159,1,0,0,0,0.349,1
ORD-11241,Chatresh Bhalla,Electronics,13646.95,1,23,0.232,45,1,0,0,1,0.355,0
ORD-11242,Amara Dyal,Fashion,8669.28,0,10,0.415,168,1,1,0,0,0.368,1
ORD-11243,Zashil Dhingra,Beauty,5324.56,0,8,0.131,2,0,0,0,0,0.281,0
ORD-11244,Chakrika Jani,Mobiles,1124.95,1,29,0.129,69,0,0,0,0,0.375,0
ORD-11245,Jagrati Sethi,Fashion,2046.52,1,18,0.315,692,1,0,0,1,0.653,1
ORD-11246,Udarsh Ramachandran,Home & Kitchen,11389.66,1,11,0.216,50,0,0,0,0,0.263,1
ORD-11247,Yasti Mani,Beauty,3817.3,0,22,0.089,179,0,0,0,0,0.297,0
ORD-11248,Lakshmi Ram,Electronics,8025.2,0,17,0.179,236,0,0,1,0,0.586,0
ORD-11249,Dhriti Bhagat,Home & Kitchen,8804.79,0,11,0.292,217,1,0,0,0,0.319,1
ORD-11250,Zayan Jain,Home & Kitchen,4988.6,0,4,0.054,411,0,0,0,0,0.231,0
ORD-11251,Umang Pillai,Home & Kitchen,5603.66,1,20,0.199,468,1,0,0,0,0.143,1
ORD-11252,Rishi Menon,Fashion,3731.75,0,23,0.572,45,0,0,0,0,0.335,1
ORD-11253,Peter Borde,Electronics,5845.08,1,21,0.442,344,0,0,0,0,0.279,1
ORD-11254,Oscar Varkey,Home & Kitchen,4146.76,1,3,0.236,839,1,0,0,0,0.212,1
ORD-11255,Krishna Baria,Fashion,7500.46,1,6,0.52,406,1,0,0,0,0.238,1
ORD-11256,Arya Lalla,Mobiles,1741.43,0,17,0.305,530,0,0,0,0,0.292,1
ORD-11257,Naveen Kumer,Electronics,4645.69,1,5,0.183,84,0,0,0,0,0.228,1
ORD-11258,Ganga Shukla,Beauty,4669.85,0,27,0.237,159,0,0,0,0,0.215,0
ORD-11259,Balveer Dube,Beauty,4183.36,0,12,0.213,75,0,0,1,1,0.402,0
ORD-11260,Charan Mitra,Beauty,5900.82,1,8,0.136,757,0,0,0,0,0.203,0
ORD-11261,Ishita Bora,Fitness,7480.48,0,14,0.594,436,0,1,0,1,0.538,1
ORD-11262,Thomas Gour,Fitness,6002.43,0,28,0.192,161,0,0,0,0,0.482,0
ORD-11263,Yashasvi Dutta,Beauty,7046.19,1,9,0.268,120,1,0,0,0,0.231,1
ORD-11264,Netra Chanda,Fashion,6778.76,0,10,0.242,90,0,0,0,1,0.444,0
ORD-11265,Timothy Kala,Electronics,6245.37,0,17,0.239,91,0,0,0,0,0.598,0
ORD-11266,Garima Patel,Fashion,1863.54,0,3,0.307,534,2,0,0,1,0.8,0
ORD-11267,Tejas Wali,Mobiles,4019.54,1,6,0.563,97,1,0,0,0,0.278,1
ORD-11268,Aditya Contractor,Home & Kitchen,7484.24,0,8,0.383,154,0,0,0,0,0.436,1
ORD-11269,Sanaya Khosla,Electronics,5083.63,1,12,0.432,21,1,0,0,0,0.228,1
ORD-11270,Balveer Nagi,Electronics,2090.44,0,4,0.092,10,0,1,0,0,0.525,1
ORD-11271,Ishaan Raju,Electronics,4364.02,0,31,0.275,64,1,0,0,0,0.302,1
ORD-11272,Barkha Bakshi,Electronics,8336.87,0,10,0.239,2,0,0,0,0,0.141,1
ORD-11273,Yoshita Trivedi,Electronics,11743.94,0,24,0.12,43,0,0,1,0,0.358,0
ORD-11274,Vidhi Bassi,Electronics,5722.25,1,23,0.209,210,0,0,0,0,0.209,0
ORD-11275,Reyansh Nagi,Mobiles,1397.69,0,16,0.343,157,1,0,0,1,0.17,1
ORD-11276,Gopal Ganesh,Electronics,8905.49,1,11,0.422,619,0,0,0,0,0.52,0
ORD-11277,Dominic Kade,Mobiles,3832.88,0,7,0.191,866,2,0,0,1,0.261,0
ORD-11278,Panini Chawla,Fashion,1476.68,0,21,0.434,225,0,0,0,0,0.437,1
ORD-11279,Radhika Bora,Electronics,4447.25,1,31,0.348,14,0,0,0,0,0.57,0
ORD-11280,Arjun Sharaf,Electronics,4198.39,0,8,0.239,67,0,0,0,1,0.106,0
ORD-11281,Baljiwan Chahal,Fashion,2728.46,0,4,0.525,339,2,0,0,0,0.453,1
ORD-11282,Chatura Gokhale,Electronics,2879.25,0,12,0.357,689,0,0,0,0,0.256,1
ORD-11283,Ekavir Kari,Electronics,4912.28,0,15,0.294,57,1,0,0,1,0.257,1
ORD-11284,Nikita Rama,Fitness,15217.01,1,18,0.248,449,0,0,0,0,0.189,0
ORD-11285,Nidhi Sant,Mobiles,3166.56,1,11,0.219,31,1,1,1,0,0.594,1
ORD-11286,Anay Ramachandran,Beauty,1522.66,0,12,0.208,113,0,1,0,1,0.466,0
ORD-11287,Abeer Bhatnagar,Electronics,7454.86,0,16,0.324,183,0,0,0,1,0.3,1
ORD-11288,Elijah Parmar,Fashion,11896.44,0,18,0.23,323,0,0,1,0,0.397,0
ORD-11289,Bimala Mitra,Electronics,14884.58,1,17,0.334,220,0,0,1,0,0.511,1
ORD-11290,Baghyawati Sarma,Home & Kitchen,2571.77,0,28,0.433,297,0,0,0,0,0.553,0
ORD-11291,Megha Balasubramanian,Fashion,14036.63,1,14,0.213,248,0,1,1,0,0.37,0
ORD-11292,Naksh Walla,Mobiles,2212.28,1,8,0.357,116,0,0,1,0,0.198,0
ORD-11293,Laban Raman,Fashion,7285.57,1,41,0.37,367,0,0,0,0,0.355,0
ORD-11294,Maanas Misra,Mobiles,11651.17,1,15,0.409,59,0,0,0,1,0.247,1
ORD-11295,Advay Dhaliwal,Home & Kitchen,2824.48,1,4,0.265,25,0,0,0,0,0.19,1
ORD-11296,Benjamin Ahluwalia,Electronics,2627.09,1,3,0.186,120,0,0,0,0,0.082,0
ORD-11297,Frederick Mody,Fashion,2500.43,1,8,0.299,384,0,0,0,0,0.351,1
ORD-11298,Hemangini Kakar,Electronics,2849.89,1,26,0.343,3,0,0,0,1,0.506,0
ORD-11299,Yauvani Dhar,Mobiles,6072.33,0,12,0.297,59,0,0,0,0,0.266,0
ORD-11300,Qarin Kant,Home & Kitchen,3787.46,0,17,0.476,213,2,0,0,0,0.514,1
ORD-11301,Rishi Contractor,Mobiles,2764.0,1,12,0.376,26,0,0,0,0,0.224,0
ORD-11302,Chatura Shenoy,Home & Kitchen,1895.1,1,11,0.398,311,0,0,0,0,0.426,0
ORD-11303,Bina Bhavsar,Electronics,11060.12,0,9,0.285,958,0,0,0,0,0.29,0
ORD-11304,Guneet Hora,Home & Kitchen,3153.85,1,11,0.302,81,1,0,0,1,0.18,1
ORD-11305,Ganga Parikh,Electronics,7667.09,0,24,0.194,886,0,0,0,0,0.129,0
ORD-11306,Wahab Chaudhry,Fashion,9032.65,0,24,0.151,58,0,0,0,0,0.083,0
ORD-11307,Ekaraj Hari,Fashion,4864.72,1,23,0.34,254,0,0,0,1,0.198,1
ORD-11308,Vedika Seshadri,Mobiles,4697.82,0,15,0.151,103,0,0,0,0,0.245,0
ORD-11309,Damini Dua,Fashion,1641.28,1,6,0.315,38,0,0,1,0,0.296,1
ORD-11310,Diya Sangha,Electronics,13683.98,0,8,0.228,92,0,0,0,1,0.37,0
ORD-11311,Aayush Munshi,Mobiles,11672.68,0,6,0.173,476,0,0,1,0,0.192,0
ORD-11312,Timothy Sarin,Beauty,2119.04,1,15,0.127,140,0,0,0,1,0.676,0
ORD-11313,Jagvi Desai,Home & Kitchen,826.35,1,3,0.175,383,0,0,1,0,0.202,0
ORD-11314,Varsha Shere,Electronics,8327.21,0,7,0.188,79,0,0,0,0,0.318,0
ORD-11315,Jagrati Mody,Beauty,1912.1,1,14,0.084,582,0,0,0,0,0.303,0
ORD-11316,Ikbal Gill,Home & Kitchen,7986.55,1,12,0.521,39,0,0,0,0,0.23,1
ORD-11317,Avni Dey,Fashion,3000.28,0,23,0.425,558,1,1,1,0,0.335,1
ORD-11318,Adya Bose,Electronics,2696.46,1,7,0.162,525,0,0,0,0,0.147,0
ORD-11319,Anirudh Tripathi,Mobiles,3352.99,0,6,0.558,25,0,0,0,0,0.347,1
ORD-11320,Nidhi Kala,Fashion,6037.03,1,18,0.366,920,0,0,0,0,0.408,1
ORD-11321,Abha Zacharia,Fashion,3634.35,1,14,0.213,278,0,0,0,0,0.155,0
ORD-11322,Manthan Pau,Home & Kitchen,13367.09,0,28,0.062,354,0,0,0,0,0.093,0
ORD-11323,Udant Mannan,Electronics,7631.56,0,18,0.243,899,0,0,0,0,0.342,0
ORD-11324,Ucchal Thaker,Fashion,7963.59,0,16,0.128,46,0,0,0,0,0.386,0
ORD-11325,Mekhala Patla,Mobiles,4484.95,1,24,0.257,44,0,0,0,0,0.342,0
ORD-11326,William Gandhi,Home & Kitchen,10517.45,0,8,0.151,29,0,0,0,0,0.106,0
ORD-11327,Sanaya Dutta,Fashion,3035.92,1,16,0.308,367,0,0,0,0,0.248,1
ORD-11328,Madhav Sule,Fashion,2673.5,0,15,0.264,373,0,0,1,0,0.244,0
ORD-11329,Banjeet Kanda,Fashion,2094.05,1,1,0.166,134,0,0,0,0,0.431,1
ORD-11330,Vincent Bhatnagar,Mobiles,13215.18,0,14,0.435,184,0,1,1,0,0.588,1
ORD-11331,Kala Kaur,Home & Kitchen,8515.61,0,16,0.115,16,1,0,0,0,0.442,1
ORD-11332,Samuel Vasa,Electronics,5802.18,0,10,0.336,49,0,0,0,1,0.151,1
ORD-11333,Lipika Singh,Electronics,10911.55,0,13,0.451,92,2,0,0,0,0.236,1
ORD-11334,Chakradhar Baral,Home & Kitchen,2689.67,0,2,0.277,304,0,0,0,0,0.261,1
ORD-11335,Harshil Verma,Fashion,3880.74,0,26,0.517,437,2,0,0,1,0.328,1
ORD-11336,Adya Ghosh,Beauty,2737.48,1,4,0.008,124,0,0,0,1,0.463,0
ORD-11337,Kritika Pau,Electronics,4895.65,0,8,0.074,530,0,0,0,0,0.395,0
ORD-11338,Zansi Krishnamurthy,Fashion,3240.09,0,35,0.187,413,0,0,0,0,0.098,0
ORD-11339,Udant Varty,Mobiles,2431.04,0,20,0.187,164,0,0,1,0,0.385,0
ORD-11340,Ira Pai,Electronics,4143.43,0,9,0.332,1,0,0,0,0,0.284,1
ORD-11341,Vasatika Ahuja,Home & Kitchen,4879.88,0,12,0.123,22,1,0,0,0,0.527,0
ORD-11342,Ria Gandhi,Home & Kitchen,3126.46,0,13,0.41,112,1,0,0,1,0.45,0
ORD-11343,Faraj Varkey,Mobiles,12453.22,0,19,0.221,174,1,1,0,1,0.206,0
ORD-11344,Siddharth Doctor,Fashion,2549.55,0,12,0.215,339,0,0,0,0,0.154,1
ORD-11345,Nakul Pathak,Fashion,7052.92,0,34,0.491,39,1,0,0,0,0.336,0
ORD-11346,Victor Sachdeva,Beauty,8414.13,1,16,0.208,670,0,0,1,0,0.641,0
ORD-11347,Ishaan Subramaniam,Mobiles,3040.15,0,14,0.31,60,1,0,0,0,0.254,0
ORD-11348,Varenya Kade,Fitness,6718.17,0,23,0.119,194,0,0,0,1,0.543,0
ORD-11349,Nirja Bains,Fashion,3643.68,1,6,0.385,216,0,0,0,1,0.348,1
ORD-11350,Caleb Datta,Home & Kitchen,1339.66,1,20,0.25,118,0,0,0,0,0.105,1
ORD-11351,Krish Vala,Fashion,7645.85,0,10,0.21,8,0,0,1,1,0.343,0
ORD-11352,Manan Bhalla,Beauty,4900.27,1,8,0.134,76,0,0,0,0,0.491,0
ORD-11353,Aarna Gole,Home & Kitchen,10530.62,0,7,0.272,297,1,0,0,0,0.093,1
ORD-11354,Anirudh Mander,Home & Kitchen,7649.49,0,28,0.469,374,1,0,0,1,0.326,1
ORD-11355,Tarak Sen,Electronics,4071.17,1,6,0.081,273,0,0,0,0,0.317,1
ORD-11356,Vasatika Garde,Fashion,7540.7,0,27,0.123,754,0,0,0,1,0.137,1
ORD-11357,Nirja Dhar,Fitness,4849.94,0,14,0.171,38,0,0,0,0,0.275,0
ORD-11358,Yasti Lalla,Beauty,4146.87,0,17,0.268,157,0,0,0,0,0.17,0
ORD-11359,Hema Setty,Fitness,5999.06,1,15,0.061,132,0,0,0,0,0.195,0
ORD-11360,Victor Radhakrishnan,Home & Kitchen,2694.57,1,9,0.491,21,1,0,0,0,0.29,1
ORD-11361,Kevin Chopra,Fashion,6955.59,0,14,0.066,32,0,0,0,0,0.433,0
ORD-11362,Samaksh Virk,Mobiles,3669.43,0,10,0.142,147,0,0,0,0,0.236,0
ORD-11363,Mason Char,Mobiles,14378.53,1,1,0.555,113,1,0,0,0,0.348,1
ORD-11364,Vamakshi Barad,Mobiles,7530.76,1,13,0.215,33,0,0,0,0,0.432,0
ORD-11365,Girik Subramaniam,Mobiles,11293.45,0,10,0.7,204,0,0,0,0,0.403,0
ORD-11366,Aarav Sankar,Beauty,3872.17,1,12,0.095,230,0,0,0,0,0.161,1
ORD-11367,Kamala Bassi,Mobiles,1659.45,1,8,0.522,54,1,1,0,0,0.299,1
ORD-11368,Veer Subramaniam,Mobiles,11057.71,0,20,0.453,190,2,0,0,1,0.237,1
ORD-11369,Inaya Chaudhari,Fashion,11582.48,1,25,0.458,67,1,0,0,0,0.139,1
ORD-11370,Krish Kumar,Beauty,4872.77,0,5,0.138,165,0,0,0,1,0.252,0
ORD-11371,Viraj Chacko,Fashion,1631.07,0,7,0.105,50,0,0,1,0,0.086,0
ORD-11372,Nilima Kurian,Electronics,1907.71,0,11,0.482,77,0,0,0,0,0.248,0
ORD-11373,Abdul Amble,Fashion,4353.69,1,16,0.512,298,1,0,0,0,0.436,1
ORD-11374,Zinal Amble,Home & Kitchen,8327.75,0,16,0.027,729,0,0,0,0,0.194,0
ORD-11375,Samesh Mutti,Mobiles,10795.77,0,8,0.267,167,1,0,0,0,0.258,1
ORD-11376,Janaki Chhabra,Electronics,9076.0,0,15,0.053,161,0,0,0,1,0.048,0
ORD-11377,Pooja Kulkarni,Home & Kitchen,6491.05,1,11,0.538,690,1,0,0,1,0.209,1
ORD-11378,Pallavi Pau,Home & Kitchen,7843.13,1,17,0.426,31,0,0,1,1,0.474,0
ORD-11379,Mekhala Jani,Beauty,2675.69,1,6,0.301,514,0,0,1,0,0.177,1
ORD-11380,Vasudha Gola,Beauty,10392.63,0,29,0.24,504,1,0,0,0,0.292,0
ORD-11381,Veda Kulkarni,Electronics,11732.54,0,12,0.57,115,1,0,0,1,0.275,1
ORD-11382,Hemangini Rao,Electronics,11182.59,0,10,0.33,29,0,0,1,1,0.148,1
ORD-11383,Jagat Karpe,Electronics,5644.27,0,17,0.247,14,0,0,1,0,0.187,0
ORD-11384,Neel Chaudhry,Fashion,2527.37,0,13,0.367,367,1,0,0,1,0.325,1
ORD-11385,Yashoda Rattan,Mobiles,13488.65,0,15,0.126,589,0,0,0,0,0.312,0
ORD-11386,Charles Dyal,Home & Kitchen,4605.98,1,18,0.456,72,0,0,0,0,0.277,1
ORD-11387,Abdul Chand,Electronics,8000.18,0,21,0.009,23,0,0,0,1,0.078,0
ORD-11388,Urishilla Saran,Mobiles,1963.76,0,33,0.526,186,3,0,0,1,0.195,1
ORD-11389,Devansh Lall,Electronics,3911.71,1,6,0.408,402,1,0,0,0,0.402,1
ORD-11390,Kamala Buch,Fashion,1957.52,0,17,0.265,551,1,0,0,1,0.347,0
ORD-11391,Leena Rattan,Mobiles,9994.46,0,14,0.336,176,0,0,0,0,0.372,0
ORD-11392,Dakshesh Gill,Home & Kitchen,1708.39,1,18,0.48,156,1,1,0,0,0.26,1
ORD-11393,Reva Anne,Home & Kitchen,4236.99,1,13,0.178,102,1,0,1,0,0.093,1
ORD-11394,Zarna Mangal,Home & Kitchen,10806.38,1,14,0.204,10,0,0,0,0,0.235,1
ORD-11395,Bahadurjit Uppal,Electronics,7664.09,1,19,0.209,45,0,0,0,1,0.283,0
ORD-11396,Omkaar Banik,Electronics,7043.74,0,16,0.5,602,1,0,0,0,0.323,1
ORD-11397,William Acharya,Home & Kitchen,6544.27,0,8,0.143,55,1,0,0,0,0.344,1
ORD-11398,Gabriel Majumdar,Mobiles,5164.09,1,18,0.231,68,0,0,0,0,0.344,0
ORD-11399,Ira Rana,Home & Kitchen,2555.62,0,24,0.381,15,0,0,1,1,0.142,0
ORD-11400,Sai Vasa,Electronics,4169.25,1,3,0.21,336,0,0,0,1,0.096,0
ORD-11401,Ekapad Chana,Mobiles,10463.91,0,9,0.155,80,0,0,0,0,0.122,0
ORD-11402,Ijaya Palan,Mobiles,3961.51,0,15,0.304,372,0,0,0,0,0.267,0
ORD-11403,Upkaar Hayer,Mobiles,3898.57,0,22,0.194,70,0,0,0,0,0.244,0
ORD-11404,Netra Agrawal,Fashion,9115.93,1,5,0.22,97,2,1,0,0,0.169,1
ORD-11405,Parth Ray,Electronics,7840.7,0,6,0.308,21,0,0,0,0,0.188,0
ORD-11406,Elijah Thakur,Fashion,3526.51,0,26,0.343,119,0,0,0,0,0.273,0
ORD-11407,Harini Dada,Mobiles,5908.83,0,10,0.19,627,0,0,0,0,0.158,0
ORD-11408,Zashil Savant,Home & Kitchen,5595.07,0,6,0.339,1,1,0,0,0,0.456,0
ORD-11409,Veda Kohli,Mobiles,3594.51,0,6,0.262,41,0,0,0,0,0.611,0
ORD-11410,Tara Sharma,Home & Kitchen,3249.33,0,9,0.113,228,2,0,0,1,0.256,0
ORD-11411,Vasatika Dada,Fitness,4357.52,0,16,0.323,84,0,0,0,0,0.261,1
ORD-11412,Ekansh Raja,Mobiles,3856.61,1,5,0.364,171,1,0,0,1,0.277,1
ORD-11413,Victor Mutti,Fashion,3675.25,1,10,0.305,59,1,0,0,1,0.305,1
ORD-11414,Ira Varty,Mobiles,2923.87,0,16,0.462,64,0,0,1,0,0.184,1
ORD-11415,Adya Kothari,Fitness,11540.41,1,27,0.288,8,0,0,0,0,0.336,1
ORD-11416,Girik Rastogi,Mobiles,3362.11,1,13,0.269,217,1,0,1,0,0.35,1
ORD-11417,Faqid Gokhale,Fitness,8470.63,1,8,0.313,58,0,0,0,1,0.312,0
ORD-11418,Dipta Pandya,Electronics,6218.75,1,12,0.246,344,0,0,0,1,0.54,0
ORD-11419,Amruta Goswami,Electronics,2545.73,1,19,0.575,198,0,0,0,0,0.421,1
ORD-11420,Wishi Iyengar,Fashion,22868.22,0,28,0.263,169,0,0,0,1,0.274,0
ORD-11421,Wyatt Lanka,Beauty,7853.32,0,12,0.204,222,2,0,0,0,0.51,0
ORD-11422,Veer Jain,Fashion,5540.61,1,34,0.717,324,0,0,0,0,0.329,1
ORD-11423,Ishani Dugal,Beauty,22669.23,0,10,0.371,1029,0,0,0,0,0.235,1
ORD-11424,Jagdish Brar,Electronics,6276.72,1,17,0.282,861,0,1,0,0,0.217,0
ORD-11425,Abeer Basak,Electronics,7153.14,0,23,0.495,44,0,0,0,0,0.19,1
ORD-11426,Kamya Murty,Fashion,9536.23,1,42,0.5,562,0,0,0,1,0.773,1
ORD-11427,Anvi Swaminathan,Fashion,15504.85,0,16,0.188,1,0,0,0,1,0.422,0
ORD-11428,Yasti Mammen,Electronics,8585.46,0,24,0.322,37,1,0,0,0,0.218,1
ORD-11429,Tristan Dave,Mobiles,5136.93,0,6,0.104,288,0,0,0,1,0.154,1
ORD-11430,Pallavi Sridhar,Mobiles,5041.82,0,4,0.499,135,2,0,0,1,0.315,1
ORD-11431,Yadavi Palan,Fashion,5038.71,1,17,0.393,10,0,0,0,0,0.443,1
ORD-11432,Owen Shankar,Fitness,2651.69,0,7,0.325,375,0,0,0,1,0.422,1
ORD-11433,Zarna Sharma,Fashion,1719.99,1,15,0.228,1180,0,1,1,1,0.416,1
ORD-11434,Abhiram Arora,Electronics,6641.54,1,16,0.347,19,1,0,1,1,0.446,0
ORD-11435,Ladli Chaudhuri,Fashion,3232.11,1,9,0.24,253,0,0,1,0,0.144,0
ORD-11436,Janaki Lad,Fashion,4115.83,0,24,0.161,268,0,0,0,0,0.501,0
ORD-11437,Adya Khalsa,Home & Kitchen,7664.03,1,8,0.421,60,2,0,0,1,0.332,1
ORD-11438,Urishilla Oza,Electronics,3413.11,0,15,0.375,11,0,0,0,1,0.436,0
ORD-11439,Qarin Tara,Mobiles,3820.69,1,5,0.361,663,1,0,0,0,0.397,0
ORD-11440,Shivansh Saini,Electronics,3143.89,0,16,0.428,240,0,1,0,0,0.313,1
ORD-11441,Janya Rattan,Mobiles,6630.14,0,39,0.374,97,0,0,0,0,0.168,0
ORD-11442,Shravya Gole,Home & Kitchen,14179.8,0,13,0.423,10,0,1,0,0,0.497,1
ORD-11443,Veer Chaudhry,Electronics,5732.71,0,11,0.137,459,0,0,1,1,0.151,0
ORD-11444,Warinder Sankaran,Beauty,2410.8,0,9,0.586,501,2,0,0,0,0.524,1
ORD-11445,Rohan Dhingra,Mobiles,2062.71,1,10,0.334,299,0,0,0,0,0.533,1
ORD-11446,Urvashi Andra,Fashion,4769.22,1,16,0.185,252,1,0,0,0,0.202,0
ORD-11447,Oviya Tata,Beauty,3212.07,0,36,0.066,91,0,0,0,0,0.087,0
ORD-11448,Zansi Walla,Home & Kitchen,18281.59,0,2,0.066,95,1,0,1,1,0.36,1
ORD-11449,Vidhi Mital,Electronics,1221.81,0,18,0.269,117,0,0,0,0,0.231,0
ORD-11450,Champak Rao,Fashion,6001.52,0,9,0.245,35,0,0,1,0,0.239,0
ORD-11451,Nihal Bhasin,Fashion,1854.23,1,6,0.213,63,0,0,0,0,0.207,1
ORD-11452,Aachal Soni,Home & Kitchen,17411.96,1,15,0.419,61,0,1,0,0,0.12,1
ORD-11453,Shivani Natt,Mobiles,4167.72,1,25,0.652,625,1,0,0,0,0.545,1
ORD-11454,Jalsa Parsa,Beauty,3972.21,1,6,0.369,291,0,0,0,0,0.199,0
ORD-11455,Hemangini Bahri,Home & Kitchen,1509.89,0,12,0.214,27,0,0,0,1,0.336,0
ORD-11456,Jairaj Panchal,Beauty,1812.86,0,10,0.586,393,1,1,0,0,0.406,1
ORD-11457,Owen Mane,Mobiles,3627.96,1,21,0.326,320,0,0,0,0,0.458,1
ORD-11458,Ekta Uppal,Fitness,6335.92,0,5,0.436,62,1,0,1,1,0.387,1
ORD-11459,Sanya Brar,Fashion,10896.54,0,34,0.447,499,1,1,1,1,0.579,1
ORD-11460,Bhavini Sheth,Mobiles,5563.81,1,12,0.305,209,0,0,0,0,0.097,0
ORD-11461,Oliver Nazareth,Fashion,2324.09,1,20,0.366,98,1,0,0,0,0.473,1
ORD-11462,Nidhi Bora,Fashion,3315.55,1,6,0.265,34,0,0,0,1,0.205,0
ORD-11463,Neel Oza,Mobiles,3631.09,1,18,0.278,247,0,0,0,0,0.408,1
ORD-11464,Dipta Nadig,Fitness,2137.94,0,8,0.042,274,0,0,0,0,0.239,0
ORD-11465,Amara Rana,Electronics,2820.65,0,11,0.26,13,0,0,1,0,0.389,1
ORD-11466,Sai Patil,Fashion,4400.29,0,15,0.211,124,1,0,1,0,0.29,1
ORD-11467,Odika Ganesh,Fashion,11003.82,1,21,0.119,121,0,0,0,0,0.446,0
ORD-11468,Arin Dass,Mobiles,6693.45,0,8,0.131,33,0,0,0,1,0.243,1
ORD-11469,Zayan Buch,Mobiles,7313.47,1,9,0.315,51,0,0,1,0,0.1,0
ORD-11470,Ojas Ranganathan,Mobiles,17569.16,0,21,0.141,236,1,0,0,0,0.239,0
ORD-11471,Girish Bhatt,Electronics,4916.36,0,10,0.365,107,1,0,0,0,0.481,1
ORD-11472,Chatura Bal,Mobiles,6850.83,0,12,0.156,46,0,0,0,0,0.106,1
ORD-11473,Fiyaz Chawla,Electronics,4189.0,0,12,0.278,163,0,0,0,0,0.519,0
ORD-11474,Nachiket Chad,Beauty,5795.92,0,31,0.133,521,0,0,1,0,0.325,0
ORD-11475,Dayamai Karnik,Fashion,3615.04,1,9,0.183,591,0,0,0,0,0.27,1
ORD-11476,Bhanumati Savant,Fashion,9506.05,0,18,0.258,363,0,0,0,0,0.188,0
ORD-11477,Karan Vyas,Home & Kitchen,4097.75,1,14,0.282,1843,1,0,0,0,0.199,0
ORD-11478,Ayush Banerjee,Mobiles,4578.67,1,18,0.717,94,1,0,0,0,0.465,1
ORD-11479,Eshana Soni,Beauty,4181.12,0,19,0.218,127,0,0,1,0,0.475,1
ORD-11480,Anita Saxena,Fitness,3919.01,0,8,0.387,269,1,0,1,0,0.346,0
ORD-11481,Peter Shan,Mobiles,3039.36,0,20,0.278,158,0,0,1,0,0.09,0
ORD-11482,Dayita Palan,Mobiles,11551.91,1,7,0.368,166,0,0,1,1,0.235,0
ORD-11483,Utkarsh Chakraborty,Home & Kitchen,5297.09,1,7,0.308,213,1,1,0,0,0.404,1
ORD-11484,Darika Pau,Home & Kitchen,7691.76,1,7,0.187,81,0,0,0,1,0.486,1
ORD-11485,Abha Dugal,Electronics,2231.73,1,20,0.304,149,0,0,0,1,0.429,1
ORD-11486,Advaith Acharya,Beauty,2575.0,0,2,0.18,274,0,0,0,0,0.235,0
ORD-11487,Hemangini Mangat,Beauty,3224.73,0,21,0.345,42,0,0,0,0,0.294,1
ORD-11488,Abhiram Swamy,Beauty,3762.2,0,19,0.328,396,1,1,0,0,0.261,0
ORD-11489,Chandani Andra,Fitness,3338.72,0,7,0.303,580,0,0,0,0,0.165,0
ORD-11490,Brinda Kashyap,Electronics,1668.12,0,14,0.602,295,0,0,0,1,0.242,1
ORD-11491,Kashvi Gulati,Home & Kitchen,9571.42,1,12,0.059,236,0,0,0,0,0.208,0
ORD-11492,Rajeshri Rana,Beauty,15423.86,1,17,0.411,18,1,0,0,0,0.344,1
ORD-11493,Nihal Ramakrishnan,Beauty,3699.5,0,5,0.31,242,0,0,1,1,0.231,0
ORD-11494,Thomas Lall,Mobiles,2867.47,1,13,0.233,43,0,0,0,1,0.36,0
ORD-11495,Pahal Khatri,Beauty,3961.98,1,3,0.359,193,0,0,0,1,0.165,1
ORD-11496,Bhavani Wali,Mobiles,5741.01,0,7,0.376,128,0,0,0,1,0.209,0
ORD-11497,Nitara Guha,Mobiles,1560.96,1,17,0.285,186,0,0,0,0,0.073,1
ORD-11498,Qabil Deshpande,Beauty,2754.15,0,24,0.014,734,0,0,0,1,0.298,0
ORD-11499,Indrajit Shah,Beauty,5470.67,1,15,0.176,29,0,0,0,0,0.348,0
ORD-11500,Anita Swamy,Home & Kitchen,3977.89,0,11,0.446,114,1,0,0,0,0.506,0
ORD-11501,Ekani Bahl,Electronics,2866.45,0,24,0.476,214,1,0,0,0,0.568,1
ORD-11502,Chandran Warrior,Electronics,5993.87,0,10,0.174,682,0,0,0,0,0.149,0
ORD-11503,Quincy Chaudry,Fashion,5298.07,0,17,0.249,175,0,0,0,0,0.382,0
ORD-11504,Amruta Dass,Mobiles,5273.92,0,16,0.291,331,0,0,0,0,0.128,1
ORD-11505,Abhiram Kaul,Electronics,7691.71,0,14,0.428,39,0,0,0,1,0.136,0
ORD-11506,Matthew Aurora,Fitness,768.35,0,18,0.175,244,0,0,1,1,0.193,1
ORD-11507,Teerth Oommen,Mobiles,8150.86,1,22,0.186,191,0,0,0,1,0.696,1
ORD-11508,Devika Tara,Beauty,7349.42,1,24,0.095,35,0,0,0,0,0.22,0
ORD-11509,Ubika Balay,Electronics,5962.27,1,25,0.346,149,0,0,1,0,0.564,1
ORD-11510,Faris Dhingra,Mobiles,5462.72,0,9,0.292,108,0,0,0,0,0.444,0
ORD-11511,Amaira Ramanathan,Fashion,2768.26,0,20,0.225,34,1,0,0,0,0.162,0
ORD-11512,Upma Golla,Home & Kitchen,1772.5,0,30,0.238,283,0,0,0,0,0.312,1
ORD-11513,Zashil Raj,Mobiles,6334.51,1,7,0.518,231,0,0,0,1,0.212,1
ORD-11514,Jairaj Kothari,Fitness,3534.85,1,15,0.104,50,0,0,0,0,0.203,0
ORD-11515,Saanvi Kota,Electronics,3563.12,0,8,0.237,217,0,0,0,0,0.272,1
ORD-11516,Rushil Sharma,Fashion,7396.26,1,6,0.402,469,0,0,0,0,0.576,1
ORD-11517,Sathvik Solanki,Fashion,4724.19,1,30,0.194,337,0,0,0,0,0.502,0
ORD-11518,Devika Naidu,Electronics,13308.75,0,6,0.184,27,0,0,0,0,0.167,0
ORD-11519,Brijesh Verma,Fitness,3883.62,1,20,0.25,409,1,0,0,0,0.29,1
ORD-11520,Zehaan Srivastava,Home & Kitchen,5011.26,1,17,0.174,250,0,1,0,1,0.259,0
ORD-11521,Rushil Patel,Mobiles,6528.3,0,16,0.101,45,0,0,0,0,0.251,1
ORD-11522,Tejas Chowdhury,Mobiles,2116.45,1,4,0.716,60,1,0,0,0,0.35,1
ORD-11523,Radha Nair,Fitness,2089.62,0,6,0.365,277,0,0,0,0,0.229,0
ORD-11524,Oliver Majumdar,Fashion,2682.46,1,11,0.232,166,0,0,0,1,0.42,0
ORD-11525,Meghana Kibe,Home & Kitchen,8110.5,1,8,0.33,95,0,0,0,0,0.219,0
ORD-11526,Brijesh Soman,Fashion,3688.54,1,17,0.475,50,1,0,1,0,0.293,1
ORD-11527,Kamya Chakraborty,Mobiles,1202.07,1,8,0.558,62,0,0,1,0,0.145,1
ORD-11528,Nakul Tata,Electronics,3983.37,1,5,0.366,52,0,0,1,1,0.293,0
ORD-11529,Hamsini Bhasin,Fashion,6904.91,1,11,0.538,14,0,1,0,0,0.513,1
ORD-11530,Ishani Dube,Mobiles,3045.3,0,8,0.312,239,0,1,0,1,0.092,0
ORD-11531,Jeremiah Sura,Fitness,11850.57,0,6,0.516,9,0,0,0,0,0.326,1
ORD-11532,Edhitha Palan,Fashion,8256.07,0,10,0.375,197,0,0,0,1,0.24,1
ORD-11533,Reyansh Bail,Fashion,2206.79,1,11,0.432,92,2,0,0,0,0.288,1
ORD-11534,Ishita Desai,Home & Kitchen,2681.2,1,5,0.482,199,0,0,0,0,0.395,1
ORD-11535,Balveer Sundaram,Mobiles,15545.98,0,31,0.334,304,0,1,0,0,0.577,1
ORD-11536,Chaitaly Suri,Fitness,8295.91,0,6,0.048,20,0,0,1,0,0.122,0
ORD-11537,Rachit Pall,Electronics,7169.79,1,16,0.336,38,1,0,0,0,0.291,1
ORD-11538,Upadhriti Maharaj,Electronics,3041.46,0,15,0.136,146,1,0,0,0,0.619,0
ORD-11539,Ekapad Wali,Mobiles,14341.05,0,13,0.225,59,0,0,1,0,0.215,1
ORD-11540,Shivani Merchant,Fashion,7940.06,0,24,0.426,97,0,0,0,0,0.263,1
ORD-11541,Jeevika Setty,Fashion,4375.98,0,20,0.595,42,0,0,1,1,0.635,1
ORD-11542,Yashawini Raghavan,Beauty,3162.7,0,18,0.205,97,0,0,0,0,0.345,0
ORD-11543,Anirudh Patla,Fashion,5341.23,0,13,0.229,266,0,0,0,0,0.106,0
ORD-11544,Ekani Bhatnagar,Home & Kitchen,3947.88,1,5,0.339,657,0,0,0,1,0.27,0
ORD-11545,Ranveer Viswanathan,Fitness,4089.76,1,9,0.407,166,1,1,0,0,0.565,1
ORD-11546,Mitesh Mandal,Beauty,3628.79,0,13,0.174,417,0,0,0,0,0.528,0
ORD-11547,Nimrat Nagy,Electronics,3534.54,1,10,0.429,184,1,0,0,0,0.254,1
ORD-11548,Gopal Virk,Home & Kitchen,1645.12,0,21,0.483,195,1,1,0,0,0.478,1
ORD-11549,Caleb Dayal,Fashion,6792.1,0,10,0.35,157,0,0,0,0,0.381,1
ORD-11550,Azad Jaggi,Fitness,9008.78,1,5,0.404,114,1,0,0,0,0.325,1
ORD-11551,Vedika Handa,Fashion,3438.98,0,19,0.832,99,1,0,0,0,0.583,1
ORD-11552,Azad Rama,Fashion,14376.67,0,9,0.235,12,2,0,0,0,0.563,1
ORD-11553,Aahana Bawa,Fitness,2201.39,1,17,0.117,139,0,0,0,0,0.474,1
ORD-11554,Timothy Bobal,Electronics,2355.33,0,10,0.206,287,0,1,0,0,0.239,1
ORD-11555,Sathvik Swamy,Mobiles,11847.86,0,14,0.339,526,0,0,1,1,0.394,0
ORD-11556,Upadhriti Bhat,Home & Kitchen,4305.05,1,7,0.224,228,0,0,0,0,0.402,0
ORD-11557,Ojasvi Pillay,Fitness,7241.1,1,20,0.129,172,0,0,0,1,0.216,1
ORD-11558,Amaira Wadhwa,Electronics,5153.09,0,6,0.271,615,1,0,0,1,0.281,1
ORD-11559,Ekavir Modi,Fashion,1532.27,1,13,0.372,782,0,0,0,1,0.352,0
ORD-11560,Tarak Venkataraman,Mobiles,1927.8,1,10,0.289,228,0,0,0,0,0.385,0
ORD-11561,Harrison Kashyap,Fitness,2607.43,0,30,0.147,214,1,0,0,0,0.251,0
ORD-11562,Ranveer Hans,Fashion,4426.3,1,31,0.32,7,0,0,0,0,0.083,0
ORD-11563,Praneel Sagar,Mobiles,3540.68,1,14,0.513,41,1,0,0,0,0.403,1
ORD-11564,Ishita Shanker,Home & Kitchen,7880.24,0,11,0.148,90,0,0,0,0,0.375,0
ORD-11565,Hemang Ganesan,Electronics,1701.8,1,14,0.092,59,0,1,0,0,0.279,1
ORD-11566,Neelima Thaman,Mobiles,7362.78,0,16,0.115,6,0,0,0,1,0.229,0
ORD-11567,Nakul Walla,Fashion,9912.49,0,4,0.381,138,1,0,1,0,0.307,1
ORD-11568,Indira Murty,Beauty,1321.57,1,9,0.343,93,0,0,1,0,0.327,1
ORD-11569,Kamya Sachar,Beauty,4333.94,0,8,0.444,195,2,0,0,0,0.3,1
ORD-11570,Ekiya Khosla,Electronics,15805.93,1,12,0.112,74,0,0,0,0,0.25,1
ORD-11571,Keya Kumar,Mobiles,4937.71,0,21,0.293,501,0,0,0,0,0.245,1
ORD-11572,Sneha Sem,Beauty,3917.38,0,10,0.144,52,0,0,0,1,0.268,0
ORD-11573,Aadi Banerjee,Fashion,21470.19,1,22,0.272,534,0,0,0,0,0.383,0
ORD-11574,Amol Vasa,Mobiles,13780.13,0,19,0.347,590,0,0,0,0,0.35,0
ORD-11575,Chasmum Ahuja,Mobiles,3892.43,1,11,0.459,217,0,0,1,1,0.303,1
ORD-11576,Tristan Kala,Beauty,4411.7,1,1,0.184,15,1,0,0,0,0.148,1
ORD-11577,Anthony Majumdar,Home & Kitchen,3166.73,1,6,0.349,177,0,0,0,0,0.364,0
ORD-11578,Girindra Barad,Electronics,4908.38,1,21,0.47,343,0,0,1,1,0.234,1
ORD-11579,Ishani Dugal,Electronics,4122.83,1,22,0.393,16,0,0,0,1,0.323,1
ORD-11580,Alka Peri,Mobiles,3384.35,1,31,0.332,35,0,0,0,0,0.396,0
ORD-11581,Viraj Kunda,Fashion,6142.67,0,14,0.153,100,0,0,0,1,0.157,0
ORD-11582,George Ratta,Home & Kitchen,3467.9,0,18,0.417,279,0,0,0,1,0.355,1
ORD-11583,Faras Nair,Electronics,3071.15,0,3,0.113,77,0,0,0,0,0.299,0
ORD-11584,Oscar Sura,Fashion,2558.18,1,20,0.18,209,0,0,0,0,0.5,0
ORD-11585,Charita Barad,Fashion,3265.79,0,15,0.27,98,1,0,0,1,0.343,1
ORD-11586,Farhan Bhalla,Fitness,2484.06,0,14,0.412,51,0,0,0,1,0.261,1
ORD-11587,Ijaya Saraf,Mobiles,3153.97,1,27,0.192,131,1,1,0,0,0.296,1
ORD-11588,Jai Karan,Electronics,1009.32,1,18,0.527,461,1,0,0,0,0.423,1
ORD-11589,Lavanya Bhagat,Fashion,2070.53,0,13,0.33,739,1,0,0,0,0.169,1
ORD-11590,Benjamin Nagar,Fashion,2211.24,0,10,0.288,61,0,0,0,0,0.252,1
ORD-11591,Eta Thakkar,Fashion,3860.69,1,18,0.389,162,0,0,0,0,0.496,1
ORD-11592,Michael Bedi,Mobiles,9399.01,0,21,0.392,41,0,0,0,1,0.152,1
ORD-11593,Sanaya Thaman,Home & Kitchen,9503.06,0,6,0.126,34,0,0,0,1,0.443,0
ORD-11594,Tristan Sankaran,Electronics,3702.91,0,15,0.171,135,0,0,1,1,0.435,1
ORD-11595,Meera Divan,Home & Kitchen,3934.03,0,8,0.227,269,0,0,0,0,0.192,0
ORD-11596,Gayathri Butala,Fitness,9111.89,0,10,0.159,25,1,0,0,0,0.222,0
ORD-11597,Chandran Rastogi,Electronics,11727.37,1,17,0.559,676,0,1,0,1,0.332,1
ORD-11598,Frederick Rastogi,Electronics,4361.73,0,16,0.152,398,0,0,0,1,0.318,0
ORD-11599,Kalpit Deshmukh,Mobiles,3693.94,1,12,0.301,249,0,0,0,0,0.28,1
ORD-11600,Rudra Sura,Home & Kitchen,4245.17,0,19,0.082,1,0,0,0,0,0.252,0
ORD-11601,Rohan Viswanathan,Fashion,4950.05,0,13,0.114,81,0,0,0,1,0.48,1
ORD-11602,Xavier Bora,Mobiles,5013.15,1,10,0.304,164,0,1,0,0,0.231,1
ORD-11603,Qushi Naik,Fashion,4055.52,1,4,0.314,30,2,0,0,0,0.214,0
ORD-11604,Isaiah Sachdev,Home & Kitchen,22695.66,1,21,0.435,1474,0,0,1,0,0.524,1
ORD-11605,Jasmit Pall,Mobiles,3837.84,0,13,0.558,27,0,0,0,1,0.348,1
ORD-11606,Ekani Padmanabhan,Fashion,7065.9,0,16,0.374,33,1,0,0,0,0.257,1
ORD-11607,Dalaja Gara,Fitness,5201.16,1,9,0.162,175,0,1,0,0,0.131,0
ORD-11608,Riya Dhingra,Beauty,1853.95,0,16,0.207,303,0,0,0,1,0.16,0
ORD-11609,Chaitanya Kaur,Beauty,7392.49,1,15,0.13,273,0,0,0,0,0.209,1
ORD-11610,Kashvi Dugal,Fitness,7100.28,1,23,0.212,62,1,0,0,0,0.405,0
ORD-11611,Isaiah Bhagat,Electronics,5048.35,0,7,0.279,106,0,0,0,0,0.298,0
ORD-11612,Manbir Mani,Mobiles,10683.91,0,13,0.371,101,1,0,0,1,0.328,0
ORD-11613,Hemal Choudhry,Mobiles,3188.4,1,31,0.237,24,2,0,0,0,0.309,1
ORD-11614,Shivani Sinha,Fitness,1784.71,1,43,0.155,414,0,0,0,0,0.222,0
ORD-11615,Garima Kadakia,Beauty,7198.17,1,8,0.127,252,1,0,0,0,0.224,0
ORD-11616,Samar Virk,Electronics,5634.38,0,20,0.364,90,0,0,0,0,0.517,1
ORD-11617,Vasudha Dhaliwal,Beauty,1371.71,1,10,0.242,291,1,1,0,0,0.343,1
ORD-11618,Krisha Vyas,Fashion,1896.93,1,7,0.646,97,1,0,1,1,0.607,1
ORD-11619,Aadhya Garde,Fashion,4732.3,0,20,0.169,336,0,0,0,1,0.401,1
ORD-11620,Bhanumati Iyer,Fashion,3888.44,0,23,0.471,35,0,0,0,1,0.562,1
ORD-11621,Chatresh Shroff,Fitness,11013.21,1,9,0.142,175,0,0,0,0,0.497,0
ORD-11622,Ekalinga Rama,Electronics,2607.77,1,14,0.454,34,0,0,0,0,0.25,1
ORD-11623,Jagvi Chokshi,Fashion,1830.8,0,9,0.442,36,1,0,0,1,0.287,1
ORD-11624,Brinda Raju,Fashion,9610.42,1,10,0.432,56,0,0,0,0,0.447,1
ORD-11625,Lajita Trivedi,Mobiles,10767.15,1,6,0.481,19,1,1,0,0,0.328,1
ORD-11626,Diya Sundaram,Home & Kitchen,6232.55,0,8,0.279,31,0,0,0,0,0.626,1
ORD-11627,Quincy Issac,Fitness,3048.42,0,11,0.144,4,0,0,0,0,0.106,0
ORD-11628,Anthony Baral,Fashion,3222.38,0,5,0.336,84,0,0,0,0,0.185,1
ORD-11629,Dalaja Nath,Beauty,2000.59,0,16,0.143,168,0,0,1,0,0.454,0
ORD-11630,Maya Dugar,Fitness,1968.43,1,11,0.436,74,2,1,0,0,0.678,1
ORD-11631,Idika Pandey,Electronics,2113.66,1,17,0.302,208,0,0,0,1,0.302,0
ORD-11632,Chasmum Keer,Home & Kitchen,6462.66,0,15,0.706,109,1,1,0,1,0.419,1
ORD-11633,David Kurian,Fitness,12697.63,1,5,0.345,252,0,0,0,0,0.211,1
ORD-11634,Ayushman Mammen,Mobiles,4626.1,1,11,0.374,315,1,0,0,1,0.326,1
ORD-11635,Max Om,Home & Kitchen,5359.34,1,24,0.14,50,0,0,0,0,0.226,0
ORD-11636,Laksh Chahal,Fashion,7194.56,1,13,0.615,453,0,1,0,0,0.229,1
ORD-11637,Utkarsh Sahni,Mobiles,3738.59,0,25,0.217,275,1,0,0,0,0.359,0
ORD-11638,Michael Sandhu,Fashion,1884.24,0,16,0.25,752,0,0,0,0,0.41,1
ORD-11639,Forum Sen,Beauty,7198.68,0,11,0.087,575,0,0,0,0,0.552,0
ORD-11640,Samuel Devi,Fitness,20848.8,0,14,0.19,28,0,0,0,1,0.374,0
ORD-11641,Lakshit More,Fashion,4326.27,1,9,0.335,35,0,0,0,1,0.571,1
ORD-11642,Qushi Dhillon,Home & Kitchen,9061.31,0,4,0.4,453,2,0,1,0,0.177,0
ORD-11643,Eesha Bir,Fitness,10205.1,0,19,0.24,162,0,0,0,0,0.223,0
ORD-11644,Qarin Nadkarni,Fitness,6642.89,1,12,0.378,323,0,0,0,1,0.278,1
ORD-11645,Ayushman Nagar,Fashion,7959.39,0,6,0.387,223,0,0,0,0,0.268,1
ORD-11646,Nisha Mitter,Beauty,2527.28,1,13,0.098,21,0,0,0,0,0.101,0
ORD-11647,Anusha Doshi,Fitness,3583.35,0,19,0.178,152,0,0,0,0,0.132,0
ORD-11648,Hredhaan Deep,Electronics,4385.12,1,21,0.137,431,0,0,0,0,0.171,0
ORD-11649,Atharv Loke,Electronics,2512.49,0,16,0.21,53,1,0,1,1,0.567,0
ORD-11650,Vincent Kashyap,Fitness,6410.28,0,29,0.088,562,1,0,0,0,0.133,0
ORD-11651,Jagrati Buch,Mobiles,6041.1,1,10,0.354,168,0,0,0,0,0.3,1
ORD-11652,Krish Thakkar,Home & Kitchen,1916.33,1,18,0.283,580,0,0,1,0,0.541,1
ORD-11653,Kashvi Gour,Mobiles,2378.17,0,8,0.437,85,0,0,0,0,0.132,0
ORD-11654,Vyanjana Som,Home & Kitchen,4068.51,1,15,0.19,63,0,0,0,1,0.404,1
ORD-11655,Nihal Hans,Electronics,5427.67,0,21,0.372,50,0,0,0,0,0.565,0
ORD-11656,Bachittar Rege,Home & Kitchen,3689.33,1,15,0.093,429,0,0,0,0,0.305,0
ORD-11657,Anamika Sachar,Fitness,1716.35,1,21,0.329,79,0,0,0,0,0.323,0
ORD-11658,Samaksh Jayaraman,Fitness,4110.31,0,4,0.377,495,0,0,0,0,0.362,0
ORD-11659,Peter Sarna,Fitness,3736.07,1,8,0.414,498,0,1,0,0,0.394,1
ORD-11660,Ekta Shankar,Electronics,1145.39,0,18,0.16,194,0,0,1,1,0.126,0
ORD-11661,Prisha Ravel,Fashion,1999.0,1,7,0.472,113,0,0,0,1,0.224,1
ORD-11662,Lajita Munshi,Electronics,5466.24,0,36,0.25,40,0,0,1,0,0.181,0
ORD-11663,Balvan Verma,Mobiles,9051.78,0,24,0.227,252,0,0,1,0,0.427,1
ORD-11664,Siya Shan,Fitness,4505.7,0,8,0.373,429,0,0,1,0,0.255,1
ORD-11665,Yatan Venkataraman,Fashion,4486.89,0,19,0.09,31,0,0,0,0,0.054,0
ORD-11666,Balveer Ram,Home & Kitchen,2469.25,0,15,0.095,147,0,0,1,0,0.138,0
ORD-11667,Ranveer Manne,Home & Kitchen,3167.02,0,22,0.323,32,1,1,0,0,0.36,1
ORD-11668,Mitali Modi,Home & Kitchen,1996.43,1,7,0.429,310,1,0,0,1,0.203,1
ORD-11669,Triya Ganesan,Electronics,5395.11,0,3,0.302,412,0,0,0,0,0.235,0
ORD-11670,Chaitaly Bhagat,Mobiles,1672.31,1,6,0.231,1064,0,1,0,0,0.239,1
ORD-11671,Ubika Seth,Mobiles,4031.11,0,7,0.325,207,0,0,0,1,0.18,0
ORD-11672,Xiti Chowdhury,Home & Kitchen,2559.43,1,7,0.267,179,0,0,1,0,0.169,0
ORD-11673,Krishna Ramaswamy,Mobiles,4806.94,1,28,0.37,28,0,0,0,1,0.318,1
ORD-11674,Ekiya Seshadri,Home & Kitchen,7983.87,1,21,0.341,57,1,0,0,0,0.273,1
ORD-11675,Praneel Setty,Mobiles,3998.38,1,22,0.262,81,0,0,0,1,0.08,1
ORD-11676,Suhani Chana,Electronics,2419.72,1,31,0.336,115,1,0,0,1,0.145,1
ORD-11677,Ekiya Gade,Home & Kitchen,3550.44,0,8,0.209,444,0,0,1,1,0.461,0
ORD-11678,Gavin Comar,Fitness,4977.1,0,10,0.314,166,2,0,0,1,0.601,1
ORD-11679,Janani Chada,Mobiles,4310.64,0,10,0.542,856,1,0,0,0,0.257,1
ORD-11680,Yasti Dutta,Home & Kitchen,4402.85,0,11,0.207,14,0,1,0,0,0.145,0
ORD-11681,Lajita Bassi,Fashion,3466.09,1,13,0.399,176,1,0,0,1,0.855,0
ORD-11682,Gautami Doctor,Electronics,3602.2,1,7,0.203,223,0,0,1,0,0.349,0
ORD-11683,Maanav Gola,Home & Kitchen,3798.37,0,21,0.38,162,0,0,0,1,0.445,1
ORD-11684,Oni Morar,Fashion,3672.12,0,9,0.604,16,0,1,0,0,0.253,1
ORD-11685,Sanaya Mani,Mobiles,5451.01,1,2,0.178,703,0,1,0,1,0.267,1
ORD-11686,Jacob Deep,Electronics,7078.37,1,12,0.382,101,0,0,0,1,0.499,0
ORD-11687,Aarush Kulkarni,Mobiles,1982.66,0,8,0.169,71,0,0,0,0,0.066,0
ORD-11688,Tara Tank,Fashion,1750.77,0,19,0.547,97,0,0,0,0,0.444,1
ORD-11689,Abdul Tak,Electronics,3725.52,1,21,0.036,372,0,0,0,0,0.457,0
ORD-11690,Teerth Soni,Mobiles,10347.72,0,5,0.22,1166,0,0,0,0,0.03,0
ORD-11691,Nimrat Sathe,Fashion,2543.67,0,20,0.282,43,0,0,1,1,0.551,0
ORD-11692,Abeer Konda,Mobiles,2821.15,1,18,0.244,183,0,0,0,0,0.159,0
ORD-11693,Sarthak Bawa,Home & Kitchen,4354.35,1,39,0.107,76,0,0,0,0,0.234,0
ORD-11694,Manbir Bhakta,Electronics,8443.37,0,14,0.516,161,1,0,0,1,0.294,1
ORD-11695,Balhaar Dhillon,Fashion,3896.19,0,19,0.45,56,0,0,0,0,0.408,1
ORD-11696,Chanchal Narula,Electronics,5458.93,0,23,0.225,109,0,0,0,0,0.18,1
ORD-11697,Chandran Chopra,Electronics,6034.24,0,16,0.291,62,0,0,0,1,0.357,0
ORD-11698,Pranav Edwin,Electronics,7896.67,0,9,0.478,11,0,1,1,1,0.65,1
ORD-11699,Peter Shah,Mobiles,1448.05,0,12,0.35,215,0,1,0,1,0.37,0
ORD-11700,Balendra Chander,Fashion,3052.86,1,11,0.395,469,0,0,0,0,0.192,0
ORD-11701,Ekantika Pillay,Home & Kitchen,5484.63,1,16,0.518,187,2,1,0,0,0.32,1
ORD-11702,Ekansh Sane,Fashion,14994.33,1,26,0.239,277,1,0,0,0,0.228,0
ORD-11703,Brinda Sinha,Electronics,10247.37,1,11,0.391,396,0,0,0,0,0.299,1
ORD-11704,Jairaj Maharaj,Fitness,5259.76,0,7,0.339,272,0,0,0,1,0.178,0
ORD-11705,Odika Vohra,Mobiles,2729.22,1,8,0.249,572,0,0,0,0,0.542,0
ORD-11706,Shaurya Bhardwaj,Fitness,5666.46,0,18,0.104,455,0,0,0,0,0.034,1
ORD-11707,Gagan Sule,Beauty,2556.28,1,8,0.462,109,0,0,1,1,0.521,0
ORD-11708,Prisha Nadig,Electronics,3718.41,0,11,0.334,601,0,0,0,0,0.307,0
ORD-11709,Irya Dayal,Mobiles,5859.73,0,7,0.266,134,0,1,0,0,0.342,1
ORD-11710,Zinal Tank,Fashion,2338.83,0,7,0.423,114,1,0,0,1,0.151,0
ORD-11711,Pranit Kaul,Fashion,12529.05,0,15,0.364,157,0,0,1,1,0.262,0
ORD-11712,Rishi Agarwal,Mobiles,2406.46,1,6,0.322,301,0,0,0,0,0.481,0
ORD-11713,Arjun Shroff,Home & Kitchen,1288.6,1,14,0.332,46,0,0,0,0,0.309,1
ORD-11714,Sarthak Sachdeva,Fitness,4052.06,0,11,0.049,159,0,0,0,1,0.397,0
ORD-11715,Chakradev Nath,Fashion,2663.33,1,34,0.151,100,0,0,0,0,0.365,0
ORD-11716,Simon Apte,Home & Kitchen,10390.11,0,7,0.351,94,1,0,0,1,0.144,1
ORD-11717,Baghyawati Kumar,Fashion,6611.94,0,6,0.175,65,0,0,0,1,0.193,1
ORD-11718,Darika Mital,Fashion,2934.87,0,8,0.294,32,0,0,1,0,0.356,0
ORD-11719,Abeer Comar,Mobiles,6450.48,1,32,0.433,63,0,0,0,0,0.135,1
ORD-11720,Harita Randhawa,Mobiles,10682.4,0,11,0.182,78,0,0,0,0,0.365,1
ORD-11721,Parth Hari,Beauty,2200.58,1,14,0.147,496,1,0,0,0,0.186,0
ORD-11722,Hamsini Srinivas,Fashion,4394.15,0,23,0.307,508,0,0,0,0,0.494,0
ORD-11723,Balendra Deshpande,Mobiles,3404.87,1,5,0.216,84,0,0,0,0,0.32,0
ORD-11724,Nachiket Sharma,Fashion,5024.51,0,3,0.25,203,0,0,0,0,0.319,1
ORD-11725,Turvi Sachdev,Fashion,3138.88,1,15,0.128,41,0,0,0,0,0.389,0
ORD-11726,Chandani Mutti,Fashion,8747.11,1,10,0.17,65,0,0,0,1,0.181,0
ORD-11727,Sathvik Narula,Beauty,3742.11,0,8,0.043,233,1,0,0,0,0.431,0
ORD-11728,Dominic Dixit,Electronics,5664.85,1,1,0.241,3,0,0,0,0,0.611,0
ORD-11729,Azaan Nori,Fashion,3101.92,0,11,0.342,516,1,0,0,0,0.166,0
ORD-11730,Noah Ramachandran,Electronics,5604.82,1,14,0.545,67,1,0,0,1,0.453,1
ORD-11731,Jackson Morar,Mobiles,18555.0,0,7,0.174,166,0,0,1,0,0.355,1
ORD-11732,Azad Magar,Electronics,14581.77,0,23,0.235,773,0,0,0,0,0.234,0
ORD-11733,Gabriel Taneja,Fashion,4651.54,1,3,0.509,23,0,0,0,0,0.242,1
ORD-11734,Kamya Seth,Fashion,6092.4,0,27,0.413,391,1,0,0,1,0.321,1
ORD-11735,Tarak Vohra,Electronics,3283.5,0,22,0.291,146,0,0,0,0,0.175,0
ORD-11736,Parth Choudhury,Home & Kitchen,4901.99,0,20,0.219,440,1,0,0,0,0.524,0
ORD-11737,Baljiwan Jaggi,Fashion,2579.93,0,22,0.416,350,0,0,0,0,0.436,0
ORD-11738,Sachi Toor,Mobiles,5343.94,1,19,0.249,542,0,0,1,1,0.413,0
ORD-11739,Vasudha Tella,Mobiles,9095.17,0,13,0.258,31,0,0,0,0,0.095,0
ORD-11740,Ranveer Oak,Fashion,4527.42,1,7,0.316,440,0,0,0,0,0.54,0
ORD-11741,Dayita Narang,Electronics,5094.49,1,16,0.15,181,1,0,0,1,0.251,0
ORD-11742,Guneet Varty,Fashion,16593.7,1,8,0.347,116,0,0,0,0,0.185,0
ORD-11743,Samesh Bansal,Electronics,7092.38,1,33,0.322,93,0,0,0,0,0.725,0
ORD-11744,Lila Vig,Fashion,7484.78,1,17,0.604,1,1,0,1,1,0.381,1
ORD-11745,Aayush Mukhopadhyay,Beauty,4414.67,1,23,0.261,1,0,0,0,0,0.312,1
ORD-11746,Gagan Nath,Fitness,6573.17,1,11,0.129,74,0,0,0,0,0.136,0
ORD-11747,Chakradhar Chauhan,Fitness,8333.92,0,11,0.092,2,0,0,0,1,0.354,0
ORD-11748,Arin Muni,Fitness,12022.19,0,28,0.179,662,0,0,1,0,0.646,1
ORD-11749,Ekani Iyer,Fashion,6257.49,0,24,0.161,257,0,0,0,0,0.258,0
ORD-11750,Bhavini Malhotra,Beauty,3821.71,1,17,0.086,111,1,0,0,0,0.551,0
ORD-11751,Ridhi Dalal,Electronics,4728.77,1,25,0.268,366,0,0,0,0,0.193,0
ORD-11752,Manthan Dugar,Home & Kitchen,3710.14,1,15,0.21,77,2,0,0,1,0.108,0
ORD-11753,Ishwar Aurora,Mobiles,5323.18,0,5,0.418,177,0,0,0,0,0.435,1
ORD-11754,Samuel Palla,Electronics,12416.24,1,14,0.151,5,0,0,0,1,0.05,0
ORD-11755,Anika Dhaliwal,Mobiles,7494.36,1,17,0.458,183,1,0,0,0,0.246,1
ORD-11756,Yash Garg,Electronics,3018.98,0,16,0.216,71,0,0,0,0,0.312,1
ORD-11757,Deepa Nigam,Fashion,2912.36,1,30,0.301,96,0,0,0,1,0.433,1
ORD-11758,Chandresh De,Beauty,4083.02,0,35,0.104,947,0,0,0,1,0.154,1
ORD-11759,Urishilla Bedi,Electronics,6238.08,0,17,0.133,321,1,0,0,1,0.466,0
ORD-11760,Leela Bhagat,Home & Kitchen,8173.72,1,14,0.225,111,0,0,0,1,0.169,0
ORD-11761,Pooja Ramanathan,Fashion,2369.25,1,34,0.271,441,0,0,1,1,0.496,1
ORD-11762,Sanaya Parekh,Fashion,3145.64,0,21,0.445,73,1,0,0,1,0.14,0
ORD-11763,Gaurangi Hora,Home & Kitchen,5258.77,0,25,0.292,437,0,0,0,1,0.572,1
ORD-11764,Udyati Deep,Fitness,2132.34,1,23,0.266,776,1,0,0,1,0.26,1
ORD-11765,Upadhriti Chatterjee,Mobiles,9021.0,1,9,0.204,298,0,0,0,0,0.209,0
ORD-11766,Dayita Shroff,Fashion,6485.97,0,9,0.4,246,2,0,1,1,0.348,0
ORD-11767,Vincent Kapur,Fitness,9470.45,1,7,0.153,76,0,0,0,0,0.146,0
ORD-11768,Aarna Patla,Home & Kitchen,10331.42,1,12,0.178,55,0,0,0,0,0.26,1
ORD-11769,Qadim Narayanan,Electronics,18758.53,1,9,0.346,415,0,0,0,1,0.153,0
ORD-11770,Sudiksha Sura,Beauty,2093.58,0,10,0.27,346,0,0,0,0,0.315,0
ORD-11771,Dhruv Soman,Home & Kitchen,6210.07,0,21,0.348,288,0,0,0,1,0.212,1
ORD-11772,Indali Srinivas,Home & Kitchen,2480.43,1,11,0.18,20,0,0,0,0,0.754,1
ORD-11773,Onkar Mandal,Fashion,4305.47,0,20,0.361,222,0,1,0,1,0.241,0
ORD-11774,Joshua Trivedi,Fitness,1318.61,0,20,0.12,83,0,0,0,1,0.387,0
ORD-11775,Nidra Chhabra,Fashion,4078.43,0,6,0.377,257,0,0,0,0,0.315,1
ORD-11776,Ekavir Mittal,Home & Kitchen,4149.74,1,14,0.178,54,0,0,0,0,0.427,0
ORD-11777,Nandini Sachdev,Fitness,7638.44,1,12,0.283,131,0,0,0,0,0.258,0
ORD-11778,Yagnesh Dutt,Mobiles,6693.51,1,10,0.594,672,1,0,0,1,0.437,1
ORD-11779,Leena Bhatti,Electronics,2727.39,1,9,0.379,123,0,0,0,1,0.205,0
ORD-11780,Sathvik Sankar,Fitness,8391.77,1,15,0.44,41,1,1,0,1,0.286,1
ORD-11781,Hema Keer,Fitness,3411.48,1,11,0.473,35,0,0,0,1,0.242,0
ORD-11782,Faras Sur,Mobiles,4509.45,0,13,0.3,30,1,0,0,0,0.522,1
ORD-11783,Ubika Nanda,Fitness,3734.34,0,25,0.007,3,0,0,0,0,0.259,0
ORD-11784,Sai Goda,Fashion,2669.44,1,6,0.285,448,0,0,0,0,0.201,1
ORD-11785,Nidra Boase,Beauty,3325.74,0,7,0.3,257,0,0,0,0,0.435,0
ORD-11786,Ladli Narang,Fitness,2686.91,1,12,0.08,10,0,0,0,1,0.165,0
ORD-11787,Darsh Chana,Electronics,2063.66,1,18,0.189,66,0,0,0,0,0.455,1
ORD-11788,Liam Acharya,Fitness,5350.81,0,12,0.191,4,0,0,0,0,0.157,1
ORD-11789,Manthan Sethi,Home & Kitchen,5090.87,1,8,0.339,70,1,0,0,0,0.473,1
ORD-11790,Madhavi Sekhon,Fitness,3105.96,0,10,0.261,23,1,0,0,0,0.253,0
ORD-11791,Samesh Nadig,Home & Kitchen,2599.36,0,6,0.15,462,0,0,0,0,0.681,0
ORD-11792,Daksha Saran,Fitness,3436.04,0,25,0.062,375,0,0,1,0,0.418,0
ORD-11793,Gaurav Anand,Home & Kitchen,4254.41,0,12,0.457,533,1,0,0,0,0.391,0
ORD-11794,Joshua Menon,Fashion,1379.43,1,24,0.367,24,0,0,1,0,0.398,1
ORD-11795,Kala Bera,Electronics,2192.21,1,12,0.63,107,2,1,0,1,0.494,1
ORD-11796,Jagrati Choudhary,Home & Kitchen,2116.82,1,12,0.221,154,1,0,0,1,0.648,0
ORD-11797,Azaan Keer,Fashion,4507.46,0,13,0.42,380,0,0,0,0,0.426,0
ORD-11798,Meera Nadkarni,Mobiles,35650.26,0,2,0.158,355,0,0,0,0,0.311,0
ORD-11799,Nidra Raj,Beauty,5617.73,1,10,0.41,179,0,1,0,1,0.231,1
ORD-11800,Siddharth Ghose,Mobiles,2275.4,1,8,0.099,978,0,0,0,1,0.425,0
ORD-11801,Liam Guha,Electronics,11728.72,1,14,0.209,407,1,0,0,1,0.315,0
ORD-11802,Jagvi Sahni,Electronics,3267.6,0,28,0.248,320,0,0,0,0,0.445,0
ORD-11803,Bhavya Dass,Home & Kitchen,9759.42,0,5,0.157,86,0,0,0,0,0.225,0
ORD-11804,Advay Bora,Home & Kitchen,954.57,1,2,0.325,388,0,0,0,0,0.297,1
ORD-11805,Maanas Sur,Fashion,1661.0,1,6,0.564,325,0,0,0,1,0.266,1
ORD-11806,Laban Chad,Mobiles,3392.38,1,10,0.333,397,1,0,0,0,0.211,0
ORD-11807,Ojasvi Shah,Home & Kitchen,4295.84,0,8,0.341,77,0,0,1,1,0.193,0
ORD-11808,Pranit Sha,Electronics,4859.99,0,22,0.246,27,0,0,0,0,0.155,1
ORD-11809,Shivani Rajagopalan,Fashion,6001.46,1,14,0.326,131,1,0,0,0,0.423,0
ORD-11810,Upkaar Grewal,Mobiles,3548.54,1,13,0.272,100,1,0,1,1,0.125,0
ORD-11811,Abhimanyu Tara,Electronics,2964.81,1,15,0.222,183,0,0,0,1,0.518,0
ORD-11812,Yachana Luthra,Electronics,1288.99,1,14,0.345,16,0,0,0,0,0.269,0
ORD-11813,Jeevika Bandi,Fashion,3707.78,0,15,0.582,43,1,0,0,0,0.237,1
ORD-11814,Vasudha Pillay,Mobiles,3571.47,1,13,0.106,54,0,0,0,0,0.36,0
ORD-11815,Vasatika Buch,Beauty,6065.71,0,8,0.442,160,0,0,0,0,0.308,0
ORD-11816,Ati Shroff,Beauty,6516.37,1,7,0.034,314,0,0,0,0,0.065,1
ORD-11817,Gaurang Korpal,Electronics,7491.96,0,26,0.283,7,1,0,1,0,0.269,1
ORD-11818,Faras Zacharia,Fashion,5825.58,0,10,0.204,58,0,1,0,0,0.464,0
ORD-11819,Chatresh Oza,Electronics,2431.74,0,12,0.271,3,0,0,0,1,0.731,0
ORD-11820,Upasna Setty,Fashion,1474.68,1,15,0.438,34,0,0,1,0,0.524,1
ORD-11821,Garima Sama,Home & Kitchen,4870.5,1,6,0.399,223,0,0,0,1,0.416,1
ORD-11822,Chaitaly Mann,Fashion,4425.77,0,13,0.473,114,1,0,0,0,0.206,0
ORD-11823,Balendra Modi,Mobiles,6631.41,0,26,0.255,17,1,0,0,0,0.469,0
ORD-11824,Darsh Solanki,Electronics,6107.75,0,8,0.022,81,0,0,0,0,0.14,0
ORD-11825,Charan Manne,Electronics,4541.15,0,32,0.209,334,0,0,1,0,0.482,0
ORD-11826,Bhavini Sundaram,Mobiles,2479.68,1,21,0.475,252,1,0,0,0,0.174,1
ORD-11827,Jonathan Tiwari,Electronics,5431.74,1,17,0.389,294,1,0,0,1,0.172,1
ORD-11828,Arunima Krishnan,Electronics,8875.5,1,8,0.38,12,1,0,0,0,0.14,1
ORD-11829,Avni Maharaj,Fitness,2759.06,1,11,0.387,283,0,0,0,0,0.223,0
ORD-11830,Akshay Choudhury,Home & Kitchen,2424.96,0,24,0.358,157,0,0,0,1,0.286,1
ORD-11831,Matthew Sekhon,Beauty,1434.71,1,5,0.491,130,0,0,0,0,0.39,1
ORD-11832,Parth Lal,Fashion,3556.42,0,12,0.156,113,0,0,0,0,0.633,0
ORD-11833,Vedhika Golla,Electronics,3427.53,0,12,0.479,163,0,0,0,0,0.218,0
ORD-11834,Hemal Chad,Home & Kitchen,4141.84,0,4,0.097,884,0,0,0,1,0.744,0
ORD-11835,Mitesh Tandon,Electronics,20786.76,1,24,0.294,680,0,0,0,0,0.153,1
ORD-11836,Leela Khanna,Fashion,3406.83,0,7,0.342,295,0,1,0,0,0.293,1
ORD-11837,Oliver Kade,Home & Kitchen,1684.1,0,5,0.224,197,0,0,1,0,0.318,1
ORD-11838,Chatura Lalla,Mobiles,4156.9,0,7,0.405,253,1,1,0,0,0.289,1
ORD-11839,Charles Ganesh,Fashion,7917.19,0,27,0.199,141,0,0,0,0,0.422,0
ORD-11840,Mohini Soni,Fashion,3864.77,1,11,0.763,160,0,0,0,0,0.477,1
ORD-11841,Vamakshi Walia,Fitness,6438.37,1,30,0.018,118,0,0,0,0,0.443,0
ORD-11842,Ladli Ramakrishnan,Fitness,6946.75,1,3,0.161,129,0,0,0,0,0.186,0
ORD-11843,Adweta Dhillon,Home & Kitchen,1915.01,1,15,0.242,129,0,0,0,0,0.439,1
ORD-11844,Advik Mani,Fashion,3791.8,1,9,0.214,519,0,0,0,0,0.319,0
ORD-11845,Lavanya Mutti,Fashion,2925.04,1,14,0.465,337,2,0,0,0,0.254,1
ORD-11846,Gunbir Wali,Fashion,3042.11,1,9,0.276,118,0,0,0,0,0.453,1
ORD-11847,Rachana Mahajan,Electronics,6996.17,0,9,0.195,12,0,0,1,1,0.249,0
ORD-11848,Anamika Loke,Home & Kitchen,946.77,0,5,0.05,151,0,0,0,0,0.119,0
ORD-11849,Aadhya Raman,Mobiles,6098.02,0,9,0.322,276,0,0,0,0,0.116,1
ORD-11850,Wyatt Hayer,Fashion,4561.87,1,8,0.309,161,0,0,0,0,0.652,1
ORD-11851,Pranit Munshi,Mobiles,10761.14,1,12,0.63,1088,5,0,0,0,0.755,1
ORD-11852,Abhiram Bir,Mobiles,5720.89,1,10,0.45,80,0,0,0,0,0.491,1
ORD-11853,Nisha Chaudhari,Electronics,7313.66,1,8,0.577,71,0,0,0,0,0.401,1
ORD-11854,Sanaya Panchal,Fashion,2959.62,0,9,0.421,6,1,0,0,0,0.577,1
ORD-11855,Bhanumati Krishnamurthy,Beauty,4873.29,0,18,0.242,631,0,0,0,0,0.323,0
ORD-11856,Bahadurjit Bajwa,Home & Kitchen,1933.65,1,27,0.219,351,0,0,1,0,0.125,1
ORD-11857,Dakshesh Kalla,Fashion,10256.18,0,15,0.141,154,0,0,0,1,0.243,1
ORD-11858,Jagdish Chadha,Fashion,8121.39,1,22,0.341,169,0,0,0,0,0.273,0
ORD-11859,Keya Goyal,Home & Kitchen,7213.12,1,6,0.586,438,1,0,0,1,0.241,1
ORD-11860,Qarin Kulkarni,Fashion,2103.64,0,29,0.268,37,0,0,0,1,0.378,0
ORD-11861,Unni Borra,Home & Kitchen,3087.64,1,36,0.059,483,0,1,0,0,0.295,0
ORD-11862,Aradhana Sane,Home & Kitchen,10250.78,1,19,0.037,527,0,0,0,0,0.207,0
ORD-11863,Aarini Edwin,Fashion,6285.51,0,15,0.267,114,0,1,0,1,0.659,1
ORD-11864,Aradhana Bhatia,Fashion,6326.88,0,6,0.722,409,4,1,0,0,0.348,1
ORD-11865,Lipika Natarajan,Electronics,7055.69,0,7,0.328,115,0,0,0,0,0.104,1
ORD-11866,Aarna Lanka,Electronics,6258.08,0,18,0.381,70,1,0,0,1,0.192,0
ORD-11867,Ridhi Boase,Beauty,5795.79,0,15,0.231,44,0,0,0,0,0.142,0
ORD-11868,Sai Ramaswamy,Fashion,1062.48,1,18,0.212,1032,0,0,0,0,0.305,0
ORD-11869,Vyanjana Chopra,Fashion,3602.46,0,17,0.16,521,0,0,0,0,0.146,0
ORD-11870,Raagini Kamdar,Mobiles,3376.54,0,5,0.207,23,0,0,0,1,0.375,0
ORD-11871,Riya Lad,Fashion,3428.36,0,7,0.356,398,1,0,0,0,0.395,0
ORD-11872,Bakhshi Bora,Mobiles,2262.08,0,10,0.101,13,0,0,0,1,0.419,0
ORD-11873,Zashil Sehgal,Mobiles,7615.12,0,12,0.509,273,0,0,0,0,0.409,1
ORD-11874,Widisha Dixit,Home & Kitchen,3332.59,0,6,0.115,133,0,0,0,0,0.559,0
ORD-11875,Baljiwan Ramakrishnan,Home & Kitchen,1413.44,0,16,0.283,27,0,0,0,1,0.224,0
ORD-11876,Max Narayan,Mobiles,6495.91,1,16,0.213,180,0,0,0,0,0.119,1
ORD-11877,Aarush Varma,Mobiles,8627.68,1,19,0.537,80,0,0,0,0,0.2,0
ORD-11878,Vanya Sarin,Beauty,11075.37,0,16,0.461,87,0,0,1,0,0.398,1
ORD-11879,Ekaraj Zachariah,Mobiles,7052.14,1,11,0.271,146,1,0,0,1,0.314,1
ORD-11880,Aarush Rajagopalan,Home & Kitchen,3273.11,0,15,0.257,357,0,0,0,1,0.43,1
ORD-11881,Jairaj Wason,Fashion,3830.59,0,16,0.286,552,0,0,0,0,0.323,0
ORD-11882,Gauri Mitter,Electronics,8461.8,0,7,0.204,157,0,0,0,0,0.254,0
ORD-11883,Christopher Chana,Beauty,2498.52,1,19,0.398,431,1,0,0,0,0.313,1
ORD-11884,Harini Buch,Electronics,14012.83,1,14,0.198,548,0,0,0,0,0.071,1
ORD-11885,Bimala Jain,Electronics,7410.03,0,5,0.196,292,0,0,0,0,0.313,0
ORD-11886,Balveer Rajagopalan,Electronics,8264.44,0,10,0.236,130,0,1,0,0,0.569,1
ORD-11887,Chandani Ramakrishnan,Fashion,3879.29,1,16,0.383,93,0,0,0,0,0.377,1
ORD-11888,Jagrati Sur,Home & Kitchen,1414.56,0,6,0.25,139,0,0,0,1,0.122,0
ORD-11889,Raksha Gupta,Fashion,2363.23,1,9,0.22,196,0,0,0,0,0.271,0
ORD-11890,Balendra Hans,Fashion,14169.73,1,8,0.387,59,2,0,0,1,0.15,1
ORD-11891,William Suresh,Fashion,9222.77,0,38,0.271,620,0,1,0,0,0.59,1
ORD-11892,Dev Zachariah,Fashion,9254.77,0,10,0.293,270,0,0,0,0,0.3,0
ORD-11893,Xalak Walla,Electronics,3431.97,1,2,0.116,5,0,0,0,0,0.062,0
ORD-11894,Amol Bansal,Mobiles,23140.37,1,12,0.466,39,2,0,0,1,0.3,0
ORD-11895,Daksh Nazareth,Electronics,2712.77,0,9,0.173,30,0,0,0,1,0.094,0
ORD-11896,Nidra Dani,Beauty,1812.63,0,4,0.055,387,1,0,0,0,0.17,0
ORD-11897,Tara Yadav,Mobiles,2756.4,0,14,0.246,116,0,0,0,0,0.477,1
ORD-11898,Viraj Bora,Electronics,3644.61,0,15,0.213,445,0,0,1,0,0.449,1
ORD-11899,Lohit Suresh,Fitness,5913.12,0,32,0.13,8,0,0,0,0,0.152,1
ORD-11900,Urishilla Bath,Home & Kitchen,6955.47,1,4,0.278,62,0,0,0,0,0.113,0
ORD-11901,Kalpit Atwal,Fashion,9797.76,0,15,0.524,179,0,0,1,0,0.529,1
ORD-11902,Chandresh Mohanty,Electronics,7026.72,1,8,0.149,213,1,0,1,0,0.292,0
ORD-11903,Tanmayi Garde,Electronics,8932.01,1,15,0.565,18,0,0,0,0,0.401,1
ORD-11904,Hitesh Comar,Beauty,4940.99,1,18,0.171,234,0,0,0,1,0.271,1
ORD-11905,Thomas Bhatnagar,Electronics,2318.88,0,31,0.357,479,0,0,0,0,0.269,0
ORD-11906,Pooja Nazareth,Mobiles,12454.3,1,11,0.239,211,1,0,0,1,0.191,0
ORD-11907,Ekta Dara,Home & Kitchen,4239.64,0,15,0.049,536,0,1,0,0,0.528,0
ORD-11908,Ekanta Kala,Electronics,1058.11,0,23,0.111,51,0,0,0,1,0.355,0
ORD-11909,Oscar Nayak,Fashion,1750.73,1,15,0.198,60,0,0,0,0,0.209,0
ORD-11910,Jai Mahal,Mobiles,8685.82,1,10,0.452,313,0,0,0,0,0.376,1
ORD-11911,Ojasvi Ganguly,Electronics,2152.96,1,17,0.409,77,0,0,0,0,0.458,0
ORD-11912,Nitesh Sarna,Fitness,8804.54,1,10,0.02,437,0,0,0,1,0.311,0
ORD-11913,Banjeet Deol,Fashion,4643.0,0,10,0.415,35,1,1,0,0,0.376,1
ORD-11914,Krisha Dugar,Electronics,4010.03,1,16,0.24,116,1,0,0,0,0.573,0
ORD-11915,Vidhi Buch,Electronics,26541.17,0,1,0.177,54,0,0,0,0,0.189,0
ORD-11916,Abhimanyu Gola,Fashion,3320.43,0,14,0.171,268,0,0,0,0,0.503,1
ORD-11917,Bhanumati Saha,Fashion,12337.95,1,10,0.524,553,0,0,0,0,0.517,1
ORD-11918,Jonathan Jhaveri,Fashion,3702.32,0,14,0.303,479,0,0,0,0,0.278,0
ORD-11919,Anika Virk,Mobiles,2186.4,0,36,0.37,30,0,1,0,1,0.248,0
ORD-11920,Nisha Khare,Fashion,2180.42,1,25,0.126,67,0,0,0,0,0.156,0
ORD-11921,Baljiwan Gole,Electronics,5312.57,1,8,0.344,130,0,0,0,1,0.383,1
ORD-11922,Gaurang Mitra,Fashion,3956.37,0,2,0.234,130,0,0,0,0,0.068,1
ORD-11923,Omya Agrawal,Home & Kitchen,15723.61,0,12,0.234,122,0,0,0,1,0.146,0
ORD-11924,Rehaan Dalal,Fashion,1818.21,1,35,0.172,57,0,0,0,0,0.065,0
ORD-11925,Janaki Zacharia,Electronics,4680.31,1,18,0.531,106,0,0,0,0,0.457,1
ORD-11926,Ucchal Joshi,Electronics,2276.31,1,19,0.133,135,0,0,0,1,0.406,0
ORD-11927,Chatresh Hari,Home & Kitchen,5129.37,0,18,0.16,321,0,0,0,1,0.381,1
ORD-11928,Manthan Som,Beauty,3381.23,1,24,0.242,170,0,0,0,0,0.483,0
ORD-11929,Patrick Dutta,Mobiles,3399.43,1,10,0.47,126,1,0,0,0,0.298,1
ORD-11930,Chatura Patla,Fashion,5496.37,0,17,0.412,91,0,0,0,0,0.58,1
ORD-11931,Shaurya Saran,Electronics,3726.79,1,5,0.66,71,1,0,0,1,0.349,1
ORD-11932,Gaurika Setty,Mobiles,3456.51,0,26,0.383,742,1,1,0,1,0.312,1
ORD-11933,Hemang Ben,Beauty,8575.32,0,5,0.406,505,1,0,0,0,0.394,1
ORD-11934,Nakul Balakrishnan,Home & Kitchen,4356.23,0,14,0.528,18,1,0,0,0,0.223,0
ORD-11935,Yutika D’Alia,Electronics,7680.12,0,5,0.538,2059,2,0,0,0,0.579,1
ORD-11936,Wahab Saxena,Fashion,7127.57,1,6,0.38,19,0,0,0,0,0.603,1
ORD-11937,Oni Issac,Electronics,9759.02,0,10,0.071,59,0,0,0,0,0.398,0
ORD-11938,Victor Choudhary,Fashion,3201.58,1,20,0.485,489,0,0,1,0,0.42,1
ORD-11939,Vedant Chaudhari,Electronics,1893.41,1,17,0.441,169,0,0,0,0,0.571,1
ORD-11940,Nitara Iyengar,Fashion,2276.16,0,14,0.389,106,0,0,0,0,0.304,0
ORD-11941,Thomas Borah,Mobiles,12300.79,1,8,0.246,87,1,0,0,1,0.079,1
ORD-11942,Vedhika Bhagat,Home & Kitchen,7949.81,0,7,0.314,69,0,0,0,0,0.314,1
ORD-11943,Maanav Kalita,Fashion,2656.32,1,9,0.507,221,0,0,0,0,0.254,1
ORD-11944,Pranav Ram,Mobiles,7202.25,1,11,0.33,385,0,0,1,0,0.696,1
ORD-11945,Laban Shankar,Mobiles,2995.55,1,6,0.521,191,1,0,0,0,0.397,1
ORD-11946,Jagrati Madan,Fashion,4246.93,1,13,0.361,159,1,0,0,0,0.25,1
ORD-11947,Gautami Datta,Electronics,5662.18,0,43,0.301,29,0,0,1,0,0.147,1
ORD-11948,Darpan Mand,Fitness,4591.41,0,15,0.137,238,0,0,0,1,0.13,0
ORD-11949,Indrajit Shroff,Beauty,2772.18,0,30,0.0,32,0,0,1,0,0.092,1
ORD-11950,Omya Garg,Beauty,7160.0,1,16,0.2,493,0,0,0,0,0.169,0
ORD-11951,Thomas Merchant,Fashion,3902.39,0,5,0.285,10,0,0,0,1,0.441,0
ORD-11952,Onkar Karpe,Fashion,3653.53,1,12,0.456,69,0,0,0,0,0.381,1
ORD-11953,Nisha Vig,Electronics,2781.36,1,26,0.383,372,0,0,1,1,0.432,1
ORD-11954,Tarak Solanki,Beauty,14215.37,1,20,0.535,80,1,0,0,0,0.227,1
ORD-11955,Arya Atwal,Fashion,4438.36,1,6,0.355,481,0,0,0,0,0.277,0
ORD-11956,Yatin Kota,Beauty,3376.17,1,4,0.196,84,0,0,1,1,0.237,0
ORD-11957,Radha Kapadia,Fashion,3661.19,0,6,0.142,68,0,0,0,0,0.146,0
ORD-11958,Abdul Sahni,Fashion,5881.13,0,17,0.209,268,0,1,0,0,0.125,1
ORD-11959,Banjeet Singhal,Fashion,3919.62,0,19,0.294,18,0,0,0,1,0.101,0
ORD-11960,Pavani Wali,Electronics,1484.67,0,11,0.226,77,0,0,0,0,0.358,0
ORD-11961,Varenya Chaudhari,Fitness,4748.84,1,15,0.175,256,1,0,0,0,0.234,0
ORD-11962,Warhi Khosla,Mobiles,6321.95,1,5,0.193,160,0,0,0,0,0.738,0
ORD-11963,Advik Ray,Fitness,1489.31,0,7,0.114,153,0,0,0,1,0.191,0
ORD-11964,Kevin Parmer,Mobiles,4927.32,1,22,0.23,7,0,1,1,0,0.123,0
ORD-11965,William Chana,Electronics,2589.12,1,14,0.184,122,0,0,0,0,0.314,0
ORD-11966,Varsha Mody,Home & Kitchen,3552.95,0,15,0.217,9,0,0,0,0,0.19,1
ORD-11967,Tripti Bajwa,Fashion,5296.92,0,7,0.564,109,0,0,0,1,0.439,0
ORD-11968,Ubika Devi,Fashion,3411.34,1,8,0.407,621,1,0,0,1,0.508,1
ORD-11969,Qasim Prabhakar,Beauty,4275.38,1,3,0.488,410,1,0,0,0,0.34,1
ORD-11970,Aarav Bobal,Home & Kitchen,4177.76,0,26,0.201,12,1,0,0,1,0.504,0
ORD-11971,Gaurangi Wali,Fitness,3964.39,1,16,0.265,49,0,0,0,0,0.177,1
ORD-11972,Chaman Sandhu,Mobiles,6039.37,1,23,0.258,74,0,0,0,0,0.26,0
ORD-11973,Sarthak Buch,Home & Kitchen,9577.3,1,19,0.035,66,0,0,1,0,0.587,0
ORD-11974,Christopher Varma,Mobiles,6494.96,1,13,0.443,48,1,0,0,1,0.408,1
ORD-11975,Charan Choudhry,Fashion,3628.81,0,8,0.334,425,0,0,0,0,0.522,1
ORD-11976,Jasmit Shroff,Mobiles,6820.67,0,10,0.418,301,1,0,0,0,0.174,1
ORD-11977,Jasmit Peri,Mobiles,4452.81,1,4,0.312,1,0,1,0,0,0.153,1
ORD-11978,Ekalinga Jayaraman,Electronics,5858.43,0,26,0.272,282,0,0,0,0,0.539,0
ORD-11979,Gaurika Khare,Mobiles,13554.78,1,13,0.623,428,0,0,1,1,0.229,1
ORD-11980,Vanya Kadakia,Home & Kitchen,6235.32,0,32,0.192,24,0,0,0,0,0.345,0
ORD-11981,Ekani Pandit,Mobiles,5327.43,1,15,0.343,2,0,0,0,1,0.139,0
ORD-11982,Yahvi Sampath,Mobiles,1943.64,0,2,0.396,21,0,0,1,0,0.208,1
ORD-11983,Chatura Bhatnagar,Fashion,6374.31,0,10,0.238,104,0,0,0,0,0.169,0
ORD-11984,Hemani Sethi,Electronics,1598.23,1,5,0.32,152,0,0,0,0,0.283,0
ORD-11985,Yachana Vyas,Mobiles,5963.6,1,12,0.209,125,0,0,0,0,0.15,1
ORD-11986,Upma Wali,Mobiles,6038.04,1,44,0.436,232,0,0,0,0,0.426,1
ORD-11987,Siya Pillai,Beauty,1942.88,0,34,0.207,249,0,0,0,0,0.413,0
ORD-11988,Raghav Shankar,Electronics,1630.6,1,5,0.297,73,0,0,1,0,0.485,1
ORD-11989,Faris Raman,Home & Kitchen,4477.51,1,7,0.288,325,0,0,0,0,0.417,1
ORD-11990,Bhavya Bose,Mobiles,3981.54,0,23,0.194,190,0,0,0,0,0.117,0
ORD-11991,Nitesh Majumdar,Mobiles,5545.51,1,12,0.239,798,0,0,0,0,0.45,0
ORD-11992,Manbir Taneja,Beauty,4713.34,0,9,0.138,787,0,0,1,0,0.35,0
ORD-11993,Samarth Verma,Home & Kitchen,7194.34,1,5,0.101,23,0,0,0,0,0.431,0
ORD-11994,Chaaya Saha,Fashion,3856.99,0,40,0.276,648,0,0,0,0,0.471,0
ORD-11995,Urvi Palan,Fashion,10829.77,0,10,0.258,606,1,0,0,0,0.412,1
ORD-11996,Sachi Bail,Electronics,4406.34,0,15,0.208,253,0,0,0,0,0.159,0
ORD-11997,Ranbir Bhatnagar,Electronics,6625.97,0,13,0.251,584,0,0,0,0,0.396,0
ORD-11998,Vincent Venkatesh,Fitness,4650.75,0,7,0.117,456,0,0,0,0,0.334,0
ORD-11999,Nisha Oza,Mobiles,1057.9,0,9,0.161,96,0,0,0,0,0.138,0
ORD-12000,Vedika Wagle,Mobiles,3146.42,0,17,0.203,42,0,0,0,0,0.206,0
ORD-12001,Tanvi Modi,Mobiles,1955.94,0,8,0.125,18,0,0,0,0,0.189,0
ORD-12002,Damini Garg,Beauty,4017.0,0,9,0.222,70,1,1,0,1,0.829,0
ORD-12003,Utkarsh Sule,Electronics,4073.27,0,3,0.518,178,0,0,0,0,0.291,1
ORD-12004,Bhavya Batta,Beauty,2145.68,1,12,0.313,27,0,0,0,0,0.604,1
ORD-12005,Ira Mane,Fashion,1673.27,0,6,0.544,13,2,0,0,1,0.317,0
ORD-12006,Ojas Dyal,Fitness,21299.53,1,7,0.367,175,1,0,0,0,0.46,0
ORD-12007,Qabil Gill,Mobiles,3383.82,1,14,0.126,78,0,0,0,0,0.363,1
ORD-12008,Neel Khanna,Mobiles,1512.68,1,19,0.392,170,1,0,0,0,0.538,1
ORD-12009,Benjamin Nadig,Electronics,2856.55,1,10,0.29,86,0,0,0,0,0.391,0
ORD-12010,Ridhi Lad,Mobiles,8193.99,0,16,0.562,411,0,0,0,1,0.42,1
ORD-12011,Qarin Jha,Mobiles,1568.74,0,40,0.372,571,0,0,0,0,0.3,1
ORD-12012,Edhitha Padmanabhan,Home & Kitchen,9296.97,1,9,0.235,104,2,1,0,0,0.271,1
ORD-12013,Kashish Sen,Fashion,1879.89,0,28,0.254,328,0,0,0,0,0.23,1
ORD-12014,Charvi Dara,Mobiles,7240.33,0,13,0.194,11,0,0,0,0,0.242,1
ORD-12015,Nidhi Tata,Mobiles,4151.43,1,20,0.342,105,0,1,0,0,0.214,1
ORD-12016,Tara Nagarajan,Fitness,2649.47,0,8,0.361,53,0,0,0,1,0.377,0
ORD-12017,Aayush Tripathi,Electronics,5285.02,1,10,0.33,193,1,0,1,0,0.162,0
ORD-12018,Chakrika Som,Fashion,1348.83,0,8,0.423,94,0,0,0,0,0.156,0
ORD-12019,Manan Sathe,Home & Kitchen,4321.19,0,8,0.425,638,1,0,0,0,0.346,0
ORD-12020,Isaiah Srinivas,Beauty,4639.22,1,11,0.245,169,1,0,0,0,0.079,1
ORD-12021,Liam Dada,Fashion,5788.48,0,11,0.143,139,0,0,0,0,0.503,1
ORD-12022,Aryan Ratti,Fitness,6096.79,1,2,0.497,633,0,0,0,0,0.398,1
ORD-12023,Sanaya Parikh,Fashion,6127.6,0,3,0.399,194,0,0,0,0,0.501,1
ORD-12024,Eta Bhakta,Fitness,5528.51,0,8,0.042,100,0,0,0,1,0.285,0
ORD-12025,Tristan Mall,Fitness,6921.54,1,10,0.336,519,0,0,0,0,0.426,1
ORD-12026,Arin Chacko,Electronics,4743.65,1,16,0.231,53,0,0,1,0,0.462,1
ORD-12027,Gagan Vala,Home & Kitchen,2619.41,0,21,0.531,8,1,0,0,0,0.297,1
ORD-12028,Robert Swaminathan,Home & Kitchen,10300.96,0,14,0.176,197,0,0,0,0,0.205,0
ORD-12029,Yasti Bhalla,Home & Kitchen,10257.37,1,5,0.54,158,3,0,0,0,0.538,1
ORD-12030,Mitali Divan,Fitness,734.67,0,23,0.517,518,0,0,1,0,0.339,0
ORD-12031,Kala Raju,Fashion,4986.31,1,11,0.804,233,3,0,0,0,0.382,1
ORD-12032,Advik Mane,Beauty,5255.08,1,5,0.425,170,0,0,0,1,0.415,1
ORD-12033,Indali Morar,Home & Kitchen,8829.71,0,28,0.231,132,0,0,1,0,0.192,0
ORD-12034,Gagan Kale,Mobiles,2721.87,0,5,0.18,108,0,0,0,1,0.249,0
ORD-12035,Ojasvi Savant,Electronics,2070.19,1,8,0.127,70,0,0,0,0,0.394,1
ORD-12036,Nihal Samra,Fashion,5433.21,1,22,0.466,63,0,0,0,0,0.211,1
ORD-12037,Liam Chadha,Fitness,3159.89,1,18,0.302,42,0,0,0,1,0.135,1
ORD-12038,Sarthak Mitter,Electronics,6259.81,0,6,0.211,10,2,0,1,0,0.164,1
ORD-12039,Gautami Bhatti,Mobiles,1174.82,0,4,0.291,1484,0,0,0,1,0.273,0
ORD-12040,Gaurang Ahuja,Electronics,3283.86,1,14,0.095,51,0,0,0,0,0.091,0
ORD-12041,Anjali Sachdeva,Home & Kitchen,9022.34,0,7,0.164,97,0,0,0,1,0.173,1
ORD-12042,Turvi Devan,Beauty,11306.06,1,8,0.229,587,0,1,0,0,0.407,0
ORD-12043,Quincy Raj,Beauty,4919.31,1,10,0.15,75,1,0,0,1,0.311,0
ORD-12044,Vritti Basak,Mobiles,1901.38,1,20,0.492,842,0,0,0,0,0.25,0
ORD-12045,Daksha Tak,Mobiles,1959.35,0,22,0.214,5,0,0,0,1,0.629,0
ORD-12046,Udarsh Bala,Fashion,3413.52,1,16,0.349,128,0,0,0,1,0.209,1
ORD-12047,Mitesh Lala,Fashion,2773.56,0,17,0.271,135,0,0,0,0,0.044,0
ORD-12048,Urmi Dash,Mobiles,7502.58,1,7,0.25,92,1,0,0,0,0.294,0
ORD-12049,Omisha Gola,Home & Kitchen,1027.33,0,5,0.206,873,0,0,0,1,0.078,0
ORD-12050,Yash Balakrishnan,Fashion,3837.44,1,16,0.418,241,0,0,0,0,0.297,1
ORD-12051,Aradhana Tailor,Electronics,3109.92,1,15,0.493,76,1,0,0,0,0.391,0
ORD-12052,Janaki Srivastava,Beauty,1459.7,0,11,0.078,48,0,0,0,1,0.347,0
ORD-12053,Aarna Soni,Fashion,3684.0,0,13,0.09,0,0,0,0,0,0.431,0
ORD-12054,Kashvi Vala,Fitness,5001.74,1,10,0.039,141,0,0,0,0,0.504,1
ORD-12055,Aashi Gaba,Mobiles,10487.52,0,5,0.139,314,0,0,0,1,0.436,0
ORD-12056,Madhav Nagarajan,Home & Kitchen,3962.72,0,3,0.65,67,0,1,0,0,0.392,1
ORD-12057,Krishna Parikh,Electronics,3676.56,1,8,0.312,105,0,0,0,1,0.269,0
ORD-12058,Chatresh Mahajan,Electronics,3309.38,0,13,0.234,723,0,0,1,1,0.071,0
ORD-12059,Oni Parekh,Mobiles,10153.89,0,19,0.515,101,1,0,0,0,0.389,0
ORD-12060,Bimala Manne,Electronics,4412.72,1,5,0.157,186,0,0,0,0,0.224,0
ORD-12061,Yoshita Hari,Home & Kitchen,2120.26,0,14,0.315,793,1,0,0,0,0.467,0
ORD-12062,Girindra Ganesh,Fashion,2876.17,0,4,0.252,329,0,0,0,1,0.133,0
ORD-12063,Diya Mitra,Beauty,8272.46,0,13,0.146,1285,0,0,0,0,0.277,0
ORD-12064,Janani Char,Fashion,4386.66,0,17,0.404,20,1,0,0,1,0.343,0
ORD-12065,Maanas Arya,Fitness,4564.94,1,19,0.058,293,0,0,0,1,0.611,0
ORD-12066,Zarna Manda,Mobiles,4630.4,1,19,0.452,99,0,0,0,0,0.185,1
ORD-12067,Vedhika Sabharwal,Electronics,2247.18,0,24,0.39,441,1,0,0,0,0.405,1
ORD-12068,Nicholas Chaudry,Electronics,15181.64,0,14,0.153,120,0,0,1,1,0.177,0
ORD-12069,Mohammed Thakur,Electronics,1574.8,0,14,0.445,41,2,0,0,0,0.188,1
ORD-12070,Raghav Vora,Electronics,3548.6,0,17,0.243,52,0,1,0,0,0.689,1
ORD-12071,Omisha Sharma,Electronics,16704.05,1,7,0.244,474,0,0,0,0,0.37,0
ORD-12072,Jackson Deep,Mobiles,3653.42,1,12,0.424,168,1,0,0,0,0.492,1
ORD-12073,Varsha Pall,Fashion,4939.32,1,15,0.141,194,0,0,0,0,0.2,0
ORD-12074,Janani Dewan,Mobiles,6487.96,1,8,0.193,210,1,0,0,0,0.374,1
ORD-12075,Hema Gera,Mobiles,7102.63,1,28,0.651,120,0,0,0,0,0.521,1
ORD-12076,Ayush Dani,Electronics,1899.26,0,17,0.421,107,0,0,1,1,0.278,1
ORD-12077,Kabir Dhar,Fashion,8482.17,0,23,0.186,545,0,0,0,1,0.344,0
ORD-12078,Damyanti Dass,Home & Kitchen,10878.78,0,4,0.367,315,2,1,0,0,0.25,0
ORD-12079,Kalpit Brar,Home & Kitchen,8632.09,1,15,0.191,359,1,0,0,0,0.2,0
ORD-12080,Isaac Brahmbhatt,Home & Kitchen,5218.93,1,8,0.306,20,1,0,0,0,0.151,1
ORD-12081,Veda Sankar,Fitness,6151.18,1,7,0.281,238,0,0,0,1,0.264,0
ORD-12082,Ronith Chokshi,Mobiles,3291.46,0,7,0.518,119,0,0,1,0,0.473,1
ORD-12083,Yochana Bhargava,Fashion,3700.72,0,11,0.443,111,1,0,0,0,0.342,0
ORD-12084,Jagat Kulkarni,Fashion,7072.94,0,28,0.368,138,1,0,0,0,0.38,1
ORD-12085,Dominic Mitra,Fashion,6890.44,1,3,0.585,624,0,0,0,0,0.846,1
ORD-12086,Gopal Dasgupta,Electronics,7048.84,1,5,0.199,196,1,0,0,0,0.229,0
ORD-12087,Ryan Goyal,Mobiles,4075.54,1,12,0.648,115,0,0,0,0,0.377,1
ORD-12088,Ayush Chana,Electronics,2672.02,1,9,0.507,539,0,0,0,0,0.301,0
ORD-12089,Arunima Pall,Home & Kitchen,21050.99,1,11,0.3,215,0,0,0,1,0.147,1
ORD-12090,Naveen Tella,Fitness,17023.28,1,7,0.083,195,0,0,0,0,0.272,0
ORD-12091,Yashasvi Bir,Fashion,8255.78,0,21,0.235,352,0,0,0,0,0.225,0
ORD-12092,Akshay Wadhwa,Electronics,2661.69,0,7,0.163,202,0,0,0,1,0.701,0
ORD-12093,Rehaan Manda,Fashion,9126.24,0,4,0.369,530,0,0,0,0,0.351,0
ORD-12094,Aayush Chaudhary,Beauty,1374.23,1,4,0.719,352,1,1,0,1,0.48,1
ORD-12095,Yamini Soman,Fashion,4682.05,0,23,0.254,365,0,0,0,1,0.52,0
ORD-12096,Qasim Sarraf,Fashion,11937.13,0,17,0.311,530,0,0,0,0,0.24,0
ORD-12097,Pratyush Pant,Fashion,5611.57,1,2,0.522,46,0,0,0,1,0.353,1
ORD-12098,Panini Kala,Fitness,1917.32,0,13,0.192,242,0,0,0,0,0.119,0
ORD-12099,Nikita Chowdhury,Home & Kitchen,1408.38,0,8,0.25,925,0,0,0,1,0.751,0
ORD-12100,Jatin Shukla,Beauty,1678.22,1,12,0.246,144,0,0,0,1,0.427,1
ORD-12101,Zinal Deshpande,Home & Kitchen,16302.32,0,18,0.461,267,0,0,0,1,0.638,0
ORD-12102,Jalsa Mani,Mobiles,1661.66,0,24,0.25,50,0,0,0,0,0.337,0
ORD-12103,Fitan Narang,Electronics,5774.55,1,17,0.282,487,0,0,0,1,0.279,0
ORD-12104,Jack Rajan,Beauty,6301.51,0,11,0.312,261,1,0,0,0,0.128,0
ORD-12105,Tanmayi Muni,Electronics,8620.83,0,17,0.288,53,1,0,1,0,0.288,1
ORD-12106,Upkaar Reddy,Electronics,1773.5,0,5,0.476,387,0,0,0,0,0.292,0
ORD-12107,Priya Gulati,Fitness,11137.3,0,4,0.381,211,1,1,0,0,0.231,1
ORD-12108,Vamakshi Pillai,Fashion,5205.78,1,20,0.487,376,1,0,0,0,0.398,1
ORD-12109,Agastya Swamy,Fitness,3132.34,1,12,0.269,189,0,0,0,0,0.246,1
ORD-12110,Meghana Sarma,Fashion,6737.43,0,15,0.203,132,0,0,1,0,0.28,0
ORD-12111,Jagdish Dhar,Fashion,3095.75,0,12,0.232,42,0,0,0,0,0.339,0
ORD-12112,Nandini Chaudry,Mobiles,2447.19,0,19,0.449,147,0,0,0,1,0.158,0
ORD-12113,Dhruv Patla,Mobiles,4911.43,1,17,0.305,128,0,0,0,0,0.185,1
ORD-12114,Hamsini Iyer,Beauty,6461.84,0,30,0.274,191,1,1,1,0,0.439,1
ORD-12115,Jason Kaul,Beauty,887.01,0,36,0.273,85,1,0,1,1,0.368,0
ORD-12116,Xalak Mallick,Mobiles,3404.75,0,15,0.182,7,0,0,0,0,0.462,0
ORD-12117,Mugdha Parekh,Mobiles,2616.29,0,22,0.381,34,0,1,1,0,0.312,1
ORD-12118,Nidhi Sundaram,Beauty,7402.18,1,11,0.094,931,0,0,0,1,0.099,0
ORD-12119,Manan Sha,Electronics,3152.17,1,11,0.348,108,0,1,0,0,0.251,1
ORD-12120,Jason Krishna,Electronics,2338.6,0,11,0.413,38,0,0,0,1,0.3,0
ORD-12121,Widisha Kashyap,Mobiles,8629.08,1,2,0.2,95,0,0,1,1,0.332,1
ORD-12122,Ayushman Chaudhary,Electronics,2965.61,0,25,0.443,65,0,0,0,0,0.177,1
ORD-12123,Ekansh Tara,Electronics,4497.43,1,9,0.095,235,0,0,0,0,0.26,0
ORD-12124,Praneel Raja,Home & Kitchen,1740.26,0,16,0.172,297,0,0,0,0,0.3,0
ORD-12125,Michael Mitter,Fitness,2441.13,0,13,0.254,151,0,0,0,0,0.257,1
ORD-12126,Faraj Venkatesh,Electronics,3302.94,1,28,0.099,201,0,0,0,0,0.232,1
ORD-12127,Unnati Jaggi,Beauty,3825.95,0,6,0.137,621,0,1,0,1,0.23,0
ORD-12128,Widisha Swaminathan,Mobiles,2003.03,1,12,0.467,311,0,0,0,1,0.263,1
ORD-12129,Hemal Zachariah,Mobiles,12537.24,0,6,0.274,59,0,0,0,0,0.185,0
ORD-12130,Azad Sani,Fashion,13434.78,0,18,0.117,13,0,0,0,1,0.571,0
ORD-12131,Leela Sengupta,Fitness,5930.08,0,12,0.082,348,0,0,0,0,0.307,0
ORD-12132,Krisha Savant,Mobiles,1006.82,0,11,0.2,439,0,0,0,0,0.252,1
ORD-12133,Balendra Bali,Electronics,2941.27,1,4,0.443,63,0,0,0,0,0.439,1
ORD-12134,Chavvi Gala,Beauty,5395.23,0,15,0.151,43,0,0,0,1,0.146,1
ORD-12135,Raagini Desai,Fashion,4437.15,1,14,0.019,127,0,0,1,0,0.557,0
ORD-12136,Lopa Sura,Mobiles,7413.18,0,18,0.312,675,0,0,0,0,0.445,0
ORD-12137,Vritti Zacharia,Mobiles,14489.61,1,8,0.194,286,0,0,1,0,0.196,1
ORD-12138,Vamakshi Dugar,Fashion,4965.33,1,12,0.463,32,0,0,0,0,0.244,0
ORD-12139,Mahika Lall,Fashion,2752.91,1,6,0.199,88,0,0,0,0,0.081,0
ORD-12140,Krishna Pandit,Fashion,1229.96,1,19,0.474,345,0,1,0,0,0.255,1
ORD-12141,Ekani Bhat,Mobiles,7427.65,1,11,0.286,99,0,0,1,0,0.1,1
ORD-12142,Chakradev Dave,Electronics,6265.67,1,10,0.661,117,1,0,0,0,0.311,1
ORD-12143,Ikshita Bala,Mobiles,7765.06,0,9,0.047,8,0,0,0,0,0.234,0
ORD-12144,Lajita Chatterjee,Electronics,4767.0,1,17,0.281,21,0,0,0,1,0.383,1
ORD-12145,Hemani Parikh,Electronics,11816.37,0,14,0.657,214,1,0,0,1,0.291,1
ORD-12146,Indali Bhalla,Electronics,5027.33,0,16,0.257,206,0,0,1,0,0.168,0
ORD-12147,Yug Keer,Mobiles,2785.12,0,16,0.371,112,0,0,0,0,0.332,0
ORD-12148,Frado Bhatti,Fashion,4407.81,1,14,0.145,134,1,0,1,1,0.069,0
ORD-12149,Ishwar Nazareth,Fashion,1139.98,0,18,0.536,435,0,0,1,1,0.557,1
ORD-12150,Anmol Yohannan,Mobiles,4182.08,0,21,0.305,187,0,0,0,0,0.298,0
ORD-12151,Baljiwan Sharma,Home & Kitchen,6235.14,1,16,0.495,98,1,0,0,1,0.344,1
ORD-12152,Yutika Sama,Fashion,13467.23,0,2,0.72,165,1,0,0,1,0.23,1
ORD-12153,Anmol Singh,Electronics,7233.13,1,14,0.58,516,2,0,0,1,0.458,1
ORD-12154,Edhitha Purohit,Mobiles,10813.46,1,12,0.336,101,1,0,0,0,0.455,0
ORD-12155,Ekantika Chaudhari,Electronics,7629.92,1,12,0.147,13,0,0,0,0,0.423,1
ORD-12156,Harish Jha,Electronics,9386.25,0,7,0.321,87,0,0,0,0,0.695,1
ORD-12157,Watika Thakkar,Fashion,10372.96,0,7,0.309,96,0,0,0,0,0.646,1
ORD-12158,Ojas Mistry,Fashion,3372.16,0,14,0.62,79,2,1,0,0,0.501,1
ORD-12159,Rajata Jaggi,Mobiles,3503.2,1,9,0.254,204,0,0,1,1,0.274,1
ORD-12160,Faqid Wason,Electronics,4660.01,0,23,0.295,386,0,0,0,0,0.461,0
ORD-12161,Bhavna Lanka,Fashion,1735.51,1,4,0.651,456,1,0,0,0,0.429,1
ORD-12162,Chameli Ratti,Home & Kitchen,6812.62,1,12,0.325,7,0,0,0,0,0.38,1
ORD-12163,George Chandran,Electronics,3313.37,0,10,0.337,70,0,0,0,0,0.23,0
ORD-12164,Anjali Bhavsar,Electronics,3657.79,0,8,0.32,241,1,0,1,1,0.202,1
ORD-12165,Prisha Kadakia,Electronics,3819.51,0,9,0.121,121,0,0,0,0,0.254,0
ORD-12166,Faraj Mittal,Electronics,5544.43,0,3,0.369,22,0,0,0,0,0.236,0
ORD-12167,Rachita Zacharia,Electronics,5756.24,0,22,0.439,210,1,0,0,1,0.433,0
ORD-12168,Ryan Sachdeva,Home & Kitchen,1076.71,1,13,0.26,124,1,0,0,1,0.311,0
ORD-12169,Zayan Varma,Mobiles,5859.05,0,14,0.21,251,0,0,0,0,0.188,0
ORD-12170,Pranit Bahl,Electronics,2842.39,0,23,0.664,328,1,0,0,1,0.588,1
ORD-12171,Xalak Kala,Fashion,6470.94,1,17,0.323,171,0,0,0,0,0.45,1
ORD-12172,Amrita Walia,Electronics,4920.7,1,17,0.094,187,0,0,0,0,0.208,0
ORD-12173,Darpan Vig,Home & Kitchen,1630.09,0,7,0.061,3,0,0,0,0,0.219,0
ORD-12174,Janya Shere,Fashion,7820.79,1,23,0.398,162,0,0,0,0,0.158,1
ORD-12175,Wridesh Dora,Fitness,3885.05,1,15,0.166,404,0,0,0,0,0.373,0
ORD-12176,Radhika Roy,Home & Kitchen,1717.79,0,13,0.252,97,1,0,0,0,0.146,0
ORD-12177,Devansh Jani,Fitness,3006.58,0,6,0.239,461,0,0,0,0,0.339,1
ORD-12178,Amara Mangat,Electronics,6885.65,1,22,0.206,183,0,1,1,1,0.509,1
ORD-12179,Aahana Keer,Electronics,9088.37,0,15,0.252,230,1,0,0,1,0.086,0
ORD-12180,William Comar,Home & Kitchen,1869.76,0,6,0.248,224,0,0,0,1,0.23,0
ORD-12181,Rehaan Bala,Fashion,3863.15,1,10,0.201,654,0,0,1,0,0.426,0
ORD-12182,Dayita Shetty,Mobiles,9694.56,0,13,0.119,47,0,0,0,0,0.348,0
ORD-12183,Rajata Sami,Mobiles,3432.07,0,14,0.349,613,0,0,1,0,0.231,0
ORD-12184,Saksham Dutta,Mobiles,4924.33,0,11,0.253,1417,0,0,1,0,0.136,1
ORD-12185,Laban Balakrishnan,Home & Kitchen,7299.63,1,4,0.289,44,1,0,0,1,0.282,1
ORD-12186,Arunima Goda,Fitness,4757.3,1,16,0.438,65,1,1,0,0,0.312,0
ORD-12187,Vedika Bahri,Mobiles,5249.67,0,5,0.246,317,1,0,0,1,0.363,0
ORD-12188,Fiyaz Murthy,Mobiles,19232.33,1,12,0.241,261,0,0,0,0,0.37,1
ORD-12189,Devansh Ray,Home & Kitchen,2836.3,0,9,0.241,11,0,0,0,0,0.078,0
ORD-12190,Gautam Ranganathan,Beauty,8395.79,1,16,0.393,72,0,1,0,0,0.34,1
ORD-12191,Warinder Choudhury,Fashion,6492.38,0,10,0.079,235,0,0,0,0,0.128,0
ORD-12192,Zayan Taneja,Fashion,2763.79,0,7,0.342,173,1,0,0,0,0.257,1
ORD-12193,Wazir Das,Home & Kitchen,9936.62,0,11,0.614,165,1,0,0,0,0.32,1
ORD-12194,Forum Ramakrishnan,Fashion,6230.62,1,18,0.166,359,0,0,0,0,0.244,0
ORD-12195,Pallavi Kamdar,Home & Kitchen,11341.58,0,16,0.369,154,2,0,0,0,0.284,1
ORD-12196,Hredhaan Gill,Fashion,3791.75,0,6,0.532,336,1,0,0,0,0.335,0
ORD-12197,Anvi Sarraf,Beauty,10890.52,0,8,0.349,159,0,0,0,0,0.273,0
ORD-12198,Aachal Bhalla,Fitness,8604.2,0,6,0.197,729,0,0,0,0,0.609,0
ORD-12199,Kavya Chowdhury,Beauty,5453.04,0,10,0.312,497,1,0,0,0,0.273,0
ORD-12200,Pallavi Soman,Fashion,10969.41,0,16,0.341,115,0,0,0,1,0.147,0
ORD-12201,Arunima Dhillon,Fashion,2946.55,0,12,0.143,7,0,0,0,0,0.16,0
ORD-12202,Vaishnavi Pillai,Mobiles,5895.47,1,12,0.433,142,1,1,0,0,0.154,1
ORD-12203,Ansh Banerjee,Electronics,12051.49,1,3,0.101,258,0,0,0,0,0.308,0
ORD-12204,Wriddhish Kulkarni,Fitness,8316.57,1,3,0.353,5,0,0,1,1,0.241,1
ORD-12205,Dayamai Patil,Electronics,1676.16,0,15,0.12,32,0,1,0,0,0.092,1
ORD-12206,Warjas Savant,Fashion,1191.09,0,24,0.184,852,0,0,0,0,0.516,1
ORD-12207,Abhiram Ramaswamy,Fashion,6611.19,0,5,0.282,5,1,0,0,1,0.268,0
ORD-12208,Charvi Chana,Electronics,4030.9,1,9,0.164,373,1,1,0,0,0.163,1
ORD-12209,Chameli Kade,Fitness,7938.39,1,9,0.71,121,0,0,0,0,0.43,1
ORD-12210,Reva Nadig,Fitness,11107.1,1,16,0.297,31,0,1,0,0,0.357,1
ORD-12211,Bahadurjit Mahal,Fitness,1494.33,1,12,0.292,638,0,0,0,0,0.523,1
ORD-12212,Vyanjana Sinha,Beauty,3314.53,1,9,0.19,143,0,0,1,0,0.157,0
ORD-12213,Gaurangi Sami,Mobiles,6230.71,1,14,0.302,32,0,0,1,1,0.111,0
ORD-12214,Naveen Lal,Beauty,4721.14,0,15,0.245,109,0,0,0,0,0.204,0
ORD-12215,Indira Salvi,Fashion,4379.22,0,7,0.158,39,0,0,1,0,0.182,0
ORD-12216,Sudiksha Bala,Fitness,8916.25,0,23,0.253,190,0,0,0,1,0.606,1
ORD-12217,Qarin Sawhney,Electronics,5965.3,1,9,0.197,11,0,0,0,0,0.252,1
ORD-12218,Aarush Rattan,Beauty,920.14,0,6,0.116,284,0,0,0,1,0.446,0
ORD-12219,Dalaja Murthy,Fashion,3022.67,0,8,0.436,224,0,0,0,0,0.409,1
ORD-12220,Indrajit Dugar,Mobiles,4633.24,1,13,0.274,113,0,0,0,0,0.219,0
ORD-12221,Zaitra De,Fashion,2576.44,1,9,0.37,833,0,0,1,0,0.195,0
ORD-12222,Ekaja Seth,Home & Kitchen,5557.15,1,10,0.229,113,0,0,0,0,0.148,0
ORD-12223,Kiaan Lad,Electronics,9934.82,1,20,0.25,341,0,0,0,0,0.103,0
ORD-12224,Falak Manda,Mobiles,4534.33,0,8,0.317,29,0,0,0,0,0.442,0
ORD-12225,Frado Sachdeva,Fashion,2129.7,0,9,0.24,175,0,0,0,1,0.137,0
ORD-12226,Qabil Ramaswamy,Electronics,2774.02,0,3,0.266,191,0,0,0,1,0.112,1
ORD-12227,Udarsh Bail,Home & Kitchen,2168.96,1,13,0.378,72,1,1,0,1,0.435,1
ORD-12228,Veer Chakraborty,Home & Kitchen,1802.39,1,9,0.089,114,0,0,1,0,0.136,0
ORD-12229,Rushil Lala,Beauty,3524.6,1,21,0.235,182,0,0,0,1,0.164,1
ORD-12230,Chandran Rattan,Home & Kitchen,8988.95,0,3,0.39,124,1,0,1,1,0.175,1
ORD-12231,Abha Dixit,Mobiles,6095.92,1,8,0.26,42,0,0,0,0,0.138,1
ORD-12232,Jhalak Garde,Beauty,1963.91,0,15,0.0,38,0,0,0,1,0.189,1
ORD-12233,Akshay Vora,Fashion,6650.13,0,10,0.311,74,0,0,1,0,0.525,0
ORD-12234,Sudiksha Talwar,Fashion,16998.45,0,6,0.631,350,2,0,0,1,0.207,1
ORD-12235,Udarsh Jani,Beauty,6743.39,0,21,0.097,318,0,0,0,1,0.505,0
ORD-12236,Amaira Mani,Fashion,6125.06,0,2,0.523,24,2,0,1,1,0.27,1
ORD-12237,Lavanya De,Mobiles,3264.25,1,29,0.237,23,0,0,0,0,0.278,0
ORD-12238,Samuel Kale,Beauty,4440.77,0,14,0.084,138,0,0,0,0,0.13,0
ORD-12239,Ranbir Sahota,Mobiles,2018.58,0,19,0.305,21,0,0,0,0,0.376,0
ORD-12240,Nilima Dhingra,Mobiles,4869.22,0,13,0.532,176,2,0,0,0,0.417,1
ORD-12241,Bina Lala,Fitness,8663.4,1,22,0.196,242,0,0,0,1,0.142,0
ORD-12242,Shravya Kothari,Fashion,14007.07,1,14,0.18,14,0,0,0,0,0.099,0
ORD-12243,Tara Chada,Home & Kitchen,4577.7,1,12,0.339,193,0,0,0,0,0.359,1
ORD-12244,Upasna Deol,Fashion,6036.46,0,17,0.163,20,0,0,0,0,0.3,1
ORD-12245,Mitali Kala,Beauty,7352.06,1,10,0.252,1002,0,0,0,0,0.329,1
ORD-12246,Pallavi Kunda,Beauty,2731.75,0,9,0.18,388,0,0,0,0,0.139,0
ORD-12247,Girish Bhargava,Electronics,11259.88,0,25,0.5,16,2,0,0,0,0.324,1
ORD-12248,Gaurangi Keer,Fashion,6466.3,0,10,0.168,57,0,0,0,0,0.208,0
ORD-12249,Irya Bath,Home & Kitchen,11648.55,1,12,0.346,55,1,0,0,0,0.303,1
ORD-12250,Zehaan Thaman,Electronics,2682.5,0,17,0.218,34,0,0,0,0,0.139,0
ORD-12251,Chasmum Rana,Fashion,7838.05,0,27,0.517,89,1,0,1,0,0.445,0
ORD-12252,Kevin Barman,Home & Kitchen,3116.62,1,28,0.538,5,1,0,1,1,0.37,1
ORD-12253,Abha Gara,Beauty,5796.92,1,5,0.321,101,0,0,0,0,0.254,1
ORD-12254,Harinakshi Sidhu,Beauty,14898.17,0,3,0.155,72,1,0,0,0,0.146,0
ORD-12255,Gaurav Nadig,Electronics,2046.91,1,36,0.043,0,1,0,0,0,0.127,1
ORD-12256,Lucky Lad,Home & Kitchen,2633.3,0,19,0.232,10,0,0,0,0,0.277,0
ORD-12257,Dhriti Basu,Fitness,17638.32,1,32,0.076,66,0,0,0,0,0.622,1
ORD-12258,Xalak Mand,Home & Kitchen,4969.85,0,14,0.066,316,0,0,0,0,0.302,0
ORD-12259,Qushi Mandal,Fitness,6786.05,1,7,0.219,84,0,0,0,0,0.466,1
ORD-12260,Aishani Varughese,Electronics,8470.65,1,17,0.249,96,0,0,0,0,0.269,0
ORD-12261,Rajata Gala,Home & Kitchen,2925.79,1,12,0.146,543,1,0,1,1,0.206,0
ORD-12262,Vyanjana Dora,Fashion,9830.81,0,17,0.206,16,0,0,0,0,0.223,0
ORD-12263,Chatresh Gulati,Fashion,8196.23,0,11,0.37,246,0,0,0,0,0.348,1
ORD-12264,Chatura Karpe,Fitness,2442.48,0,15,0.507,559,1,0,0,0,0.576,1
ORD-12265,Balendra Singhal,Home & Kitchen,7230.5,0,28,0.419,241,0,0,0,1,0.16,1
ORD-12266,Nihal Sibal,Fashion,1526.77,1,15,0.168,101,0,0,0,0,0.483,0
ORD-12267,Jack Talwar,Electronics,9629.54,0,6,0.446,66,0,0,0,0,0.374,1
ORD-12268,Riya Parikh,Fashion,2078.67,1,29,0.18,42,0,0,0,0,0.206,0
ORD-12269,Tanvi Tailor,Electronics,3351.64,1,18,0.318,204,0,0,0,0,0.292,1
ORD-12270,Manbir Dasgupta,Electronics,3644.08,0,11,0.215,67,1,0,0,0,0.734,0
ORD-12271,Girik Jani,Mobiles,7550.04,1,1,0.375,100,0,0,1,0,0.232,1
ORD-12272,Pranit Ganguly,Home & Kitchen,3778.17,1,15,0.233,31,1,1,0,0,0.574,1
ORD-12273,Simon Agrawal,Mobiles,5257.27,1,16,0.222,4,0,0,0,0,0.448,0
ORD-12274,Omaja Bose,Electronics,1805.91,1,7,0.204,22,0,1,0,0,0.315,0
ORD-12275,Wishi Chandra,Mobiles,4148.07,1,9,0.711,373,0,0,0,0,0.223,1
ORD-12276,Atharv Mane,Beauty,5344.35,1,14,0.201,30,0,0,1,1,0.125,0
ORD-12277,Meera Prakash,Electronics,10160.36,1,13,0.517,439,1,0,0,0,0.7,1
ORD-12278,Ekiya Dube,Mobiles,4693.75,1,37,0.265,21,0,1,0,0,0.347,1
ORD-12279,Finn Sharma,Electronics,7940.59,0,19,0.275,243,0,1,1,1,0.249,1
ORD-12280,Sudiksha Luthra,Electronics,4361.58,0,13,0.415,75,0,0,0,1,0.214,1
ORD-12281,Forum Bassi,Electronics,1922.65,1,9,0.276,207,0,0,0,0,0.377,1
ORD-12282,Ekta Dayal,Fashion,3166.15,1,18,0.158,655,0,0,0,0,0.225,0
ORD-12283,Chanakya Mandal,Fitness,2188.0,1,8,0.422,103,0,0,0,0,0.218,1
ORD-12284,Christopher Bobal,Home & Kitchen,6615.31,0,11,0.421,72,0,0,0,0,0.222,1
ORD-12285,George Rastogi,Fitness,4660.17,0,21,0.375,246,0,0,0,0,0.134,1
ORD-12286,Pranav Khatri,Fashion,6892.69,0,12,0.328,57,0,0,0,0,0.284,1
ORD-12287,Gaurav Bail,Electronics,3821.68,1,35,0.187,446,0,0,0,1,0.408,0
ORD-12288,Nicholas Rama,Beauty,1561.49,0,10,0.409,230,0,0,0,1,0.376,1
ORD-12289,Bhavani Dube,Electronics,1712.48,0,9,0.202,165,0,0,0,0,0.143,0
ORD-12290,Chanchal Swaminathan,Fitness,11361.85,1,6,0.547,348,0,1,0,0,0.361,1
ORD-12291,Dayita Deep,Fashion,5130.58,1,12,0.618,496,1,0,0,0,0.629,1
ORD-12292,Gopal Pillai,Home & Kitchen,1660.75,1,11,0.127,276,0,0,0,0,0.487,0
ORD-12293,Vrishti Sehgal,Fitness,5629.06,1,15,0.204,109,1,0,0,1,0.195,0
ORD-12294,Vamakshi Loyal,Electronics,5722.01,0,14,0.194,131,0,0,1,1,0.133,0
ORD-12295,Gautam Sami,Electronics,26326.01,0,41,0.194,356,0,0,0,0,0.474,0
ORD-12296,Quincy Saraf,Electronics,2489.7,0,24,0.395,125,1,1,0,0,0.2,1
ORD-12297,Girik Baria,Electronics,3544.56,0,9,0.45,303,0,0,0,1,0.511,0
ORD-12298,Ubika Kapur,Mobiles,2985.72,1,10,0.567,490,1,0,0,0,0.525,1
ORD-12299,Warhi Vyas,Electronics,3602.86,0,20,0.283,15,0,0,0,0,0.401,1
ORD-12300,Bina Sidhu,Fashion,5744.4,0,12,0.202,428,0,0,0,0,0.532,0
ORD-12301,Fariq Sridhar,Electronics,16708.26,0,13,0.321,10,0,0,0,1,0.124,1
ORD-12302,Manthan Datta,Mobiles,2597.4,1,1,0.322,118,0,0,1,0,0.214,0
ORD-12303,Yuvraj Virk,Mobiles,7344.42,0,16,0.196,237,0,0,0,0,0.141,0
ORD-12304,Chakrika Batta,Mobiles,2772.05,0,7,0.489,61,1,0,0,0,0.23,0
ORD-12305,Chakradev Varghese,Beauty,8343.25,1,11,0.131,62,0,0,0,0,0.267,0
ORD-12306,Yashvi Sandal,Home & Kitchen,4856.39,0,13,0.111,84,0,0,0,1,0.33,0
ORD-12307,Girindra Shetty,Fashion,3838.13,1,2,0.208,208,0,0,0,0,0.184,0
ORD-12308,Isha Kumar,Electronics,12746.81,0,12,0.123,124,0,0,0,0,0.141,0
ORD-12309,Yahvi Babu,Mobiles,6267.92,1,22,0.448,404,0,0,0,1,0.179,1
ORD-12310,Turvi Gola,Fitness,2602.47,1,12,0.187,628,0,0,0,0,0.43,1
ORD-12311,Maya Bath,Electronics,7949.59,0,4,0.258,201,0,0,1,0,0.144,0
ORD-12312,Omaja Mishra,Fashion,2641.07,0,12,0.147,20,0,0,0,1,0.425,0
ORD-12313,Suhani Sengupta,Electronics,8276.13,1,11,0.18,738,0,0,0,0,0.327,0
ORD-12314,Harita Grover,Fashion,2527.25,0,15,0.215,435,0,0,0,1,0.361,1
ORD-12315,Qasim Brar,Fashion,8147.4,0,5,0.177,196,0,0,1,0,0.296,1
ORD-12316,Hitesh Saraf,Fitness,1213.77,1,18,0.387,300,1,1,0,0,0.129,1
ORD-12317,Abdul Rana,Mobiles,3082.24,1,21,0.172,13,0,0,1,0,0.271,1
ORD-12318,Agastya Garg,Home & Kitchen,2495.13,0,5,0.22,138,0,0,0,1,0.42,0
ORD-12319,Triveni Ravel,Fashion,8397.38,1,23,0.229,41,0,0,0,0,0.556,0
ORD-12320,Chavvi Patel,Electronics,7733.29,1,12,0.322,160,1,0,0,1,0.582,1
ORD-12321,Chasmum Chahal,Home & Kitchen,9283.67,0,5,0.242,66,0,0,0,1,0.463,0
ORD-12322,Krishna Atwal,Fashion,8170.22,0,7,0.239,286,0,0,1,0,0.745,0
ORD-12323,Isaac Babu,Electronics,4892.19,0,3,0.511,209,1,0,0,0,0.734,1
ORD-12324,Avi Kadakia,Fitness,4341.96,1,20,0.244,543,1,0,0,0,0.131,1
ORD-12325,Maanav Khurana,Mobiles,10860.68,1,5,0.221,324,1,0,0,1,0.511,1
ORD-12326,Rayaan Chadha,Electronics,5297.01,0,30,0.202,235,0,0,1,0,0.188,1
ORD-12327,Ubika Divan,Electronics,8030.85,0,7,0.457,85,1,0,0,0,0.335,1
ORD-12328,Pahal Bains,Electronics,2307.56,0,6,0.136,563,0,0,0,0,0.15,0
ORD-12329,Ojas Dua,Electronics,4592.04,0,22,0.307,266,0,1,0,1,0.361,1
ORD-12330,Vedhika Sinha,Electronics,7175.82,0,10,0.264,211,1,0,0,0,0.4,0
ORD-12331,Shivani Kibe,Fashion,5627.03,0,4,0.174,123,0,0,1,0,0.338,0
ORD-12332,Chaitaly Ramanathan,Fashion,6193.44,1,15,0.24,176,0,0,0,0,0.478,1
ORD-12333,Gauri Anand,Beauty,4786.12,0,15,0.138,62,1,0,0,0,0.21,1
ORD-12334,Rachana Sagar,Mobiles,5151.41,1,10,0.402,196,0,0,0,0,0.31,0
ORD-12335,Bina Bansal,Fashion,8185.92,0,21,0.637,539,1,0,0,0,0.571,1
ORD-12336,Mugdha Sunder,Electronics,12943.32,0,11,0.052,526,0,0,0,1,0.267,0
ORD-12337,Vincent Bhat,Home & Kitchen,2793.34,0,5,0.156,80,0,0,0,0,0.374,0
ORD-12338,Pahal Mutti,Home & Kitchen,5066.81,0,17,0.092,202,0,0,0,0,0.392,0
ORD-12339,Amrita Sahni,Home & Kitchen,4183.95,0,18,0.199,42,0,0,0,1,0.161,0
ORD-12340,Jackson Talwar,Fashion,4613.15,0,8,0.415,53,0,0,0,0,0.292,0
ORD-12341,Saumya Sarin,Mobiles,1598.13,0,9,0.151,41,0,0,0,0,0.486,0
ORD-12342,Neel Mani,Fashion,1887.82,0,6,0.348,23,0,1,0,0,0.417,1
ORD-12343,Upasna Padmanabhan,Fashion,3110.15,0,9,0.339,309,0,1,0,0,0.319,1
ORD-12344,Vincent Tripathi,Fashion,6723.72,0,20,0.423,136,0,0,0,0,0.327,0
ORD-12345,Harinakshi Sidhu,Fashion,3064.61,0,9,0.242,312,1,0,0,0,0.21,1
ORD-12346,Chaaya Ramakrishnan,Home & Kitchen,3177.58,1,10,0.636,248,0,0,0,0,0.429,1
ORD-12347,Jagvi Sodhi,Electronics,12393.18,1,11,0.37,152,0,0,0,0,0.372,1
ORD-12348,Sarthak Mandal,Electronics,2240.85,0,16,0.113,95,0,0,0,0,0.363,1
ORD-12349,Vasudha Dayal,Electronics,1626.77,0,7,0.085,66,0,0,0,0,0.186,0
ORD-12350,Ryan Dugar,Mobiles,5818.94,1,10,0.164,2,0,0,1,0,0.459,0
ORD-12351,Harrison Sagar,Fitness,4009.71,0,8,0.418,218,1,1,0,0,0.316,0
ORD-12352,Chavvi Keer,Electronics,13416.65,1,26,0.342,139,1,0,0,0,0.492,0
ORD-12353,Champak Badami,Electronics,5970.86,0,11,0.21,38,0,0,0,0,0.18,0
ORD-12354,Advika Parikh,Electronics,4599.59,0,13,0.416,649,0,0,1,0,0.223,1
ORD-12355,Owen Thakur,Fashion,17447.7,1,2,0.61,381,1,0,0,0,0.473,1
ORD-12356,Devansh Nazareth,Mobiles,2912.79,0,6,0.654,120,2,0,0,0,0.283,1
ORD-12357,Ishaan Karan,Home & Kitchen,7173.81,1,13,0.41,553,1,0,0,0,0.143,1
ORD-12358,Udarsh Sur,Fashion,6396.39,0,11,0.484,506,1,1,0,0,0.262,1
ORD-12359,Harini Pant,Electronics,9226.3,0,6,0.271,74,0,0,0,1,0.174,0
ORD-12360,Amara Dora,Electronics,4962.28,0,14,0.166,47,0,0,0,0,0.52,0
ORD-12361,Chandresh Sarma,Home & Kitchen,3079.35,1,2,0.535,129,0,1,0,1,0.481,1
ORD-12362,Indrajit Cherian,Mobiles,2845.53,0,22,0.179,5,0,0,0,0,0.419,0
ORD-12363,Benjamin Tripathi,Mobiles,5658.75,1,28,0.274,176,0,0,0,0,0.329,1
ORD-12364,Oliver Dalal,Electronics,4084.65,0,6,0.241,761,0,0,0,0,0.127,0
ORD-12365,Janaki Dugar,Electronics,5859.94,0,11,0.238,133,0,0,0,0,0.09,0
ORD-12366,Riya Toor,Mobiles,2321.04,1,10,0.285,10,0,0,0,1,0.17,1
ORD-12367,Hardik Dube,Fashion,6616.56,1,16,0.25,75,0,0,0,1,0.46,0
ORD-12368,Gaurika Devi,Electronics,4851.07,1,10,0.055,115,0,0,1,0,0.264,0
ORD-12369,Saksham Sarna,Home & Kitchen,5587.75,0,16,0.282,378,3,0,0,0,0.129,1
ORD-12370,Abeer Korpal,Electronics,2087.1,1,27,0.066,218,0,0,0,1,0.571,1
ORD-12371,Harita Mangat,Beauty,15867.1,1,13,0.279,832,0,0,0,0,0.202,1
ORD-12372,Frederick Lata,Mobiles,1657.17,0,8,0.472,11,1,0,0,0,0.369,1
ORD-12373,Oeshi Patel,Fitness,2182.87,1,34,0.189,63,1,0,0,1,0.441,0
ORD-12374,Max Wagle,Fashion,1955.52,0,5,0.42,25,0,0,1,1,0.406,0
ORD-12375,Vedant Devi,Home & Kitchen,3322.73,1,15,0.211,4,0,0,0,0,0.271,0
ORD-12376,Odika Rout,Fashion,1711.86,0,9,0.5,106,0,0,0,1,0.516,1
ORD-12377,Zaitra Pathak,Home & Kitchen,4778.29,0,5,0.343,275,0,0,0,1,0.159,1
ORD-12378,Saanvi Dhingra,Home & Kitchen,1842.72,1,8,0.396,16,0,0,0,0,0.566,0
ORD-12379,Zansi Boase,Electronics,1610.82,0,4,0.327,19,0,0,0,0,0.263,1
ORD-12380,Hamsini Murty,Fitness,4526.58,1,21,0.219,5,0,0,0,1,0.451,0
ORD-12381,Nitesh Saraf,Fashion,20083.25,1,21,0.449,792,0,0,0,1,0.327,1
ORD-12382,Maya Bansal,Mobiles,2715.12,1,39,0.12,98,0,0,0,0,0.209,0
ORD-12383,Dalbir Venkatesh,Fashion,6722.29,1,5,0.371,0,0,0,1,1,0.171,1
ORD-12384,Oni Ratti,Electronics,4504.16,0,6,0.161,145,0,0,1,0,0.141,0
ORD-12385,Dipta Padmanabhan,Beauty,8621.06,0,7,0.104,50,0,0,0,0,0.573,0
ORD-12386,Ati Wable,Home & Kitchen,1769.56,0,13,0.202,714,0,0,1,1,0.288,0
ORD-12387,Netra Sehgal,Electronics,5089.49,0,34,0.383,39,0,0,0,0,0.621,1
ORD-12388,Riya Pai,Home & Kitchen,1884.0,0,41,0.024,131,0,0,0,0,0.147,0
ORD-12389,Rudra Mitra,Fashion,4551.68,0,5,0.032,67,0,0,0,0,0.245,0
ORD-12390,Balhaar Yogi,Fashion,5656.11,1,6,0.404,239,0,0,0,0,0.588,0
ORD-12391,Madhavi Date,Beauty,5831.74,0,10,0.24,434,0,0,1,1,0.319,0
ORD-12392,Tanay Chander,Electronics,2600.09,0,3,0.151,11,0,0,0,1,0.255,0
ORD-12393,Harini Dutta,Fashion,9955.93,1,17,0.306,165,0,0,0,0,0.158,0
ORD-12394,Ayaan Zacharia,Fashion,1097.95,0,8,0.216,401,0,0,1,0,0.415,0
ORD-12395,Wyatt Modi,Fashion,4716.68,0,17,0.206,101,0,0,0,1,0.068,0
ORD-12396,Yashasvi Choudhry,Fashion,1924.01,1,5,0.23,4,1,0,0,0,0.133,1
ORD-12397,Kashish Lad,Fashion,5881.42,1,4,0.422,170,0,0,1,0,0.504,1
ORD-12398,Jatin Batta,Fashion,17272.33,0,5,0.21,571,1,0,0,0,0.42,0
ORD-12399,Saumya Misra,Mobiles,3178.11,0,18,0.284,473,0,0,1,0,0.586,1
ORD-12400,Sudiksha Nori,Home & Kitchen,2478.79,0,9,0.137,327,0,0,1,1,0.257,1
ORD-12401,Vivaan Palla,Fashion,2019.71,0,11,0.243,614,0,0,0,0,0.129,0
ORD-12402,Bhavani Dey,Home & Kitchen,8840.73,0,6,0.123,92,0,0,0,0,0.2,0
ORD-12403,Zinal Kota,Mobiles,13849.97,1,9,0.299,44,0,0,0,0,0.197,0
ORD-12404,Falak Varty,Fitness,4189.62,1,8,0.274,112,0,0,0,1,0.23,0
ORD-12405,Jalsa Sha,Electronics,4164.57,0,25,0.227,48,0,0,0,0,0.096,1
ORD-12406,Manan Sandal,Home & Kitchen,8129.14,0,3,0.54,39,0,0,1,0,0.315,1
ORD-12407,Finn Chanda,Electronics,5251.88,1,28,0.134,892,0,0,0,0,0.154,0
ORD-12408,Pavani De,Mobiles,3663.63,0,15,0.272,219,0,1,0,0,0.194,1
ORD-12409,Tanish Sehgal,Fashion,3425.32,0,18,0.158,68,1,0,0,1,0.258,0
ORD-12410,Kala Vora,Fashion,3711.61,1,17,0.404,124,0,0,0,0,0.33,1
ORD-12411,Zilmil Rana,Mobiles,4299.8,0,11,0.421,98,0,0,1,0,0.166,1
ORD-12412,Wishi Sampath,Home & Kitchen,4320.19,1,10,0.151,285,0,0,0,0,0.416,0
ORD-12413,Vrishti Saha,Electronics,3365.88,0,23,0.128,75,0,0,0,0,0.179,0
ORD-12414,Maanas Tiwari,Mobiles,2620.96,1,15,0.475,193,0,1,0,0,0.304,1
ORD-12415,Vedhika Shankar,Fashion,1457.41,1,13,0.193,481,0,0,0,1,0.067,0
ORD-12416,Yochana Wadhwa,Beauty,7579.21,1,9,0.432,90,0,0,0,0,0.627,1
ORD-12417,Simon Shah,Home & Kitchen,951.05,0,12,0.288,84,0,0,0,1,0.298,1
ORD-12418,Bachittar Dugar,Electronics,4247.72,0,13,0.12,42,0,0,1,1,0.291,1
ORD-12419,Jagat Rege,Fashion,3828.54,0,10,0.283,982,1,0,0,0,0.112,0
ORD-12420,Jai Pingle,Mobiles,5818.93,0,25,0.2,478,1,0,0,0,0.234,0
ORD-12421,Banjeet Virk,Fashion,5804.45,0,12,0.165,56,0,0,0,0,0.366,0
ORD-12422,Jacob Prabhu,Fashion,5235.71,1,7,0.225,405,0,0,0,0,0.185,0
ORD-12423,Kavya Mitter,Mobiles,13900.02,0,10,0.4,644,0,0,0,1,0.144,0
ORD-12424,Vedika Bala,Fitness,7365.87,1,37,0.36,62,0,0,0,1,0.34,1
ORD-12425,Lucky Sama,Beauty,2971.82,0,14,0.19,110,0,0,0,0,0.462,0
ORD-12426,Dalaja Mander,Home & Kitchen,4000.58,0,13,0.312,185,0,1,0,0,0.327,0
ORD-12427,Qadim Suresh,Fashion,2196.08,1,3,0.179,6,0,0,0,1,0.12,0
ORD-12428,Jason Palla,Electronics,5778.56,0,14,0.272,42,1,1,0,0,0.344,0
ORD-12429,Chaitanya Sahni,Electronics,1093.37,1,5,0.407,94,1,0,1,0,0.345,1
ORD-12430,Dayita Sethi,Electronics,1082.03,1,9,0.344,221,0,0,0,0,0.221,1
ORD-12431,Krishna Soman,Beauty,9051.41,0,12,0.09,24,0,0,0,0,0.33,1
ORD-12432,Lakshit Thaman,Electronics,3478.3,1,16,0.37,108,0,0,1,0,0.553,1
ORD-12433,Shivani Sen,Fashion,2274.33,0,9,0.175,370,0,0,0,1,0.554,0
ORD-12434,Eshana Chakraborty,Mobiles,1670.54,1,16,0.151,170,0,0,0,0,0.054,0
ORD-12435,Lila Kaul,Beauty,1681.29,0,21,0.28,149,0,0,0,0,0.172,0
ORD-12436,Harinakshi Zachariah,Beauty,4937.73,0,22,0.123,205,0,0,0,1,0.244,0
ORD-12437,Saanvi Mall,Electronics,14347.7,0,16,0.308,354,0,0,0,0,0.189,0
ORD-12438,Noah Bakshi,Electronics,13534.43,0,13,0.122,27,0,0,0,1,0.142,0
ORD-12439,Jatin Chada,Electronics,2170.14,0,10,0.204,178,0,1,0,1,0.192,1
ORD-12440,Chatresh Vig,Fashion,3769.45,1,6,0.769,795,1,0,0,0,0.514,1
ORD-12441,Vamakshi Thakkar,Fashion,5305.29,0,20,0.411,76,1,0,1,1,0.437,1
ORD-12442,Jai Wali,Fashion,1983.08,0,4,0.2,51,0,0,0,0,0.625,0
ORD-12443,Anirudh Maharaj,Electronics,3082.45,0,3,0.142,165,0,0,1,1,0.412,0
ORD-12444,Yatan Sawhney,Mobiles,8652.82,0,11,0.431,168,0,0,0,1,0.403,1
ORD-12445,Ekani Ratti,Home & Kitchen,4405.65,0,4,0.0,89,0,0,0,1,0.296,0
ORD-12446,Vyanjana Bajaj,Electronics,2479.6,1,19,0.156,53,0,0,0,1,0.202,0
ORD-12447,Rajeshri Gole,Fitness,4125.09,1,26,0.305,41,0,0,0,0,0.534,1
ORD-12448,Arjun Wable,Mobiles,5391.08,1,18,0.605,407,0,0,0,0,0.401,1
ORD-12449,Lavanya Kurian,Fitness,11182.35,1,13,0.36,285,1,0,0,1,0.58,1
ORD-12450,Ishwar Chaudhary,Home & Kitchen,4401.98,1,7,0.357,281,1,0,0,0,0.489,1
ORD-12451,Bhavika Dhawan,Fashion,3916.48,1,8,0.381,645,0,0,0,0,0.506,1
ORD-12452,Aadhya Chakraborty,Beauty,2965.61,0,5,0.254,258,1,0,0,0,0.158,1
ORD-12453,Damyanti Reddy,Mobiles,4618.41,0,3,0.165,110,0,0,0,0,0.363,0
ORD-12454,Daniel Nanda,Beauty,16679.66,0,16,0.315,97,0,0,1,0,0.278,1
ORD-12455,Avi Bhardwaj,Home & Kitchen,10687.98,1,14,0.247,278,0,0,0,0,0.539,0
ORD-12456,Madhavi Chaudhary,Electronics,2824.97,1,10,0.115,107,0,0,0,1,0.145,0
ORD-12457,Lucky Sachar,Home & Kitchen,12655.87,0,23,0.368,258,1,0,0,0,0.55,0
ORD-12458,Aarna Prashad,Fashion,3450.83,0,5,0.254,79,0,0,0,0,0.425,1
ORD-12459,Charles Jain,Mobiles,1502.32,0,3,0.304,78,0,0,1,0,0.195,1
ORD-12460,Warjas Tailor,Home & Kitchen,2037.66,1,21,0.336,5,1,0,0,0,0.429,1
ORD-12461,Ishwar Luthra,Beauty,1948.76,1,7,0.092,206,0,0,0,0,0.551,0
ORD-12462,Eesha Shetty,Fashion,3453.27,1,18,0.42,545,0,0,1,1,0.445,0
ORD-12463,Dominic Sule,Fitness,6110.25,0,15,0.151,353,0,0,0,0,0.342,1
ORD-12464,Nikita Kaur,Home & Kitchen,3468.69,0,33,0.314,104,1,0,0,0,0.353,1
ORD-12465,Amruta Chaudhuri,Electronics,1609.13,0,19,0.325,2,1,0,0,0,0.161,0
ORD-12466,Jeremiah Modi,Home & Kitchen,3943.55,0,12,0.364,49,0,0,0,0,0.217,1
ORD-12467,Sanaya Chacko,Fitness,1278.99,1,12,0.347,188,0,0,0,0,0.171,1
ORD-12468,Lucky Prakash,Electronics,2688.55,0,15,0.708,547,2,0,1,1,0.274,1
ORD-12469,Yatan Yogi,Electronics,2366.54,1,11,0.249,390,0,0,0,1,0.111,0
ORD-12470,Siya Barman,Fitness,5408.99,0,21,0.097,527,0,0,0,0,0.216,0
ORD-12471,Ucchal Mann,Beauty,3877.87,1,5,0.508,109,0,1,0,1,0.262,1
ORD-12472,Aadi Bhasin,Beauty,4751.12,1,23,0.145,17,0,1,0,1,0.385,1
ORD-12473,Anjali Krishna,Fitness,3141.97,0,6,0.137,515,0,0,0,1,0.323,0
ORD-12474,Indali Kala,Fitness,7544.38,0,11,0.214,225,0,0,0,0,0.423,0
ORD-12475,Chakradev Edwin,Beauty,25308.29,0,11,0.22,426,1,0,0,1,0.261,0
ORD-12476,Charita Chakraborty,Fashion,4718.71,0,22,0.134,22,0,0,0,0,0.241,0
ORD-12477,Jason Dey,Fashion,1498.35,0,9,0.275,21,0,0,0,0,0.348,0
ORD-12478,Rachana Kade,Beauty,3724.23,1,10,0.212,118,0,0,0,0,0.597,0
ORD-12479,Hema Lal,Electronics,9057.56,0,12,0.262,109,0,0,1,0,0.168,1
ORD-12480,Anjali Korpal,Electronics,7005.58,1,16,0.331,26,0,0,0,1,0.367,1
ORD-12481,Harita Kade,Mobiles,7154.44,1,20,0.394,176,0,0,1,1,0.181,1
ORD-12482,Falguni Babu,Fashion,4935.48,0,10,0.176,331,0,0,0,1,0.182,0
ORD-12483,Aarnav Soni,Fashion,4254.11,0,6,0.525,491,1,0,0,0,0.212,1
ORD-12484,Aditya Ghose,Mobiles,1531.94,0,23,0.158,102,0,0,0,0,0.194,0
ORD-12485,Vrinda Ramaswamy,Mobiles,3738.98,1,9,0.177,32,0,0,1,0,0.274,0
ORD-12486,Faras Yohannan,Beauty,4484.06,0,15,0.146,296,0,0,0,1,0.15,0
ORD-12487,Sai Dasgupta,Mobiles,3565.71,0,11,0.295,2,0,0,0,1,0.231,0
ORD-12488,Krisha Parmar,Home & Kitchen,4441.15,1,7,0.177,26,0,0,0,0,0.285,1
ORD-12489,Peter Anand,Mobiles,5361.85,0,12,0.256,267,1,0,0,1,0.239,0
ORD-12490,Turvi Prabhakar,Home & Kitchen,2377.82,0,11,0.084,205,0,0,0,1,0.318,0
ORD-12491,Sai Andra,Fashion,16882.19,0,13,0.15,38,0,0,0,0,0.333,0
ORD-12492,Anmol Mand,Beauty,5420.13,0,17,0.139,558,1,0,0,0,0.323,0
ORD-12493,Rehaan Chana,Beauty,18515.58,0,5,0.232,181,0,0,0,1,0.414,0
ORD-12494,Timothy Kaur,Electronics,5635.91,0,4,0.201,102,0,0,0,0,0.33,1
ORD-12495,Janani Bansal,Home & Kitchen,13516.35,1,15,0.102,28,0,0,0,0,0.321,0
ORD-12496,Waida Kadakia,Mobiles,2902.91,0,13,0.271,558,1,0,1,0,0.155,0
ORD-12497,Rohan Randhawa,Electronics,5197.99,0,12,0.297,69,0,0,0,0,0.197,0
ORD-12498,Arunima Tella,Electronics,6379.59,0,27,0.177,266,0,1,0,1,0.151,0
ORD-12499,Onkar Hari,Fashion,3603.04,1,6,0.519,58,0,0,0,1,0.404,1
ORD-12500,Dhruv Dave,Home & Kitchen,12266.19,0,20,0.231,87,0,0,0,0,0.352,0
ORD-12501,Joshua Lad,Mobiles,3425.63,0,7,0.164,232,0,0,0,0,0.398,0
ORD-12502,Anusha Handa,Electronics,2866.76,0,3,0.155,117,1,0,1,0,0.304,0
ORD-12503,Zayyan Setty,Home & Kitchen,3296.73,0,2,0.585,8,1,0,0,0,0.695,1
ORD-12504,Prisha Ben,Beauty,8732.81,0,8,0.604,163,0,0,0,0,0.202,1
ORD-12505,Rachana Ray,Home & Kitchen,2357.85,1,23,0.268,19,0,0,0,0,0.23,0
ORD-12506,Jairaj Vasa,Mobiles,3022.1,1,7,0.15,548,0,0,0,1,0.103,0
ORD-12507,Warhi Pathak,Mobiles,3053.91,0,7,0.141,13,0,0,0,0,0.347,0
ORD-12508,Udarsh Batta,Electronics,2115.43,0,16,0.449,86,0,0,0,1,0.484,1
ORD-12509,Osha Walia,Beauty,8093.7,0,7,0.159,303,0,0,0,0,0.496,0
ORD-12510,Diya Ahluwalia,Electronics,3304.63,0,10,0.14,66,0,1,0,0,0.143,0
ORD-12511,Robert Natt,Mobiles,3104.43,0,22,0.223,239,1,0,1,0,0.172,0
ORD-12512,Aryan Kara,Electronics,2661.84,1,22,0.103,111,0,0,0,0,0.489,0
ORD-12513,Falan Krish,Electronics,7762.49,0,12,0.319,62,0,0,1,0,0.271,1
ORD-12514,Nitesh Narayan,Home & Kitchen,4378.82,1,8,0.068,28,0,0,1,0,0.075,1
ORD-12515,Dev Chatterjee,Home & Kitchen,7892.15,1,28,0.253,501,2,0,0,0,0.203,1
ORD-12516,Varsha Sankaran,Beauty,8575.9,1,27,0.197,168,0,0,1,0,0.328,1
ORD-12517,Gaurika Krishna,Fashion,11420.53,1,16,0.361,395,0,0,0,1,0.23,1
ORD-12518,Hritik Solanki,Mobiles,8200.11,0,12,0.166,198,0,0,0,0,0.179,1
ORD-12519,Harini Bhagat,Mobiles,4145.83,0,12,0.191,45,1,0,0,0,0.249,0
ORD-12520,Zinal Khalsa,Home & Kitchen,1540.03,0,7,0.219,223,0,1,0,1,0.115,0
ORD-12521,Reva Chandran,Home & Kitchen,8088.93,1,8,0.012,106,0,0,0,0,0.426,1
ORD-12522,Jeet Chada,Electronics,1108.66,0,8,0.411,213,0,0,0,1,0.216,0
ORD-12523,Bahadurjit Purohit,Fashion,4578.18,0,12,0.268,770,0,0,0,1,0.183,0
ORD-12524,Dhruv Datta,Mobiles,7284.7,0,14,0.237,39,0,0,0,0,0.231,1
ORD-12525,Riya Bhakta,Fashion,2569.66,0,18,0.706,208,0,0,0,0,0.779,1
ORD-12526,Rachana Bhatti,Mobiles,2287.72,0,18,0.263,187,0,0,0,0,0.178,0
ORD-12527,Daksh Ben,Fashion,1162.76,0,16,0.197,443,0,0,0,0,0.142,1
ORD-12528,Lakshmi Ratti,Mobiles,7428.1,1,4,0.175,356,0,1,0,0,0.267,1
ORD-12529,Nirja Kaul,Electronics,18176.01,0,12,0.31,633,0,0,0,0,0.308,0
ORD-12530,Sudiksha Rajagopalan,Mobiles,8227.98,0,16,0.427,158,2,0,0,0,0.385,0
ORD-12531,Priya Chaudhuri,Electronics,1734.69,0,15,0.274,10,0,0,0,0,0.161,0
ORD-12532,Atharv Setty,Mobiles,3808.17,1,10,0.663,10,2,1,0,0,0.308,1
ORD-12533,Reyansh Chokshi,Fitness,6829.25,0,8,0.075,40,0,0,0,0,0.134,0
ORD-12534,Advik Bir,Fashion,9295.27,0,19,0.323,134,2,0,0,0,0.437,0
ORD-12535,Jonathan Upadhyay,Electronics,2172.34,0,4,0.329,10,0,0,1,1,0.47,0
ORD-12536,Isha Sama,Mobiles,2795.26,1,27,0.147,873,0,0,0,0,0.43,0
ORD-12537,Sai Grewal,Home & Kitchen,4141.88,0,9,0.272,110,1,0,0,0,0.096,0
ORD-12538,Laksh Basu,Electronics,2784.4,1,11,0.325,226,0,0,1,0,0.117,1
ORD-12539,Joshua Muni,Electronics,7719.22,0,20,0.267,20,0,1,0,1,0.378,0
ORD-12540,Yochana Parmar,Fashion,10625.16,1,13,0.561,571,1,0,0,0,0.47,1
ORD-12541,Madhav Din,Fashion,2030.79,0,9,0.227,62,0,0,0,0,0.212,1
ORD-12542,Dayamai Oza,Electronics,5777.82,0,11,0.356,312,0,0,1,0,0.43,1
ORD-12543,Jyoti Anand,Fashion,4279.08,0,11,0.202,196,0,0,1,0,0.081,0
ORD-12544,Dakshesh Khanna,Fashion,3423.11,0,15,0.148,292,0,0,0,0,0.136,1
ORD-12545,Pahal Padmanabhan,Electronics,10542.06,0,10,0.11,65,0,1,0,1,0.371,0
ORD-12546,Sai Jaggi,Beauty,7019.4,0,10,0.238,426,0,0,0,0,0.232,0
ORD-12547,Harita Gulati,Fitness,2810.73,1,8,0.448,500,0,1,0,0,0.668,1
ORD-12548,Unni Narula,Fitness,4742.37,0,6,0.628,209,1,0,0,0,0.272,1
ORD-12549,Chandani Sahota,Fashion,4809.78,0,10,0.513,568,1,0,0,0,0.382,1
ORD-12550,Nicholas Cheema,Electronics,5131.48,0,17,0.55,106,1,0,0,1,0.243,1
ORD-12551,Brijesh Tandon,Home & Kitchen,4096.99,1,4,0.399,76,0,0,0,0,0.306,0
ORD-12552,Aarush Kapoor,Electronics,2284.38,0,29,0.149,622,0,0,0,0,0.155,0
ORD-12553,Unnati Kala,Electronics,10668.36,0,6,0.266,333,0,0,0,0,0.511,1
ORD-12554,Vasana Narula,Mobiles,5325.79,1,16,0.28,341,0,0,0,0,0.286,0
ORD-12555,Samesh Ratta,Fitness,3558.44,0,27,0.3,362,0,1,0,0,0.514,0
ORD-12556,Abeer Patil,Fashion,3367.78,0,11,0.256,74,0,0,0,0,0.479,0
ORD-12557,Ethan Parmar,Fashion,6609.62,0,4,0.602,13,0,0,0,1,0.987,1
ORD-12558,Ishwar Dhar,Electronics,13461.5,0,12,0.313,107,0,0,0,0,0.232,0
ORD-12559,Ria Hayer,Electronics,1928.21,0,26,0.319,487,0,0,0,1,0.446,0
ORD-12560,Caleb Balan,Home & Kitchen,6617.38,1,17,0.261,218,0,0,0,0,0.274,0
ORD-12561,Rudra Mander,Mobiles,5138.93,0,19,0.282,159,0,0,0,0,0.181,0
ORD-12562,Theodore Lala,Mobiles,1394.65,0,10,0.227,456,0,0,0,1,0.453,0
ORD-12563,Harinakshi Korpal,Mobiles,6718.61,1,16,0.249,415,0,0,0,0,0.621,1
ORD-12564,Rohan Bains,Mobiles,1276.39,1,16,0.4,102,0,0,0,0,0.186,1
ORD-12565,Adweta Chaudhuri,Home & Kitchen,17649.91,1,15,0.192,16,0,0,0,1,0.222,0
ORD-12566,Laksh Raghavan,Mobiles,6603.97,1,21,0.249,67,0,0,0,1,0.317,0
ORD-12567,Hamsini Kade,Fitness,12174.0,0,5,0.296,19,0,0,0,1,0.266,1
ORD-12568,Tanmayi Khatri,Fitness,4705.51,0,20,0.074,61,0,0,0,1,0.221,0
ORD-12569,Kashish Garg,Electronics,1542.35,0,14,0.203,2,0,0,0,0,0.296,1
ORD-12570,Dhruv Dani,Fitness,5971.21,0,14,0.306,149,0,1,0,0,0.283,1
ORD-12571,Kalpit Gupta,Fashion,2925.6,1,12,0.337,22,0,0,0,0,0.239,1
ORD-12572,Kritika Prasad,Fashion,4249.76,1,9,0.285,678,1,0,1,0,0.248,1
ORD-12573,Pushti Konda,Mobiles,3831.66,0,10,0.223,279,0,0,0,0,0.198,1
ORD-12574,Ranbir Wason,Fashion,3598.77,0,11,0.225,29,0,1,0,1,0.532,0
ORD-12575,Manthan Narang,Home & Kitchen,2378.99,0,10,0.424,1224,1,1,0,0,0.282,1
ORD-12576,Chatresh Mammen,Fashion,1513.34,0,14,0.269,125,0,0,0,1,0.433,0
ORD-12577,Yashoda Suresh,Fitness,7357.76,1,14,0.399,142,1,0,1,0,0.258,1
ORD-12578,Finn Singhal,Electronics,9891.42,0,11,0.174,170,2,0,0,0,0.58,1
ORD-12579,Oliver Trivedi,Electronics,19192.49,1,28,0.515,437,2,0,0,0,0.477,1
ORD-12580,Yashodhara Prasad,Fashion,7903.98,0,9,0.348,111,0,0,0,0,0.174,1
ORD-12581,Zilmil Shetty,Fashion,8462.94,1,38,0.354,630,1,0,0,0,0.16,0
ORD-12582,Ekanta Prakash,Home & Kitchen,3440.21,0,27,0.381,241,0,0,0,0,0.414,0
ORD-12583,Warda Som,Fashion,6089.61,0,26,0.123,350,0,0,0,1,0.179,0
ORD-12584,Nandini Bansal,Mobiles,3752.22,0,7,0.241,22,0,0,0,0,0.435,1
ORD-12585,Theodore Jain,Mobiles,7732.29,0,7,0.157,75,1,1,0,0,0.193,1
ORD-12586,Wahab Randhawa,Home & Kitchen,6831.13,1,14,0.356,354,1,0,1,0,0.3,0
ORD-12587,Damini Sandal,Mobiles,7648.96,0,3,0.336,134,0,0,1,1,0.368,1
ORD-12588,Naksh Prasad,Electronics,6884.21,1,10,0.565,359,0,0,0,1,0.391,1
ORD-12589,Frado Desai,Fashion,11559.8,0,6,0.33,47,1,0,0,0,0.422,0
ORD-12590,Chakrika Saxena,Fitness,8713.82,0,14,0.079,518,0,0,0,1,0.094,0
ORD-12591,Victor Barman,Home & Kitchen,4856.22,0,16,0.053,934,0,0,0,1,0.321,1
ORD-12592,Yauvani Nayar,Fashion,6660.78,0,4,0.387,2,0,0,0,0,0.506,1
ORD-12593,Shravya Sibal,Mobiles,967.18,0,15,0.313,40,0,0,0,0,0.335,0
ORD-12594,Nilima Pillai,Beauty,3111.85,1,4,0.06,140,0,1,0,1,0.126,0
ORD-12595,Edhitha Mahajan,Electronics,5681.21,1,21,0.193,344,0,0,0,1,0.211,1
ORD-12596,Aryan Gola,Fashion,3630.08,1,18,0.262,31,0,0,0,0,0.133,1
ORD-12597,Vivaan Lanka,Electronics,3333.99,0,13,0.198,144,0,0,1,0,0.295,0
ORD-12598,Jagrati Butala,Mobiles,6240.86,0,7,0.184,15,0,0,0,0,0.136,0
ORD-12599,Yachana Varghese,Fitness,3663.94,1,12,0.146,53,0,0,0,0,0.358,0
ORD-12600,Aradhana Kari,Fitness,1978.48,0,14,0.471,74,1,0,0,0,0.307,1
ORD-12601,Jagat Bora,Beauty,4779.15,1,17,0.454,599,0,0,0,0,0.223,1
ORD-12602,Balvan Iyer,Fitness,4956.56,1,8,0.177,60,0,0,0,0,0.348,0
ORD-12603,Ronith Narayan,Mobiles,4916.93,0,13,0.284,115,0,0,0,0,0.487,0
ORD-12604,Chasmum Maharaj,Electronics,6186.57,0,13,0.437,27,0,0,0,0,0.28,0
ORD-12605,Lakshit Lal,Mobiles,3522.21,0,16,0.254,718,0,0,0,0,0.677,0
ORD-12606,Chandani Manda,Electronics,2945.99,0,26,0.393,320,1,0,0,0,0.266,0
ORD-12607,Netra Ravi,Fashion,6156.13,0,7,0.209,1592,0,0,0,0,0.308,0
ORD-12608,Urmi Vala,Fashion,7636.18,0,8,0.212,272,0,0,0,0,0.31,0
ORD-12609,Mitali Kari,Beauty,2695.27,1,11,0.3,448,0,0,0,1,0.349,1
ORD-12610,Shaurya Som,Beauty,3224.2,0,28,0.028,303,0,0,0,1,0.244,0
ORD-12611,Zaitra Sidhu,Mobiles,3238.55,0,9,0.517,57,0,0,0,1,0.497,1
ORD-12612,Harini Chada,Electronics,11433.13,1,14,0.429,461,2,0,0,0,0.321,1
ORD-12613,Raghav Sanghvi,Electronics,7430.21,0,16,0.358,0,1,0,0,0,0.223,0
ORD-12614,Shaurya Sarna,Mobiles,3402.86,1,13,0.408,772,0,0,0,0,0.167,1
ORD-12615,Ayushman Prasad,Beauty,1126.77,1,9,0.306,214,0,0,0,0,0.14,1
ORD-12616,Kabir Mody,Mobiles,2786.26,1,13,0.114,763,0,0,0,0,0.117,0
ORD-12617,Xalak Pant,Fitness,6394.43,0,16,0.345,4,1,0,0,1,0.294,0
ORD-12618,Umang Saini,Home & Kitchen,4022.97,1,14,0.345,122,1,0,0,0,0.643,1
ORD-12619,Netra Yogi,Electronics,16511.3,0,3,0.585,236,0,0,0,0,0.471,1
ORD-12620,Eshana Bajaj,Fashion,1623.6,1,3,0.148,93,0,0,0,0,0.376,0
ORD-12621,Liam Dube,Home & Kitchen,1858.83,1,24,0.418,523,0,1,0,1,0.34,1
ORD-12622,Mahika Raj,Beauty,2548.55,0,3,0.378,111,0,0,1,1,0.255,1
ORD-12623,Mahika Bhatt,Beauty,2870.1,0,16,0.403,251,0,0,0,1,0.343,1
ORD-12624,Raghav Soman,Fitness,3991.44,0,10,0.152,134,0,0,0,0,0.53,1
ORD-12625,Falguni Seth,Electronics,2764.18,1,7,0.499,36,1,0,0,0,0.258,1
ORD-12626,Girik Garg,Mobiles,3505.38,1,28,0.237,355,0,1,0,1,0.419,1
ORD-12627,Peter Balay,Electronics,14633.09,0,13,0.086,318,0,0,0,0,0.324,0
ORD-12628,Avi Grover,Electronics,1692.47,0,15,0.217,398,0,0,1,1,0.192,0
ORD-12629,Ekaraj Raju,Electronics,1413.61,1,10,0.186,110,0,0,0,0,0.037,0
ORD-12630,Samesh Kaul,Home & Kitchen,5784.86,0,8,0.54,15,2,0,0,1,0.325,1
ORD-12631,Ekaraj Sha,Beauty,2085.25,1,5,0.129,94,0,0,0,0,0.071,0
ORD-12632,Jyoti Vasa,Home & Kitchen,3236.28,0,4,0.149,136,0,0,0,0,0.352,1
ORD-12633,Onveer Narain,Beauty,4568.73,1,23,0.263,351,1,0,0,0,0.119,0
ORD-12634,Mahika Dugar,Home & Kitchen,5248.44,1,7,0.295,319,0,0,1,0,0.365,0
ORD-12635,Kai Yadav,Electronics,4809.04,1,31,0.122,166,0,0,0,0,0.177,0
ORD-12636,Vanya Biswas,Fashion,6808.19,0,22,0.249,356,1,0,0,1,0.27,0
ORD-12637,Samuel De,Home & Kitchen,5174.69,0,4,0.536,113,2,0,0,0,0.607,1
ORD-12638,Dayita Sankaran,Home & Kitchen,1623.72,0,13,0.184,223,0,1,1,0,0.402,1
ORD-12639,Nathan Mukherjee,Fashion,4576.84,1,10,0.311,230,0,0,0,0,0.126,1
ORD-12640,Yadavi Shanker,Mobiles,9156.61,1,11,0.218,608,0,1,0,0,0.183,0
ORD-12641,Saksham Amble,Electronics,2594.71,0,15,0.159,171,0,0,0,0,0.198,0
ORD-12642,Sanaya Bhatt,Electronics,3117.28,0,8,0.368,27,0,1,0,1,0.401,0
ORD-12643,Yatin Vora,Mobiles,7588.77,0,26,0.115,22,0,0,1,1,0.514,1
ORD-12644,Vritti Sharma,Fashion,7372.21,0,4,0.223,12,0,0,0,1,0.092,0
ORD-12645,Balveer Chand,Mobiles,10300.66,0,7,0.297,325,0,0,0,0,0.398,0
ORD-12646,Tanmayi Palan,Fashion,4730.27,1,26,0.258,109,0,0,0,0,0.593,1
ORD-12647,Mahika Gill,Mobiles,7739.32,0,17,0.303,504,1,0,0,0,0.813,1
ORD-12648,Zaid Gola,Fashion,3570.86,0,8,0.324,1,0,0,0,0,0.221,1
ORD-12649,Tanvi Rajagopalan,Fashion,6212.77,1,6,0.509,759,0,1,0,1,0.675,1
ORD-12650,Girish Ramaswamy,Electronics,6772.6,0,8,0.219,119,0,0,0,0,0.427,1
ORD-12651,Wriddhish Dugar,Electronics,3039.14,0,4,0.514,323,1,0,0,1,0.375,1
ORD-12652,Bishakha Bhavsar,Beauty,2932.97,1,15,0.0,159,0,0,0,0,0.308,0
ORD-12653,Wakeeta Sabharwal,Beauty,3547.94,0,12,0.406,95,1,0,1,1,0.229,0
ORD-12654,Jyoti Bose,Mobiles,2008.46,0,21,0.532,565,0,0,0,1,0.47,1
ORD-12655,Yamini Nanda,Fashion,3500.02,1,7,0.448,15,0,0,1,1,0.413,0
ORD-12656,Shravya Gala,Fashion,3399.18,0,9,0.097,888,0,0,0,0,0.514,0
ORD-12657,Sarthak Toor,Home & Kitchen,5148.74,1,21,0.005,91,0,0,0,0,0.332,0
ORD-12658,Turvi Bala,Fashion,2052.58,1,11,0.488,48,0,0,0,1,0.702,1
ORD-12659,Triya Raj,Electronics,8683.1,1,13,0.202,61,0,0,0,1,0.495,0
ORD-12660,Mohini Hayer,Mobiles,4778.31,0,17,0.377,50,1,0,0,0,0.242,1
ORD-12661,Baljiwan Anne,Mobiles,2024.65,1,4,0.462,520,0,0,0,0,0.392,1
ORD-12662,Ishwar Deshpande,Fitness,10178.9,1,15,0.316,17,0,0,0,0,0.224,1
ORD-12663,Ucchal Sundaram,Fashion,6718.98,0,19,0.161,222,0,0,0,1,0.342,0
ORD-12664,Ekansh Butala,Home & Kitchen,1122.62,1,10,0.359,454,0,0,1,0,0.352,1
ORD-12665,Raksha Dey,Fitness,6614.05,0,6,0.395,80,0,1,0,0,0.199,0
ORD-12666,Arya Edwin,Home & Kitchen,9555.98,1,21,0.202,277,0,1,0,0,0.14,1
ORD-12667,Andrew Chaudhry,Beauty,5207.53,1,10,0.285,50,0,0,0,0,0.546,1
ORD-12668,Chaitaly Dash,Mobiles,5470.97,0,36,0.24,243,1,0,0,0,0.515,0
ORD-12669,Om Brahmbhatt,Home & Kitchen,2936.82,0,13,0.258,106,0,0,0,0,0.252,0
ORD-12670,Anjali Dube,Fashion,3433.32,0,26,0.26,23,0,0,0,0,0.303,1
ORD-12671,Ishita Gokhale,Electronics,1925.48,1,13,0.377,477,0,1,0,1,0.361,1
ORD-12672,Bakhshi Walia,Electronics,3528.88,1,14,0.416,265,0,0,0,0,0.347,1
ORD-12673,Riya Batta,Home & Kitchen,5699.48,0,5,0.134,327,0,0,0,0,0.411,1
ORD-12674,Madhavi Morar,Home & Kitchen,4824.17,0,10,0.43,34,2,0,0,0,0.188,1
ORD-12675,Charles Agrawal,Electronics,7843.43,0,16,0.122,7,0,0,0,0,0.161,0
ORD-12676,Krishna Jaggi,Electronics,10530.35,1,12,0.39,90,0,0,0,1,0.618,0
ORD-12677,Kavya Khare,Home & Kitchen,7583.27,1,14,0.475,183,1,0,0,0,0.168,1
ORD-12678,Gavin Babu,Electronics,6335.09,0,10,0.144,223,0,0,0,0,0.215,0
ORD-12679,Ayaan Atwal,Beauty,5741.6,1,18,0.388,63,0,0,1,0,0.677,0
ORD-12680,Rehaan Bhatnagar,Beauty,5162.72,0,6,0.38,393,2,0,0,0,0.393,1
ORD-12681,Gopal Ganesh,Beauty,3108.87,0,4,0.164,21,0,0,0,0,0.252,0
ORD-12682,Chaitanya Sagar,Electronics,8011.15,0,22,0.198,28,0,0,0,0,0.539,0
ORD-12683,Eta Naidu,Mobiles,23479.17,0,14,0.329,795,0,0,0,0,0.214,1
ORD-12684,Sarthak Rana,Electronics,2774.61,0,3,0.43,30,0,0,1,0,0.629,1
ORD-12685,Jai Kata,Electronics,3029.56,0,7,0.331,423,0,0,0,1,0.442,0
ORD-12686,Hitesh Parikh,Electronics,2882.71,0,13,0.205,629,0,0,0,0,0.282,0
ORD-12687,Oscar Aurora,Home & Kitchen,1024.52,0,8,0.033,12,0,0,0,0,0.302,0
ORD-12688,Diya Arora,Beauty,5995.3,1,5,0.184,592,1,0,0,0,0.328,0
ORD-12689,Simon Shanker,Electronics,24060.28,1,27,0.399,89,0,0,0,1,0.26,0
ORD-12690,Dominic Mallick,Beauty,1850.81,1,15,0.355,620,1,0,1,0,0.251,1
ORD-12691,Caleb Bhavsar,Electronics,2382.52,1,27,0.152,188,1,0,0,0,0.547,1
ORD-12692,Nirja Mitra,Fashion,10369.38,1,17,0.308,31,0,0,0,0,0.286,0
ORD-12693,Harsh Yadav,Home & Kitchen,6722.08,1,6,0.682,87,1,0,0,0,0.341,1
ORD-12694,Zayan Chandran,Fashion,4608.86,0,25,0.29,149,0,0,0,1,0.543,0
ORD-12695,Lipika Deol,Electronics,4464.81,0,13,0.092,283,0,0,1,1,0.192,0
ORD-12696,Parth Nadkarni,Electronics,3171.68,1,8,0.396,48,1,0,0,0,0.581,1
ORD-12697,Ekansh Nayak,Fashion,1971.1,0,17,0.253,162,0,0,0,0,0.105,0
ORD-12698,Saumya Raja,Electronics,2379.64,0,6,0.327,67,0,0,0,0,0.169,0
ORD-12699,Yahvi Arya,Electronics,6655.31,1,18,0.215,50,1,0,0,0,0.555,1
ORD-12700,Ansh Dash,Home & Kitchen,4927.9,0,11,0.008,283,0,0,1,1,0.296,0
ORD-12701,Warjas Sangha,Mobiles,8149.23,0,8,0.218,50,0,0,0,0,0.228,0
ORD-12702,Fariq Bhasin,Home & Kitchen,1811.33,0,13,0.295,381,0,0,0,0,0.302,1
ORD-12703,Kavya Tara,Electronics,7139.77,0,8,0.39,27,0,0,0,0,0.245,1
ORD-12704,Saksham Doshi,Fashion,2158.68,0,35,0.311,454,2,1,0,0,0.476,1
ORD-12705,Samarth Barad,Electronics,3270.62,0,5,0.377,21,1,0,0,1,0.402,1
ORD-12706,Sachi Narasimhan,Electronics,4127.97,1,26,0.264,335,0,1,0,1,0.114,1
ORD-12707,Arunima Nadkarni,Home & Kitchen,3260.83,1,3,0.669,187,0,1,0,0,0.465,1
ORD-12708,Oeshi Mani,Beauty,8658.0,0,8,0.27,36,0,0,0,0,0.723,0
ORD-12709,Veer Narula,Home & Kitchen,16664.09,0,25,0.296,3,1,0,0,0,0.257,0
ORD-12710,Xavier Jha,Fitness,6249.55,1,11,0.223,101,0,0,0,0,0.143,0
ORD-12711,Yuvraj Kapadia,Beauty,8067.23,0,7,0.144,3,0,0,0,0,0.591,0
ORD-12712,Ekanta Goswami,Fitness,2613.61,0,16,0.169,223,0,0,0,1,0.143,0
ORD-12713,Abeer Bhattacharyya,Fashion,3977.47,0,19,0.274,4,1,0,0,0,0.133,1
ORD-12714,Ekaraj Hans,Mobiles,1613.69,1,22,0.375,539,1,0,0,0,0.139,0
ORD-12715,Lohit Jayaraman,Electronics,2722.9,0,7,0.443,509,0,0,0,1,0.327,0
ORD-12716,Gavin Ghose,Fitness,2793.63,1,14,0.103,236,0,0,0,0,0.687,0
ORD-12717,Warinder Tripathi,Electronics,3320.3,1,9,0.247,236,0,0,1,0,0.407,0
ORD-12718,Pooja Sibal,Beauty,6800.0,0,23,0.096,85,0,0,0,0,0.36,0
ORD-12719,Nitesh Hora,Electronics,5356.9,0,6,0.24,266,0,0,0,1,0.194,0
ORD-12720,Panini Goda,Electronics,2591.53,0,4,0.311,85,1,0,0,1,0.431,0
ORD-12721,Chavvi Mangal,Home & Kitchen,4394.88,1,24,0.37,639,2,0,0,0,0.443,0
ORD-12722,Saksham Magar,Beauty,11840.29,0,19,0.247,490,0,0,0,0,0.369,1
ORD-12723,Fariq Parsa,Beauty,11996.26,1,15,0.173,239,1,1,0,0,0.647,1
ORD-12724,Krishna Ganesh,Fashion,3439.19,0,14,0.334,37,0,0,0,0,0.38,0
ORD-12725,Ridhi Sami,Fashion,3160.37,1,15,0.144,10,0,0,0,0,0.189,1
ORD-12726,Nachiket Subramaniam,Electronics,4022.68,0,8,0.2,54,0,0,0,0,0.32,0
ORD-12727,Lakshmi Sane,Mobiles,3692.68,1,8,0.355,127,0,0,0,1,0.854,1
ORD-12728,Charita Yogi,Fashion,10810.61,0,20,0.409,148,0,0,1,0,0.27,0
ORD-12729,Parth Kurian,Electronics,4242.97,1,15,0.363,510,0,0,0,0,0.534,0
ORD-12730,Ubika Mohan,Fashion,8319.97,0,21,0.194,208,0,0,0,0,0.15,0
ORD-12731,Bhanumati Prashad,Home & Kitchen,2370.33,1,15,0.241,312,0,1,0,0,0.409,1
ORD-12732,Ekbal Nath,Fashion,3198.08,0,15,0.153,148,0,0,0,0,0.102,0
ORD-12733,Upasna Hayre,Fashion,2106.84,1,5,0.202,254,1,0,0,1,0.254,0
ORD-12734,Ranveer Agrawal,Fitness,3912.17,1,3,0.559,90,1,0,0,1,0.383,0
ORD-12735,Xiti Prasad,Electronics,3422.44,0,21,0.414,77,1,0,0,0,0.294,1
ORD-12736,Nidhi Sagar,Beauty,2771.42,1,16,0.375,16,0,0,0,1,0.627,1
ORD-12737,Kashvi Rajagopalan,Beauty,2698.47,1,13,0.136,373,0,0,0,1,0.289,0
ORD-12738,Darika Bobal,Electronics,1420.2,0,22,0.152,501,0,0,0,0,0.333,0
ORD-12739,Balvan Dash,Fashion,6320.73,0,26,0.208,131,0,1,0,0,0.273,0
ORD-12740,Nicholas Hari,Fashion,6437.24,1,3,0.456,366,1,0,0,1,0.65,1
ORD-12741,Aadhya Pall,Beauty,848.84,0,12,0.108,61,0,0,0,0,0.518,0
ORD-12742,Jyoti Bhardwaj,Electronics,6484.6,0,3,0.316,12,1,0,0,0,0.423,0
ORD-12743,Panini Koshy,Fashion,3707.04,1,16,0.354,136,0,0,0,1,0.39,0
ORD-12744,Vanya Banerjee,Electronics,6697.99,0,15,0.404,475,1,0,0,0,0.36,0
ORD-12745,Ayaan Divan,Mobiles,3734.56,0,5,0.644,93,0,0,0,1,0.299,1
ORD-12746,Tamanna Din,Beauty,5880.63,0,11,0.076,263,0,0,0,0,0.316,0
ORD-12747,Yug Edwin,Fitness,3972.38,1,5,0.643,672,0,0,0,0,0.291,1
ORD-12748,Jackson Chanda,Electronics,11816.27,0,7,0.334,226,0,0,0,1,0.284,0
ORD-12749,Mitali Buch,Home & Kitchen,12631.96,0,16,0.169,160,0,0,1,0,0.206,0
ORD-12750,Pallavi Gandhi,Electronics,19458.88,0,9,0.165,276,0,0,0,0,0.323,0
ORD-12751,Zayyan Mittal,Electronics,5721.67,0,2,0.489,477,1,0,0,0,0.265,1
ORD-12752,Darika Sabharwal,Mobiles,11373.92,0,19,0.22,372,0,0,0,0,0.208,0
ORD-12753,Ikbal Padmanabhan,Fashion,10563.65,0,17,0.06,417,0,0,0,0,0.376,0
ORD-12754,Amruta Kadakia,Electronics,3993.09,1,2,0.414,19,0,0,0,1,0.348,1
ORD-12755,Darika Ahuja,Mobiles,1815.19,1,12,0.305,332,0,0,0,1,0.293,0
ORD-12756,Vyanjana Agarwal,Electronics,10347.71,0,8,0.223,216,0,0,1,0,0.232,0
ORD-12757,Ekaraj Sahni,Beauty,4589.32,0,7,0.205,313,0,0,0,1,0.284,0
ORD-12758,Bhavya Sankar,Fitness,2924.75,0,13,0.237,291,1,0,0,0,0.16,0
ORD-12759,Patrick Prasad,Fashion,2241.8,0,9,0.36,52,0,0,0,0,0.361,0
ORD-12760,Krish Hora,Electronics,1786.02,0,26,0.258,296,0,0,0,1,0.089,0
ORD-12761,Qabil Thakkar,Fashion,2161.07,1,2,0.476,182,0,1,0,1,0.601,1
ORD-12762,Shravya Kala,Beauty,7576.46,0,7,0.178,92,0,0,0,1,0.413,0
ORD-12763,Sai Bhargava,Mobiles,15271.35,0,37,0.174,201,0,0,0,1,0.086,0
ORD-12764,Rehaan Lad,Home & Kitchen,2893.52,1,22,0.157,71,0,0,0,0,0.118,0
ORD-12765,Ridhi Chopra,Fashion,3530.77,0,6,0.399,212,0,0,0,0,0.406,1
ORD-12766,Fariq Memon,Fitness,14992.38,1,7,0.066,11,0,0,0,1,0.21,1
ORD-12767,Krishna Dash,Beauty,9441.48,1,10,0.18,176,0,0,0,1,0.473,0
ORD-12768,Devansh Oommen,Fashion,1750.76,1,18,0.282,3,0,1,0,0,0.199,1
ORD-12769,Wahab Sridhar,Home & Kitchen,4607.26,0,28,0.192,309,0,0,0,0,0.289,1
ORD-12770,Harrison Andra,Electronics,3214.43,1,16,0.259,224,0,0,0,1,0.181,0
ORD-12771,Amaira Amble,Electronics,4255.74,0,2,0.174,1065,0,0,0,0,0.435,1
ORD-12772,Gunbir Kakar,Fitness,3791.18,1,4,0.275,32,0,0,0,0,0.234,0
ORD-12773,Keya Venkatesh,Home & Kitchen,3999.94,1,15,0.207,277,1,0,0,0,0.333,0
ORD-12774,Vedika Solanki,Beauty,6315.1,1,10,0.126,364,0,0,0,1,0.209,0
ORD-12775,Pushti Nayar,Fashion,3590.41,1,15,0.286,185,0,0,0,0,0.35,0
ORD-12776,Hemal Murty,Home & Kitchen,3923.09,1,14,0.338,67,0,1,1,0,0.308,1
ORD-12777,Jalsa Rastogi,Mobiles,2765.75,0,11,0.169,1526,0,0,1,1,0.241,0
ORD-12778,Dakshesh Parekh,Mobiles,8870.56,1,15,0.613,252,0,1,1,0,0.593,0
ORD-12779,Harish Aggarwal,Electronics,3937.61,1,12,0.283,108,0,0,0,1,0.362,1
ORD-12780,Neelima Dewan,Mobiles,1090.92,0,14,0.252,117,0,0,0,0,0.431,1
ORD-12781,Jason Wali,Beauty,1592.57,0,24,0.236,81,0,0,0,1,0.41,1
ORD-12782,Yuvraj Pillay,Fitness,11971.28,0,10,0.174,178,0,0,0,0,0.406,0
ORD-12783,Vaishnavi Varma,Fitness,11408.13,1,10,0.451,64,2,0,0,0,0.436,1
ORD-12784,Raghav Aggarwal,Fitness,758.22,0,21,0.231,119,1,0,0,1,0.226,1
ORD-12785,Anay Parsa,Beauty,3367.36,0,12,0.151,53,1,0,0,0,0.21,0
ORD-12786,Eshana Sawhney,Electronics,1157.05,0,13,0.627,23,1,1,0,1,0.362,1
ORD-12787,Vedhika Ratta,Beauty,5969.6,1,7,0.401,387,0,0,0,0,0.301,0
ORD-12788,Ijaya Sangha,Electronics,2741.44,1,12,0.114,82,0,0,0,1,0.264,0
ORD-12789,Harish Rajan,Mobiles,3399.71,1,14,0.178,29,0,0,1,0,0.048,1
ORD-12790,Robert Dhar,Fashion,4611.52,0,8,0.176,462,0,0,0,0,0.287,0
ORD-12791,Joshua Tank,Electronics,13549.25,1,7,0.505,103,0,0,0,1,0.475,1
ORD-12792,Charvi Sibal,Mobiles,5987.19,0,15,0.32,346,0,0,0,0,0.363,0
ORD-12793,Sanaya D’Alia,Fashion,12462.51,1,14,0.159,48,1,0,0,0,0.196,0
ORD-12794,Wridesh Kohli,Fashion,3513.02,0,8,0.292,219,2,0,0,1,0.5,0
ORD-12795,Onkar Chakraborty,Fashion,5264.89,1,10,0.603,87,1,0,0,1,0.315,1
ORD-12796,Radhika Balakrishnan,Mobiles,5043.87,1,17,0.367,173,0,0,1,0,0.175,1
ORD-12797,Eta Rajagopal,Mobiles,2305.68,0,17,0.155,626,0,0,0,1,0.275,0
ORD-12798,Thomas Kurian,Electronics,3357.86,1,8,0.45,566,0,0,0,0,0.326,0
ORD-12799,Jatin Deshpande,Fashion,1861.6,1,17,0.197,146,0,0,0,0,0.373,1
ORD-12800,Gautam Natarajan,Electronics,2082.16,0,31,0.532,380,0,0,0,0,0.566,1
ORD-12801,Dhruv Oza,Electronics,6453.72,0,21,0.173,13,0,0,0,1,0.149,0
ORD-12802,Lakshmi Sarkar,Home & Kitchen,3688.73,1,6,0.332,120,0,0,0,0,0.471,0
ORD-12803,Udant Lad,Mobiles,841.87,0,15,0.241,229,0,0,0,1,0.424,0
ORD-12804,Bina Chahal,Home & Kitchen,2993.32,0,8,0.343,542,2,0,1,0,0.339,0
ORD-12805,Gaurav Oak,Home & Kitchen,3817.55,0,9,0.182,119,0,0,1,0,0.172,1
ORD-12806,Jack Pillai,Electronics,10061.31,1,13,0.054,455,0,0,0,1,0.174,0
ORD-12807,Dhriti Rai,Beauty,8519.19,1,5,0.182,630,0,0,0,1,0.342,1
ORD-12808,Deepa Bhatia,Fashion,4557.42,1,14,0.209,17,0,1,0,1,0.209,0
ORD-12809,Lipika Sampath,Mobiles,8770.8,1,8,0.274,107,0,0,0,0,0.517,1
ORD-12810,Janya Date,Fashion,25907.65,0,16,0.526,22,0,1,0,0,0.364,1
ORD-12811,Hredhaan Rana,Home & Kitchen,10903.32,0,1,0.18,184,0,0,1,1,0.345,0
ORD-12812,Triveni Mutti,Beauty,4130.0,1,7,0.125,147,0,0,0,0,0.076,0
ORD-12813,Chaman Kanda,Electronics,2022.55,0,19,0.359,217,0,0,0,1,0.794,0
ORD-12814,Tamanna Din,Beauty,1462.71,1,25,0.107,175,0,0,1,0,0.106,0
ORD-12815,Madhav Banerjee,Home & Kitchen,1042.62,1,12,0.2,118,1,0,0,1,0.308,0
ORD-12816,Dayamai Thakkar,Beauty,3656.19,0,14,0.258,703,1,0,0,0,0.315,1
ORD-12817,Anusha Sridhar,Mobiles,2183.13,1,18,0.172,146,0,0,0,1,0.443,0
ORD-12818,Warda Manne,Electronics,1592.3,1,11,0.521,107,0,0,0,0,0.54,0
ORD-12819,Daniel Nath,Mobiles,2462.5,0,29,0.179,530,0,0,0,0,0.285,0
ORD-12820,Shivansh Kar,Electronics,6427.88,0,7,0.126,1063,0,0,0,0,0.044,0
ORD-12821,Praneel Sura,Electronics,4357.93,1,16,0.17,46,0,0,0,0,0.227,1
ORD-12822,Chandani Dutta,Electronics,2284.47,0,10,0.134,43,1,0,0,0,0.131,0
ORD-12823,Manya Nazareth,Electronics,1942.14,1,18,0.097,222,0,0,0,0,0.269,0
ORD-12824,Urvashi Pall,Beauty,4562.91,1,18,0.497,79,1,0,0,0,0.322,1
ORD-12825,Mahika Bora,Home & Kitchen,5316.93,0,43,0.477,55,1,1,1,1,0.31,1
ORD-12826,Barkha Hayer,Mobiles,2191.43,1,20,0.288,160,1,0,1,0,0.152,1
ORD-12827,Gunbir Deep,Mobiles,4719.09,0,14,0.276,173,0,1,0,1,0.262,1
ORD-12828,Chatura Modi,Home & Kitchen,3802.87,1,7,0.61,104,0,0,0,0,0.327,1
ORD-12829,Nihal Devan,Electronics,2605.52,1,12,0.208,1210,0,1,1,1,0.399,1
ORD-12830,Vasudha Manne,Fashion,5155.23,0,11,0.122,362,0,0,0,1,0.25,0
ORD-12831,Shaurya Kamdar,Fashion,1465.1,0,2,0.146,596,0,0,1,1,0.147,0
ORD-12832,Aditya Pathak,Home & Kitchen,3960.46,1,9,0.219,455,0,0,0,0,0.212,0
ORD-12833,Manbir Puri,Fashion,1506.76,0,9,0.166,185,0,0,1,1,0.365,0
ORD-12834,Om Bhalla,Fitness,3378.6,0,15,0.266,526,0,0,0,0,0.177,0
ORD-12835,Ishani Som,Mobiles,2314.88,0,17,0.249,122,0,0,0,1,0.093,1
ORD-12836,Charles Dalal,Beauty,10091.77,1,7,0.174,139,1,1,0,0,0.191,0
ORD-12837,Radha Dixit,Mobiles,1815.08,0,7,0.137,293,0,1,0,0,0.046,1
ORD-12838,Yash Bandi,Fashion,6354.43,0,19,0.755,300,0,0,0,0,0.606,1
ORD-12839,Wridesh Ranganathan,Beauty,8045.13,1,7,0.054,299,0,0,0,0,0.711,0
ORD-12840,Chasmum Gera,Mobiles,2666.61,1,10,0.168,38,0,0,0,0,0.295,0
ORD-12841,Gaurav Sheth,Beauty,19592.74,1,17,0.298,39,0,0,0,1,0.417,1
ORD-12842,Anvi Saxena,Electronics,3148.55,1,15,0.222,188,0,0,0,0,0.301,0
ORD-12843,Advay Dar,Fashion,2617.17,0,17,0.234,105,1,0,0,1,0.329,0
ORD-12844,Fitan Dara,Home & Kitchen,12208.16,0,8,0.312,71,0,1,0,1,0.409,1
ORD-12845,Yashodhara Kar,Fashion,10364.39,0,13,0.573,43,2,0,0,0,0.575,1
ORD-12846,Varsha Mahal,Fashion,3732.24,0,4,0.432,164,0,0,0,1,0.3,1
ORD-12847,Pratyush Rajagopalan,Fitness,2498.42,1,12,0.147,57,1,0,0,0,0.504,1
ORD-12848,Radha Misra,Home & Kitchen,8356.54,0,2,0.203,1,0,1,0,0,0.366,1
ORD-12849,Hardik Nanda,Mobiles,4707.62,1,15,0.502,36,0,1,0,1,0.305,1
ORD-12850,Qasim Ravi,Electronics,4503.05,0,8,0.296,152,0,0,1,0,0.265,1
ORD-12851,Meera Yadav,Mobiles,8152.08,1,3,0.194,75,0,0,1,1,0.062,0
ORD-12852,Devansh Venkataraman,Fashion,4243.15,0,7,0.588,10,1,0,1,0,0.526,1
ORD-12853,Sarthak Dalal,Mobiles,4127.31,0,15,0.356,85,0,0,0,0,0.228,1
ORD-12854,Pranit Ahluwalia,Fashion,3663.25,1,2,0.381,319,0,0,0,1,0.344,0
ORD-12855,Dipta Das,Mobiles,8003.25,0,5,0.162,145,1,0,0,0,0.67,0
ORD-12856,Kabir Jhaveri,Mobiles,3166.52,1,5,0.426,43,1,0,0,1,0.208,1
ORD-12857,Gagan Kunda,Home & Kitchen,2341.51,1,11,0.632,219,2,1,1,0,0.317,1
ORD-12858,Frado Dash,Home & Kitchen,4800.56,0,23,0.154,269,0,0,0,1,0.243,0
ORD-12859,Januja Garg,Fitness,4996.8,1,6,0.151,0,0,0,0,1,0.162,0
ORD-12860,Aadi Kothari,Electronics,2669.16,1,20,0.289,70,0,1,0,1,0.126,1
ORD-12861,Chakradhar Venkataraman,Fitness,6094.22,1,8,0.086,64,0,0,0,1,0.623,0
ORD-12862,Sai Dey,Beauty,6258.65,1,13,0.368,217,0,0,0,0,0.182,1
ORD-12863,Dhriti Virk,Mobiles,2033.72,0,8,0.448,326,0,0,0,0,0.479,0
ORD-12864,Yashvi Kadakia,Fitness,3990.57,1,15,0.105,49,0,0,0,1,0.266,0
ORD-12865,Chaitanya Khalsa,Fashion,6316.39,0,11,0.394,112,0,0,0,0,0.579,1
ORD-12866,Raghav Dhar,Fitness,7217.49,1,17,0.26,254,0,1,0,0,0.361,1
ORD-12867,Tanveer Desai,Fitness,1355.47,0,21,0.282,62,0,0,0,0,0.243,0
ORD-12868,Jagrati Mall,Mobiles,2958.63,0,26,0.281,75,0,0,0,0,0.148,0
ORD-12869,Pahal Borde,Mobiles,7453.86,1,20,0.129,113,1,1,1,0,0.424,1
ORD-12870,Abha Raj,Beauty,3499.2,1,30,0.098,0,0,1,0,0,0.342,1
ORD-12871,Mugdha Shan,Home & Kitchen,6903.98,0,23,0.249,62,0,0,0,1,0.284,1
ORD-12872,Aachal Sandal,Fashion,5252.32,0,7,0.238,394,0,0,0,1,0.149,0
ORD-12873,Samar Bobal,Fitness,2631.97,1,12,0.547,78,1,0,0,0,0.237,1
ORD-12874,Reyansh Pradhan,Electronics,3337.9,1,6,0.607,372,0,1,0,1,0.314,1
ORD-12875,Oni Dube,Electronics,3370.07,1,2,0.246,113,0,0,0,1,0.47,1
ORD-12876,Radha Raghavan,Home & Kitchen,11184.62,0,12,0.21,53,0,0,1,0,0.532,1
ORD-12877,Yug Brahmbhatt,Home & Kitchen,3861.36,1,13,0.16,167,0,0,1,1,0.069,1
ORD-12878,Jeet Wali,Electronics,12116.14,1,15,0.348,30,0,0,0,0,0.339,1
ORD-12879,Niharika Bhatti,Beauty,4979.53,1,11,0.03,419,0,0,0,0,0.444,0
ORD-12880,Gaurav Patil,Electronics,5102.63,1,9,0.585,2,2,1,1,1,0.39,1
ORD-12881,Anjali Dhingra,Home & Kitchen,7340.75,0,7,0.121,101,0,0,0,0,0.339,0
ORD-12882,Anusha Anne,Fashion,3189.22,0,14,0.211,454,0,0,0,0,0.458,0
ORD-12883,Krishna Kapadia,Electronics,1993.18,0,5,0.479,321,1,0,0,0,0.664,0
ORD-12884,Henry Dasgupta,Electronics,1787.0,0,13,0.228,333,0,0,0,0,0.474,0
ORD-12885,Damini Suri,Electronics,3022.77,0,13,0.196,176,0,0,0,0,0.316,0
ORD-12886,Ikshita Manda,Mobiles,2949.02,0,16,0.333,773,0,0,0,0,0.288,0
ORD-12887,Hardik Bava,Fashion,2672.02,0,16,0.39,331,1,0,1,0,0.266,1
ORD-12888,Eesha Ramachandran,Fashion,1585.58,1,22,0.379,234,1,0,0,1,0.226,1
ORD-12889,Hemani Wali,Fashion,6419.51,1,10,0.418,955,1,0,0,0,0.301,1
ORD-12890,Vansha Datta,Electronics,2598.84,1,9,0.254,884,1,1,0,0,0.436,1
ORD-12891,Aditya Varghese,Electronics,16600.05,1,9,0.279,322,1,0,0,1,0.202,1
ORD-12892,Jonathan Dhar,Electronics,2605.71,1,13,0.343,67,0,0,1,0,0.661,1
ORD-12893,Amara Bera,Home & Kitchen,3511.33,0,11,0.121,93,0,0,0,0,0.542,0
ORD-12894,Zaid Sahota,Home & Kitchen,16421.45,0,16,0.509,255,0,0,0,0,0.187,0
ORD-12895,Qadim Sarna,Home & Kitchen,6584.91,0,15,0.152,147,0,0,1,1,0.373,0
ORD-12896,Upadhriti Thakkar,Mobiles,3618.47,1,18,0.054,164,0,0,0,1,0.549,1
ORD-12897,Anya Sangha,Fashion,1393.03,1,8,0.297,25,0,0,0,0,0.297,0
ORD-12898,Dalaja Chahal,Mobiles,9190.07,1,7,0.146,187,1,0,1,0,0.186,1
ORD-12899,Niharika Munshi,Fashion,2134.64,1,18,0.246,717,1,0,0,1,0.306,1
ORD-12900,Fariq Bose,Mobiles,9911.44,0,16,0.323,182,0,0,0,0,0.463,0
ORD-12901,Girik Gandhi,Fashion,15146.81,0,9,0.317,88,0,0,0,0,0.342,0
ORD-12902,Frado Mangal,Fashion,3295.31,0,15,0.108,474,0,0,0,0,0.306,0
ORD-12903,Advaith Samra,Beauty,1855.08,0,3,0.255,401,0,0,0,0,0.496,1
ORD-12904,Varsha Tank,Fashion,1840.8,0,9,0.337,408,0,0,0,0,0.323,0
ORD-12905,Nidra Atwal,Fitness,3159.49,0,19,0.144,13,0,1,0,1,0.269,1
ORD-12906,Abhimanyu Sandal,Fashion,2820.88,1,10,0.476,332,1,0,0,0,0.324,0
ORD-12907,Yash Wable,Mobiles,9430.93,0,12,0.541,233,0,0,1,0,0.276,1
ORD-12908,Saumya Ganguly,Home & Kitchen,9797.63,1,20,0.408,337,0,0,0,0,0.346,0
ORD-12909,Parth Borde,Electronics,6594.94,0,21,0.228,413,0,0,0,0,0.259,1
ORD-12910,Kiaan Varkey,Fashion,2381.6,0,6,0.688,329,0,0,0,0,0.438,0
ORD-12911,Charan Sami,Fashion,11465.47,0,9,0.24,42,1,0,0,0,0.201,1
ORD-12912,Ladli Garde,Mobiles,2356.94,0,9,0.373,266,0,0,0,0,0.403,1
ORD-12913,Isaiah Nigam,Home & Kitchen,4970.69,1,16,0.155,362,0,0,0,0,0.342,1
ORD-12914,Jacob Mannan,Mobiles,14604.64,0,14,0.239,188,0,1,0,0,0.215,1
ORD-12915,Vasudha Memon,Mobiles,2706.51,0,3,0.485,138,1,0,1,1,0.535,1
ORD-12916,Tanay Agate,Fitness,5959.86,1,23,0.244,80,0,0,0,1,0.134,1
ORD-12917,Teerth Mody,Mobiles,3829.12,1,16,0.391,896,0,0,0,0,0.673,0
ORD-12918,Ubika Sura,Fashion,7208.84,0,2,0.236,469,0,0,0,1,0.196,0
ORD-12919,Ishani Ahuja,Home & Kitchen,18381.23,1,11,0.217,192,0,0,0,1,0.839,1
ORD-12920,Falguni Misra,Beauty,3167.99,0,9,0.253,52,1,0,0,0,0.236,0
ORD-12921,Hredhaan Ahluwalia,Home & Kitchen,4077.97,1,4,0.252,324,0,0,0,0,0.177,1
ORD-12922,Quincy Ratti,Mobiles,12042.97,0,3,0.657,612,0,1,0,0,0.249,1
ORD-12923,Aditya Chaudhuri,Beauty,13456.9,0,6,0.343,148,0,1,0,0,0.382,0
ORD-12924,Vyanjana Hora,Home & Kitchen,10346.76,1,14,0.205,32,0,1,0,0,0.148,1
ORD-12925,Yoshita Dube,Electronics,9204.98,1,11,0.221,538,0,0,0,0,0.348,1
ORD-12926,Jatin Sura,Electronics,3063.05,1,8,0.15,13,0,0,0,1,0.348,0
ORD-12927,Nachiket Krishna,Beauty,2482.45,0,29,0.125,1183,0,0,1,0,0.105,0
ORD-12928,Upma Rana,Electronics,9715.26,1,10,0.234,59,0,0,0,1,0.662,0
ORD-12929,Chandani Patla,Electronics,10623.01,0,19,0.381,23,0,0,0,0,0.338,0
ORD-12930,Qabil Yadav,Beauty,6578.08,1,12,0.363,374,0,0,0,0,0.236,0
ORD-12931,Ikbal Sarna,Home & Kitchen,7154.79,1,7,0.335,9,1,0,0,0,0.16,0
ORD-12932,Neel Dey,Fashion,4982.53,0,1,0.347,64,1,0,0,0,0.131,1
ORD-12933,Radha Ahluwalia,Fashion,7292.54,0,3,0.083,262,0,0,0,0,0.352,0
ORD-12934,Rushil Choudhry,Electronics,1527.22,1,33,0.354,667,0,0,0,0,0.114,1
ORD-12935,Bhavani Baria,Electronics,4017.44,1,18,0.627,71,3,0,1,1,0.306,1
ORD-12936,Megha Sama,Beauty,3674.75,1,9,0.433,20,0,0,0,0,0.28,1
ORD-12937,Azad Dyal,Electronics,4781.07,0,7,0.275,19,0,0,1,0,0.353,0
ORD-12938,Varenya Lata,Mobiles,5181.89,1,10,0.286,937,0,0,0,0,0.353,1
ORD-12939,Oviya Suresh,Electronics,3581.49,0,12,0.411,170,0,0,0,0,0.153,0
ORD-12940,Joshua Nair,Fashion,1664.75,0,4,0.215,143,0,0,0,0,0.583,0
ORD-12941,Yachana Ramachandran,Electronics,4278.34,1,5,0.389,345,1,0,0,0,0.332,1
ORD-12942,Imaran Chokshi,Mobiles,6876.81,0,22,0.121,95,0,0,0,0,0.476,0
ORD-12943,Jonathan Dugal,Mobiles,8389.72,1,5,0.501,27,4,0,0,0,0.532,1
ORD-12944,Xiti Arya,Home & Kitchen,3151.74,0,12,0.193,336,0,0,0,0,0.356,0
ORD-12945,Charles Oommen,Fashion,3814.33,0,2,0.517,152,0,0,0,1,0.413,1
ORD-12946,Abhiram Saraf,Mobiles,3152.43,1,22,0.463,143,0,0,0,0,0.251,0
ORD-12947,Bimala Manda,Electronics,4524.72,0,24,0.163,497,1,0,0,0,0.175,0
ORD-12948,Fitan Sanghvi,Electronics,3705.83,1,11,0.246,196,1,0,0,0,0.182,0
ORD-12949,Michael Vaidya,Beauty,2997.64,0,16,0.173,61,0,0,1,0,0.309,1
ORD-12950,Zaid Mand,Fashion,4556.7,0,3,0.14,304,0,0,0,0,0.247,0
ORD-12951,Adya Kota,Mobiles,5850.76,0,17,0.118,359,0,0,1,0,0.166,0
ORD-12952,Rushil Som,Electronics,20043.3,1,8,0.269,105,0,0,0,0,0.182,1
ORD-12953,Yadavi Golla,Fashion,6348.52,0,11,0.183,63,0,0,1,0,0.198,0
ORD-12954,Manthan Karnik,Fashion,6443.78,1,17,0.289,161,0,1,0,1,0.2,1
ORD-12955,Kevin Rattan,Home & Kitchen,5841.6,1,19,0.226,222,0,0,0,0,0.098,1
ORD-12956,Anusha Handa,Fitness,4653.33,1,10,0.065,90,0,0,0,0,0.394,1
ORD-12957,Pooja Badami,Electronics,1627.04,0,14,0.129,121,0,0,1,0,0.148,1
ORD-12958,Gavin Behl,Fashion,16350.92,0,8,0.53,151,1,0,0,0,0.448,0
ORD-12959,Nikita Vohra,Fashion,3920.91,0,7,0.288,103,0,0,0,0,0.354,0
ORD-12960,Vihaan Kapadia,Electronics,2488.74,1,11,0.31,492,1,0,0,1,0.842,1
ORD-12961,Pooja Srinivas,Beauty,6337.46,1,8,0.138,478,0,0,0,1,0.15,0
ORD-12962,Yashvi Sane,Home & Kitchen,2444.57,0,16,0.252,286,0,0,0,0,0.212,0
ORD-12963,Daksha Choudhary,Mobiles,4654.28,0,24,0.162,410,0,0,0,0,0.25,0
ORD-12964,Januja Mand,Fashion,3036.97,1,7,0.011,92,0,0,0,0,0.246,0
ORD-12965,Omya Koshy,Mobiles,1749.41,0,16,0.285,305,1,0,0,1,0.416,1
ORD-12966,Champak Gopal,Electronics,2086.98,1,8,0.298,121,0,1,0,0,0.383,1
ORD-12967,Aadi Ben,Fashion,1527.81,0,16,0.359,422,0,0,0,0,0.194,0
ORD-12968,Simon Mangal,Home & Kitchen,11314.31,1,33,0.369,31,1,0,0,0,0.301,1
ORD-12969,Ati Chaudhuri,Home & Kitchen,4241.99,1,8,0.292,153,0,0,0,0,0.411,0
ORD-12970,Qasim Krishnan,Mobiles,1948.72,1,4,0.421,113,0,0,0,0,0.227,0
ORD-12971,Januja Natt,Electronics,3657.92,0,16,0.245,313,1,1,0,0,0.32,0
ORD-12972,Isaac Chatterjee,Fitness,10349.47,1,7,0.093,6,0,0,0,0,0.236,0
ORD-12973,Kalpit Narula,Mobiles,1567.45,1,13,0.573,68,0,1,0,0,0.342,1
ORD-12974,Janaki Wadhwa,Home & Kitchen,4522.8,1,8,0.203,52,1,0,0,0,0.129,0
ORD-12975,Wazir Majumdar,Electronics,8722.08,1,38,0.192,239,0,0,0,0,0.155,1
ORD-12976,Leena Chahal,Fashion,6821.98,0,26,0.291,77,0,0,0,0,0.385,0
ORD-12977,Kalpit Dara,Fitness,1938.97,1,9,0.484,245,2,0,0,0,0.366,1
ORD-12978,Rayaan Hans,Fashion,7719.07,1,16,0.238,510,0,0,0,0,0.492,0
ORD-12979,Hardik Borde,Beauty,6507.16,1,5,0.162,12,0,0,1,0,0.091,0
ORD-12980,Charvi Som,Fashion,3784.7,0,12,0.543,452,2,0,0,1,0.575,1
ORD-12981,Mitesh Bassi,Mobiles,6541.93,1,9,0.406,422,0,0,0,0,0.133,0
ORD-12982,Rehaan Sahota,Fashion,8101.97,0,20,0.336,99,0,0,0,0,0.555,1
ORD-12983,Idika Pau,Electronics,4266.36,1,16,0.181,18,0,0,0,0,0.33,0
ORD-12984,Jacob Sarin,Mobiles,4321.65,0,18,0.437,184,0,0,0,0,0.134,0
ORD-12985,Vasudha Saini,Fashion,21438.17,1,4,0.261,396,0,0,1,0,0.416,0
ORD-12986,Ojas Mahal,Electronics,441.81,0,6,0.228,162,0,0,0,1,0.353,0
ORD-12987,Bimala Bath,Mobiles,8183.19,0,12,0.302,54,0,0,0,0,0.305,1
ORD-12988,Ranveer Rao,Fitness,4288.47,0,5,0.008,727,0,0,1,1,0.502,1
ORD-12989,Yochana Borde,Fashion,4765.12,0,8,0.125,46,0,0,0,1,0.203,0
ORD-12990,Raksha Upadhyay,Home & Kitchen,3298.95,0,9,0.195,219,0,0,0,0,0.218,1
ORD-12991,Madhavi Rattan,Electronics,4160.29,0,16,0.305,461,0,0,0,0,0.193,0
ORD-12992,Samuel Gour,Home & Kitchen,7195.08,1,12,0.295,509,0,0,0,0,0.209,0
ORD-12993,Nathaniel Kamdar,Fitness,3783.79,1,7,0.461,265,0,0,0,0,0.217,0
ORD-12994,Yochana Shah,Fashion,4049.42,1,5,0.235,23,0,0,0,0,0.52,0
ORD-12995,Chavvi Kannan,Electronics,2887.07,1,25,0.381,12,0,0,0,0,0.197,1
ORD-12996,Amrita Dani,Electronics,5007.86,0,30,0.392,236,0,0,0,1,0.279,0
ORD-12997,Udarsh Bath,Electronics,3378.9,0,4,0.304,105,1,0,0,0,0.422,1
ORD-12998,Bishakha Baral,Electronics,2206.73,1,16,0.273,243,0,0,0,0,0.486,0
ORD-12999,Arunima Deol,Fashion,7985.36,0,30,0.504,308,1,0,1,0,0.362,0
ORD-13000,Charan Kothari,Home & Kitchen,12197.83,0,8,0.126,266,0,0,0,1,0.086,0
ORD-13001,Jack Agarwal,Mobiles,12155.58,1,17,0.246,374,0,0,1,0,0.406,1
ORD-13002,Jyoti Nair,Mobiles,6451.14,1,8,0.196,90,0,0,0,0,0.447,0
ORD-13003,Aishani Deol,Electronics,8182.6,1,13,0.331,150,0,0,0,0,0.43,1
ORD-13004,Chaitaly Nair,Beauty,3547.06,0,16,0.186,203,0,0,0,1,0.131,0
ORD-13005,Advaith Parekh,Beauty,3800.71,0,4,0.031,633,0,0,0,1,0.51,0
ORD-13006,Ati Goda,Home & Kitchen,1216.17,1,5,0.343,100,1,1,1,0,0.333,0
ORD-13007,Amol Yogi,Electronics,15166.4,0,22,0.193,171,0,0,0,1,0.318,0
ORD-13008,Lavanya Kurian,Electronics,4162.33,0,13,0.424,415,0,0,0,0,0.356,0
ORD-13009,Riya Kannan,Electronics,6591.9,0,13,0.505,71,0,1,0,0,0.652,1
ORD-13010,Amruta Jani,Fashion,14934.7,0,10,0.164,199,0,1,0,0,0.29,1
ORD-13011,Nachiket Sehgal,Mobiles,3350.6,1,12,0.303,231,0,0,0,0,0.311,0
ORD-13012,Radha Pillay,Electronics,6269.2,1,6,0.166,388,0,0,0,0,0.226,1
ORD-13013,Varenya Chander,Fitness,5428.21,0,8,0.257,137,1,0,0,0,0.36,0
ORD-13014,Pratyush Sharaf,Mobiles,6947.78,1,16,0.377,151,0,0,0,1,0.286,0
ORD-13015,Patrick Gulati,Fashion,2634.28,0,7,0.066,657,0,0,0,0,0.286,0
ORD-13016,Pranit Manda,Fashion,1231.75,0,12,0.59,315,1,0,0,1,0.458,0
ORD-13017,Dayita Gaba,Home & Kitchen,8456.13,0,7,0.128,488,0,0,0,1,0.725,0
ORD-13018,Meera Guha,Home & Kitchen,7347.29,0,9,0.274,219,0,0,1,0,0.369,0
ORD-13019,Luke Bora,Fitness,2264.23,0,6,0.312,177,1,0,0,0,0.489,1
ORD-13020,Yatan Sha,Mobiles,10289.62,1,12,0.272,31,0,0,0,0,0.315,0
ORD-13021,Harish Vyas,Home & Kitchen,1893.22,0,16,0.052,102,0,0,0,1,0.193,0
ORD-13022,Advik Chaudhry,Beauty,3905.17,0,7,0.437,176,0,0,0,0,0.469,0
ORD-13023,Leena Bail,Electronics,8699.58,1,46,0.204,87,0,0,1,1,0.11,0
ORD-13024,Agastya Bassi,Mobiles,9521.0,1,15,0.222,326,1,0,0,0,0.39,0
ORD-13025,Yuvraj Chacko,Beauty,1636.85,1,9,0.334,31,0,0,0,1,0.398,0
ORD-13026,Luke Arya,Mobiles,3875.21,0,7,0.151,555,0,0,0,0,0.09,0
ORD-13027,Hitesh Nigam,Fashion,6572.83,0,12,0.181,320,1,0,0,0,0.504,0
ORD-13028,Samaksh Dewan,Beauty,1270.88,0,9,0.117,131,0,0,1,1,0.158,0
ORD-13029,Sachi Gade,Mobiles,2721.21,0,17,0.25,48,0,0,0,1,0.506,1
ORD-13030,Garima Srinivas,Mobiles,2209.91,1,10,0.326,63,0,0,0,0,0.168,0
ORD-13031,Yagnesh Bhalla,Fashion,2758.0,0,1,0.382,259,0,0,0,0,0.15,0
ORD-13032,Jatin Bail,Electronics,9559.53,0,9,0.236,767,0,0,0,1,0.162,0
ORD-13033,Harshil Minhas,Mobiles,9625.6,1,12,0.379,304,0,0,0,0,0.394,1
ORD-13034,Yasti Sagar,Fashion,16566.39,1,24,0.4,310,0,1,0,0,0.288,1
ORD-13035,Aarav Kapur,Fashion,4602.02,1,6,0.457,149,0,0,0,0,0.259,1
ORD-13036,Utkarsh Sane,Home & Kitchen,10520.34,0,18,0.297,552,1,0,0,0,0.174,0
ORD-13037,Manan Pandit,Electronics,3015.05,0,27,0.306,742,0,0,0,1,0.598,1
ORD-13038,Upkaar Rajagopalan,Mobiles,9204.76,0,8,0.3,54,0,0,0,0,0.226,1
ORD-13039,Vyanjana Gara,Fashion,3007.8,0,22,0.258,368,0,0,1,0,0.571,1
ORD-13040,Udarsh Chaudry,Home & Kitchen,4349.81,0,17,0.316,428,1,0,0,1,0.243,1
ORD-13041,Ishanvi Bose,Mobiles,2392.82,0,7,0.163,223,0,0,0,1,0.402,0
ORD-13042,Jagat Patel,Beauty,1476.63,0,8,0.125,244,0,0,0,0,0.389,0
ORD-13043,Caleb Dora,Electronics,1205.55,1,18,0.324,459,0,0,0,0,0.657,0
ORD-13044,Priya Wali,Electronics,5490.27,1,4,0.329,824,1,0,0,0,0.177,0
ORD-13045,Pratyush Sandal,Fitness,2295.15,1,3,0.238,10,0,0,1,0,0.303,0
ORD-13046,Charvi Mangat,Electronics,2414.17,1,13,0.227,392,0,0,0,0,0.491,1
ORD-13047,Hemang Madan,Beauty,1676.75,1,9,0.286,410,0,0,1,0,0.357,0
ORD-13048,Jyoti Lanka,Fashion,3148.03,1,11,0.237,130,1,0,0,0,0.425,1
ORD-13049,Aarnav Dixit,Mobiles,6828.95,0,14,0.352,74,1,0,0,1,0.385,1
ORD-13050,Ekaja Divan,Beauty,9690.82,1,8,0.051,116,1,0,0,1,0.227,0
ORD-13051,Sanya Sridhar,Fashion,1434.92,1,5,0.258,117,0,0,1,0,0.277,1
ORD-13052,Isaiah Sane,Mobiles,6572.99,0,6,0.377,381,0,0,0,0,0.522,0
ORD-13053,Maanav Chana,Fitness,10988.1,0,13,0.195,410,0,0,0,1,0.194,0
ORD-13054,Joshua Gopal,Beauty,3350.45,0,6,0.226,698,0,0,0,1,0.265,0
ORD-13055,Ira Nagar,Electronics,2976.42,0,25,0.542,53,2,0,0,1,0.347,1
ORD-13056,Panini Srivastava,Electronics,3560.64,1,10,0.405,20,1,1,0,0,0.446,1
ORD-13057,Gauri Devi,Beauty,12619.93,1,11,0.238,64,2,0,0,0,0.183,0
ORD-13058,Leela Sahota,Mobiles,8298.49,0,25,0.284,122,0,1,0,0,0.173,0
ORD-13059,Waida Walia,Fashion,2850.65,0,11,0.541,120,2,0,0,0,0.226,1
ORD-13060,Leena Chacko,Electronics,6846.75,0,22,0.285,20,0,0,0,1,0.217,0
ORD-13061,Theodore Chahal,Fashion,5327.81,1,9,0.175,301,1,0,0,1,0.189,1
ORD-13062,Janaki Agate,Mobiles,1529.26,0,13,0.645,97,0,0,0,0,0.292,0
ORD-13063,Anay Patil,Electronics,6353.07,0,9,0.542,70,0,0,0,1,0.412,1
ORD-13064,Kiaan Choudhary,Electronics,9731.2,0,9,0.116,276,0,0,0,1,0.217,0
ORD-13065,Ikshita Patel,Beauty,4515.43,1,17,0.242,142,2,0,0,1,0.411,1
ORD-13066,Chaitaly Sharma,Fitness,12441.86,0,12,0.0,132,0,0,0,0,0.351,0
ORD-13067,Oviya Kibe,Electronics,7570.99,0,9,0.094,114,0,0,0,0,0.315,0
ORD-13068,Udarsh Bhalla,Home & Kitchen,4665.68,0,25,0.246,37,1,0,0,0,0.302,0
ORD-13069,Jacob Dhar,Fitness,1035.68,0,18,0.097,57,1,0,0,0,0.354,0
ORD-13070,Atharv Samra,Beauty,6788.77,1,11,0.073,521,0,0,0,0,0.22,0
ORD-13071,Chatura Cherian,Electronics,2379.96,0,19,0.15,30,0,0,0,0,0.304,0
ORD-13072,Vansha Dugar,Electronics,3955.92,0,9,0.205,227,0,0,0,0,0.11,0
ORD-13073,Manan Pau,Fashion,2486.64,1,4,0.493,329,0,0,0,1,0.473,1
ORD-13074,Farhan Konda,Home & Kitchen,1974.76,0,11,0.369,541,1,0,1,0,0.295,1
ORD-13075,Advik Saha,Fashion,9822.7,0,9,0.247,471,0,0,0,0,0.193,0
ORD-13076,Qabil Singhal,Electronics,7927.38,0,11,0.166,87,0,0,1,0,0.554,0
ORD-13077,Chandani Singhal,Beauty,1602.28,0,6,0.192,287,0,0,0,0,0.179,0
ORD-13078,Geetika Sawhney,Fitness,2119.68,1,8,0.377,600,1,0,0,0,0.297,0
ORD-13079,Bhavini Choudhry,Fitness,4038.08,1,20,0.069,60,0,0,0,0,0.555,0
ORD-13080,Darpan Balay,Mobiles,5525.18,1,8,0.208,13,0,0,0,0,0.129,0
ORD-13081,Yahvi Dyal,Fashion,2168.38,1,20,0.451,37,0,0,0,1,0.359,1
ORD-13082,Meghana Sampath,Electronics,3058.29,0,20,0.196,207,0,0,0,1,0.274,0
ORD-13083,Aarna Thaker,Home & Kitchen,1802.72,0,10,0.181,274,0,0,1,0,0.188,0
ORD-13084,Utkarsh Sampath,Electronics,2573.34,0,17,0.472,298,0,1,0,0,0.168,0
ORD-13085,Anita Chanda,Fashion,7839.94,0,11,0.258,242,1,0,1,0,0.525,0
ORD-13086,Jeremiah Kakar,Fitness,6352.99,0,7,0.5,160,0,0,0,0,0.358,1
ORD-13087,Daksh Kanda,Fashion,8089.16,1,19,0.272,199,0,0,0,0,0.509,1
ORD-13088,Qarin Brahmbhatt,Fitness,6575.12,0,2,0.218,174,0,0,0,1,0.183,0
ORD-13089,Vansha Munshi,Fashion,7870.27,1,5,0.385,214,1,0,0,0,0.433,1
ORD-13090,Lajita Gala,Beauty,6007.41,1,17,0.321,147,0,0,0,0,0.563,1
ORD-13091,Kamya Samra,Fashion,9643.81,0,12,0.376,29,1,0,0,0,0.192,0
ORD-13092,Anamika Chopra,Fashion,3263.21,1,22,0.286,7,0,0,0,1,0.087,1
ORD-13093,Faras Patil,Fashion,4090.42,1,5,0.374,87,1,0,0,1,0.184,0
ORD-13094,Ayaan Khatri,Electronics,10062.11,0,27,0.401,67,0,0,0,0,0.532,1
ORD-13095,Nicholas Chhabra,Mobiles,10186.26,0,11,0.426,108,0,0,0,1,0.587,1
ORD-13096,Siddharth Apte,Home & Kitchen,7843.87,1,21,0.594,28,0,0,0,0,0.217,1
ORD-13097,Raghav Jaggi,Beauty,7947.96,1,33,0.357,352,1,0,0,1,0.52,1
ORD-13098,Wridesh Luthra,Mobiles,1773.65,0,9,0.329,45,1,0,1,1,0.709,1
ORD-13099,Chaitanya Sule,Beauty,5999.27,0,13,0.109,1033,0,0,0,0,0.325,0
ORD-13100,Chanakya Murty,Home & Kitchen,6952.26,1,7,0.43,333,1,0,0,1,0.283,1
ORD-13101,Dayamai Anand,Beauty,2315.12,1,7,0.142,343,0,0,0,0,0.35,0
ORD-13102,Barkha Rao,Fashion,6696.6,0,5,0.117,39,0,0,0,0,0.267,1
ORD-13103,Divya Raman,Electronics,4759.49,0,10,0.025,106,0,0,0,1,0.341,1
ORD-13104,Kai Chatterjee,Beauty,6327.07,0,18,0.182,30,0,0,1,1,0.238,0
ORD-13105,Nikita Thakur,Fashion,6682.08,0,9,0.303,585,0,0,0,1,0.389,0
ORD-13106,Yadavi Doctor,Home & Kitchen,3208.19,0,8,0.307,106,0,0,0,0,0.545,1
ORD-13107,Lavanya Sood,Fashion,8919.47,1,21,0.313,402,0,0,0,1,0.209,0
ORD-13108,Bina Edwin,Home & Kitchen,7937.75,0,9,0.196,22,0,0,0,0,0.183,1
ORD-13109,Ubika Brar,Mobiles,2340.92,1,21,0.348,68,0,0,0,1,0.626,0
ORD-13110,Vincent Kale,Home & Kitchen,3133.12,0,23,0.356,239,1,1,0,0,0.42,1
ORD-13111,Naveen Thaker,Fitness,3914.26,0,7,0.127,231,0,0,0,0,0.354,0
ORD-13112,Sara Deep,Electronics,9836.16,0,11,0.312,194,0,0,0,1,0.323,0
ORD-13113,Bina Parsa,Mobiles,4328.78,1,10,0.518,683,1,0,0,1,0.49,1
ORD-13114,Balveer Ram,Mobiles,12276.72,1,26,0.147,182,0,0,0,0,0.045,0
ORD-13115,Sathvik Borde,Mobiles,3324.67,1,15,0.158,302,0,0,0,0,0.1,0
ORD-13116,Widisha Chatterjee,Home & Kitchen,4655.78,0,11,0.149,239,0,0,0,0,0.09,0
ORD-13117,Luke More,Fashion,1773.77,1,19,0.616,175,0,0,0,0,0.433,1
ORD-13118,Wishi Chandra,Home & Kitchen,7106.56,1,1,0.21,313,1,0,0,0,0.279,1
ORD-13119,Dipta Gara,Fashion,10987.33,0,13,0.325,205,0,0,0,1,0.207,1
ORD-13120,Neel Bir,Fashion,5510.09,1,16,0.148,56,0,0,1,0,0.299,1
ORD-13121,Januja Pandit,Fashion,3931.08,1,4,0.415,28,1,0,0,0,0.23,1
ORD-13122,Ekavir Gola,Electronics,7514.87,1,7,0.284,41,0,0,0,0,0.377,1
ORD-13123,Aarna Solanki,Beauty,3771.39,0,4,0.093,45,1,0,0,0,0.328,0
ORD-13124,Riya Dey,Electronics,2252.02,1,4,0.585,154,0,0,0,0,0.325,1
ORD-13125,Vinaya Baral,Fitness,8937.41,1,7,0.221,54,1,0,0,1,0.077,0
ORD-13126,Bhavini Rattan,Home & Kitchen,5932.65,1,13,0.105,190,0,0,0,0,0.263,0
ORD-13127,Kai Sastry,Electronics,10357.54,1,10,0.68,641,2,0,0,0,0.418,1
ORD-13128,Yauvani Murthy,Beauty,3668.25,1,5,0.605,27,1,0,1,0,0.442,1
ORD-13129,Fiyaz Sachdev,Fashion,7339.23,1,14,0.353,58,0,0,0,0,0.446,1
ORD-13130,Adya Basak,Home & Kitchen,8224.98,0,13,0.366,394,0,0,0,0,0.295,0
ORD-13131,Yash Anand,Electronics,2778.12,0,22,0.076,660,0,0,0,0,0.18,0
ORD-13132,Henry Mannan,Mobiles,16662.9,0,15,0.189,336,0,0,0,0,0.243,1
ORD-13133,Nathan Rastogi,Beauty,4726.15,0,12,0.108,320,0,1,0,1,0.187,1
ORD-13134,Udant Rama,Home & Kitchen,4352.83,0,10,0.015,82,0,0,0,0,0.365,0
ORD-13135,Girik Palla,Fashion,5664.99,0,12,0.139,15,0,0,0,0,0.53,1
ORD-13136,Upadhriti Warrior,Fitness,2881.83,0,8,0.081,413,0,0,0,0,0.535,0
ORD-13137,Ikbal Chada,Mobiles,3192.61,0,17,0.437,10,0,0,0,0,0.23,1
ORD-13138,Hritik Ranganathan,Fitness,12103.25,0,14,0.244,151,0,0,0,1,0.343,0
ORD-13139,Ryan Ratti,Beauty,4678.99,1,17,0.13,10,0,0,0,0,0.288,0
ORD-13140,Dhruv Nadig,Home & Kitchen,2204.98,1,10,0.317,28,2,0,0,0,0.36,0
ORD-13141,Vedika Kala,Fashion,2611.2,0,18,0.48,71,0,0,0,0,0.188,0
ORD-13142,Ishwar Mallick,Mobiles,4650.8,1,12,0.296,344,0,0,0,0,0.335,0
ORD-13143,Balvan Dugal,Home & Kitchen,5340.44,0,6,0.111,426,0,0,0,0,0.166,0
ORD-13144,Madhav Kala,Fitness,9370.47,0,9,0.499,38,0,0,0,1,0.326,1
ORD-13145,Azad Rai,Fashion,1731.98,0,12,0.244,249,0,0,0,0,0.289,0
ORD-13146,Janaki Sani,Beauty,10071.68,0,15,0.333,27,1,0,0,0,0.23,1
ORD-13147,Tanay Bhagat,Fashion,4862.46,0,8,0.23,44,1,0,0,0,0.344,1
ORD-13148,Arin Sampath,Fitness,3301.39,0,13,0.429,777,1,0,1,1,0.323,1
ORD-13149,Zayyan Goda,Mobiles,8199.53,0,23,0.38,428,0,0,0,0,0.47,0
ORD-13150,Lucky Biswas,Mobiles,1335.52,1,13,0.299,47,0,0,0,0,0.348,0
ORD-13151,Nidhi Bumb,Home & Kitchen,12540.71,0,9,0.211,148,0,0,0,0,0.17,1
ORD-13152,Siya Saini,Electronics,1702.39,0,13,0.163,50,0,0,0,1,0.419,0
ORD-13153,Aashi Gour,Electronics,3555.01,0,5,0.384,17,0,0,0,0,0.211,0
ORD-13154,George Sangha,Fitness,3747.37,0,25,0.218,91,0,0,0,1,0.303,0
ORD-13155,Chameli Gala,Electronics,2822.72,0,11,0.511,84,1,1,0,0,0.226,1
ORD-13156,Ikshita Saini,Mobiles,2694.39,0,5,0.392,190,0,0,0,0,0.374,0
ORD-13157,Vaishnavi Wason,Fashion,4134.61,1,15,0.355,311,0,0,1,1,0.23,1
ORD-13158,Rajeshri Pant,Mobiles,2604.67,0,3,0.132,247,0,0,0,1,0.103,0
ORD-13159,Advaith Issac,Mobiles,3967.47,1,5,0.373,35,0,0,0,1,0.477,1
ORD-13160,Maanav Naik,Home & Kitchen,4450.59,0,8,0.588,7,2,0,0,0,0.309,0
ORD-13161,Akshay Dora,Electronics,1572.98,0,7,0.135,6,0,0,0,0,0.152,0
ORD-13162,Manbir Tata,Fashion,7979.42,0,20,0.339,718,0,0,0,0,0.402,0
ORD-13163,Ishaan Ray,Mobiles,14295.95,0,5,0.432,4,0,0,0,0,0.286,0
ORD-13164,Aarush Seshadri,Fashion,8064.39,0,6,0.269,305,0,0,0,1,0.194,0
ORD-13165,Shivani Chatterjee,Electronics,8248.41,1,24,0.344,214,0,0,1,1,0.171,1
ORD-13166,Tejas Guha,Home & Kitchen,14552.9,1,29,0.329,346,0,0,0,1,0.277,1
ORD-13167,Ojas Purohit,Fashion,3658.53,0,8,0.609,7,0,0,0,0,0.497,1
ORD-13168,Ijaya Kadakia,Electronics,4458.09,0,20,0.096,125,0,0,0,0,0.157,0
ORD-13169,Akshay Prabhakar,Electronics,11514.38,0,9,0.36,92,1,0,1,1,0.237,0
ORD-13170,Amol Mittal,Fitness,12124.11,0,9,0.201,42,0,0,0,0,0.181,0
ORD-13171,Yadavi Dash,Mobiles,3525.85,1,15,0.254,197,0,0,0,0,0.171,1
ORD-13172,Tamanna Sachdev,Home & Kitchen,2416.64,0,13,0.376,144,0,0,0,1,0.44,1
ORD-13173,Indira Pandey,Fashion,11012.84,1,14,0.353,479,0,0,0,1,0.4,0
ORD-13174,Gautami Comar,Home & Kitchen,4149.9,1,13,0.439,4,0,0,0,0,0.316,0
ORD-13175,Tara Sangha,Mobiles,6850.2,0,28,0.442,1154,0,0,1,0,0.211,1
ORD-13176,Peter Gaba,Beauty,4687.95,0,19,0.459,135,0,0,0,0,0.276,1
ORD-13177,Lakshmi Mane,Electronics,3665.12,0,13,0.108,20,0,0,0,0,0.617,0
ORD-13178,Bhanumati Chaudhary,Fashion,2832.75,1,22,0.422,135,0,0,1,0,0.394,0
ORD-13179,Hemang Chakraborty,Beauty,5354.36,0,23,0.145,204,0,0,1,0,0.227,0
ORD-13180,Nisha Chawla,Mobiles,3117.52,1,14,0.264,342,0,0,0,0,0.272,0
ORD-13181,Harish Sawhney,Beauty,5400.67,0,5,0.143,271,0,0,0,0,0.243,0
ORD-13182,Bimala Salvi,Electronics,5392.5,1,15,0.751,191,2,1,0,0,0.539,1
ORD-13183,Udant Sha,Fitness,2624.82,0,1,0.189,378,0,0,0,0,0.338,0
ORD-13184,Ishwar Hayre,Electronics,2461.96,1,22,0.245,91,0,0,0,0,0.379,1
ORD-13185,Jeet Panchal,Home & Kitchen,2647.26,0,6,0.095,68,1,0,1,0,0.524,1
ORD-13186,Nitara Randhawa,Mobiles,3914.56,0,9,0.132,451,1,0,0,1,0.572,1
ORD-13187,Kavya Kapur,Fashion,2525.29,1,13,0.167,542,0,1,0,0,0.078,1
ORD-13188,Amrita Lalla,Mobiles,6858.33,0,9,0.166,9,0,0,0,0,0.202,0
ORD-13189,Oeshi Khurana,Electronics,4387.12,0,26,0.354,95,0,1,1,0,0.257,1
ORD-13190,Oeshi Bali,Mobiles,3111.38,1,26,0.341,115,0,0,0,0,0.377,0
ORD-13191,Atharv Dube,Mobiles,10612.93,0,8,0.223,21,1,1,0,0,0.282,1
ORD-13192,Zilmil Nadkarni,Home & Kitchen,30312.95,1,8,0.396,464,1,0,0,0,0.21,0
ORD-13193,Onkar Sani,Beauty,2485.86,0,14,0.275,112,0,0,0,0,0.38,0
ORD-13194,Mahika Hans,Electronics,7558.65,1,2,0.167,206,0,0,0,1,0.133,1
ORD-13195,Charan Sanghvi,Fashion,18546.09,1,19,0.26,47,2,0,0,1,0.606,1
ORD-13196,Madhavi Ghose,Electronics,3896.19,0,11,0.218,401,1,1,0,0,0.164,1
ORD-13197,Eesha Varughese,Home & Kitchen,2068.92,1,21,0.247,324,0,0,1,0,0.614,0
ORD-13198,Rajeshri Kashyap,Electronics,7421.34,0,8,0.187,97,0,0,1,0,0.36,0
ORD-13199,Jonathan Thaman,Electronics,9910.09,0,8,0.142,638,0,0,1,0,0.331,1
ORD-13200,Manya Lad,Mobiles,3842.97,0,19,0.418,56,0,1,0,0,0.44,1
ORD-13201,Ekantika Jani,Electronics,5042.94,1,11,0.345,183,0,0,0,0,0.296,1
ORD-13202,Girik Bal,Fitness,757.12,0,6,0.145,146,0,0,0,1,0.484,0
ORD-13203,Advay Dua,Electronics,4543.83,1,9,0.547,515,0,0,0,1,0.19,1
ORD-13204,Farhan Raja,Mobiles,2563.59,0,10,0.526,210,0,0,0,1,0.275,0
ORD-13205,Kalpit Setty,Fashion,9171.92,0,10,0.361,11,2,0,0,0,0.458,0
ORD-13206,Rachit Khatri,Electronics,6511.5,1,17,0.243,168,0,0,0,0,0.272,1
ORD-13207,Chameli Hari,Fashion,10201.11,1,20,0.374,42,0,1,0,0,0.549,1
ORD-13208,Kritika Lad,Fashion,3138.86,0,16,0.332,5,0,0,0,1,0.274,0
ORD-13209,Anvi Butala,Electronics,1347.13,1,15,0.268,334,0,0,0,0,0.465,1
ORD-13210,Arin Chauhan,Beauty,14577.65,0,8,0.062,125,0,0,0,0,0.155,0
ORD-13211,Tripti Das,Beauty,5187.2,0,12,0.249,289,1,0,0,1,0.373,1
ORD-13212,Lucky Mandal,Home & Kitchen,1445.69,1,17,0.175,113,0,0,0,0,0.198,1
ORD-13213,Pranit Chander,Fitness,5701.09,0,17,0.191,1,0,0,1,0,0.604,1
ORD-13214,Warda Pathak,Mobiles,6076.13,0,24,0.147,88,0,0,0,1,0.159,1
ORD-13215,Mahika Chaudhuri,Electronics,992.4,0,9,0.28,4,0,0,0,0,0.372,0
ORD-13216,Anthony Sachdev,Electronics,2507.2,0,13,0.427,16,1,0,0,0,0.237,1
ORD-13217,Vidhi Bose,Home & Kitchen,2843.49,0,13,0.109,492,0,0,0,0,0.225,0
ORD-13218,Oni Prashad,Mobiles,4129.04,0,17,0.137,151,0,0,0,0,0.084,0
ORD-13219,Shravya Dyal,Fitness,2259.09,1,5,0.217,18,0,0,1,0,0.136,1
ORD-13220,Chanchal Anne,Home & Kitchen,3339.75,0,12,0.207,156,1,0,1,1,0.096,1
ORD-13221,Azad Dalal,Mobiles,7157.69,1,15,0.171,274,0,0,1,0,0.235,0
ORD-13222,Idika Sule,Beauty,10183.77,0,14,0.106,166,0,0,0,1,0.315,0
ORD-13223,Nathan Vig,Beauty,1397.3,1,13,0.278,76,0,0,0,1,0.313,0
ORD-13224,Jairaj Hans,Fitness,8297.06,1,15,0.301,618,1,0,1,1,0.568,1
ORD-13225,Arin Vasa,Mobiles,7378.31,1,42,0.309,223,0,0,0,0,0.251,1
ORD-13226,Tarak Patla,Electronics,2424.45,1,13,0.232,5,0,0,0,0,0.463,1
ORD-13227,Teerth Balan,Electronics,3629.7,0,12,0.205,48,0,1,0,1,0.302,1
ORD-13228,Lakshit Kannan,Electronics,1778.18,0,10,0.233,201,0,0,0,0,0.19,0
ORD-13229,Jonathan Loyal,Electronics,16860.32,1,13,0.149,107,0,1,0,0,0.326,0
ORD-13230,Vasatika Iyengar,Mobiles,14781.36,1,15,0.265,96,1,0,0,1,0.345,0
ORD-13231,Ijaya Menon,Mobiles,8002.16,1,12,0.277,665,0,0,0,0,0.102,1
ORD-13232,Warhi Sarin,Fitness,2065.14,0,22,0.488,643,1,0,0,0,0.498,0
ORD-13233,Reyansh Krishna,Beauty,4426.79,0,29,0.613,600,0,0,0,0,0.633,1
ORD-13234,Rudra Mand,Fashion,2386.08,0,16,0.382,66,1,0,0,0,0.516,0
ORD-13235,Harshil Muni,Fitness,18545.77,1,9,0.251,99,0,0,1,0,0.134,0
ORD-13236,Samesh Sura,Mobiles,7751.05,0,21,0.153,234,0,0,0,1,0.254,1
ORD-13237,Sanaya Sampath,Mobiles,4811.49,0,14,0.115,91,0,0,1,0,0.129,0
ORD-13238,Eiravati Chokshi,Home & Kitchen,9578.06,0,17,0.122,39,0,0,0,0,0.206,0
ORD-13239,Pushti Iyengar,Mobiles,1283.13,1,2,0.43,408,0,0,0,1,0.207,0
ORD-13240,Kashvi Bhatt,Electronics,3887.44,1,14,0.257,151,0,0,0,0,0.421,1
ORD-13241,Oliver Bandi,Fashion,1373.55,0,26,0.353,374,2,0,0,0,0.287,1
ORD-13242,Nimrat Memon,Mobiles,3026.46,1,13,0.347,350,0,0,1,1,0.132,1
ORD-13243,Mitali Balan,Mobiles,3206.0,0,24,0.403,111,2,0,0,0,0.344,1
ORD-13244,Pranit Naidu,Fitness,6935.58,0,11,0.243,224,1,0,0,0,0.244,0
ORD-13245,Quincy Parmar,Mobiles,1462.95,1,18,0.255,242,0,0,1,0,0.144,1
ORD-13246,Elijah Kale,Electronics,3463.2,1,4,0.303,122,0,0,1,1,0.447,0
ORD-13247,Kamya Dhillon,Home & Kitchen,3042.58,1,11,0.132,44,0,0,0,1,0.049,0
ORD-13248,Jason Andra,Electronics,5677.73,1,12,0.517,160,0,1,1,0,0.161,1
ORD-13249,Advay Narasimhan,Fitness,2078.44,1,4,0.367,380,1,0,0,0,0.641,1
ORD-13250,Udyati Nagy,Beauty,1494.32,0,6,0.229,602,1,0,1,0,0.21,0
ORD-13251,Dominic Rajan,Electronics,3277.66,1,16,0.367,5,0,0,0,1,0.311,1
ORD-13252,Simon Vyas,Electronics,5207.24,1,16,0.273,234,1,0,0,0,0.214,1
ORD-13253,Harshil Mall,Beauty,2933.38,0,11,0.163,428,1,0,0,1,0.34,0
ORD-13254,Oviya Saran,Mobiles,3878.27,1,21,0.559,234,0,0,1,0,0.539,1
ORD-13255,Ekaja Hora,Fitness,3695.98,1,7,0.075,129,0,0,0,0,0.731,1
ORD-13256,Chandran Tak,Beauty,3646.92,0,12,0.145,28,0,0,0,0,0.217,0
ORD-13257,Chakradhar Maharaj,Mobiles,4943.2,1,23,0.225,88,1,0,1,0,0.378,0
ORD-13258,Jagdish Dash,Mobiles,6380.88,1,7,0.262,494,0,0,1,0,0.271,1
ORD-13259,Onveer Narain,Electronics,4184.48,0,19,0.313,47,0,0,0,1,0.378,0
ORD-13260,Warjas Bail,Fitness,2845.2,1,3,0.162,165,0,0,0,0,0.33,0
ORD-13261,Andrew Agrawal,Fashion,4482.16,1,12,0.225,481,0,0,0,0,0.354,1
ORD-13262,Bhavani Deep,Fashion,8100.85,0,19,0.533,630,0,0,0,0,0.281,0
ORD-13263,Balhaar Walla,Home & Kitchen,9010.31,1,6,0.514,59,0,0,0,0,0.395,1
ORD-13264,Geetika Babu,Electronics,4065.3,0,20,0.182,132,0,0,0,0,0.06,0
ORD-13265,Upma Chandran,Mobiles,2187.83,1,30,0.423,259,1,0,0,0,0.143,1
ORD-13266,Charvi Maharaj,Mobiles,1997.13,0,20,0.471,434,2,0,0,0,0.509,1
ORD-13267,Hiral Ratta,Mobiles,2657.67,1,25,0.203,104,0,0,0,0,0.173,0
ORD-13268,Dhriti Tak,Electronics,5920.29,1,14,0.348,556,1,0,0,0,0.174,1
ORD-13269,Maya Misra,Fashion,6803.25,0,9,0.459,165,1,0,0,1,0.218,1
ORD-13270,Wakeeta Dara,Beauty,5049.83,0,7,0.005,277,0,0,0,0,0.366,0
ORD-13271,Harshil Balakrishnan,Home & Kitchen,5174.21,1,3,0.215,109,2,0,0,1,0.122,1
ORD-13272,Champak Anne,Beauty,5950.39,0,12,0.114,4,0,0,0,0,0.468,1
ORD-13273,Henry Naidu,Fitness,6442.33,0,21,0.36,90,1,0,1,0,0.201,1
ORD-13274,Upkaar Garde,Electronics,5601.03,0,5,0.292,41,0,0,0,0,0.188,0
ORD-13275,Rayaan Pillay,Beauty,8271.84,0,14,0.162,1,0,0,0,0,0.152,0
ORD-13276,Charles Lad,Fashion,7667.79,0,9,0.21,132,0,1,0,0,0.262,0
ORD-13277,Indrajit Bava,Electronics,5426.25,1,16,0.415,332,0,0,0,0,0.559,1
ORD-13278,Falan Lalla,Beauty,5599.59,1,25,0.204,128,0,0,1,0,0.878,1
ORD-13279,Ladli Madan,Beauty,9087.77,0,21,0.211,37,0,1,0,0,0.36,1
ORD-13280,Lakshit Sharma,Beauty,4074.61,0,17,0.183,268,0,0,0,1,0.068,1
ORD-13281,Jonathan Nagar,Home & Kitchen,5187.71,1,6,0.12,36,0,0,0,0,0.073,0
ORD-13282,Odika Sekhon,Electronics,3119.82,1,19,0.342,228,1,0,0,1,0.283,0
ORD-13283,Wridesh Sridhar,Fitness,5265.67,1,13,0.327,48,0,1,0,0,0.213,1
ORD-13284,Avni Nagy,Fitness,2121.3,0,13,0.143,169,0,0,0,1,0.367,0
ORD-13285,Upkaar Chanda,Fashion,10453.73,0,14,0.194,333,0,0,0,0,0.234,0
ORD-13286,Chaman Butala,Beauty,7751.98,1,6,0.199,128,0,0,1,0,0.506,0
ORD-13287,Xavier Jha,Home & Kitchen,1636.44,0,18,0.313,73,0,0,0,1,0.193,1
ORD-13288,Falan Talwar,Electronics,5885.14,0,9,0.234,306,0,0,0,0,0.691,1
ORD-13289,Simon Arya,Mobiles,2790.18,0,15,0.507,271,1,0,0,0,0.435,1
ORD-13290,Upadhriti Rajan,Electronics,3010.58,0,24,0.142,130,0,0,0,0,0.147,0
ORD-13291,Vinaya Cheema,Electronics,1810.86,1,17,0.195,187,0,0,1,0,0.104,0
ORD-13292,Sathvik Wable,Electronics,5896.43,0,30,0.252,46,0,0,0,0,0.119,0
ORD-13293,Devika Setty,Fashion,6157.76,0,23,0.311,279,0,0,0,0,0.2,1
ORD-13294,Yamini Cherian,Fashion,9098.57,0,35,0.229,362,0,0,0,1,0.471,0
ORD-13295,Theodore Patla,Fitness,8139.97,0,14,0.358,57,0,0,0,0,0.408,0
ORD-13296,Sneha Varghese,Fitness,2375.88,1,5,0.285,185,0,0,0,1,0.178,0
ORD-13297,Mugdha Guha,Electronics,10771.99,0,7,0.126,145,0,0,0,0,0.419,0
ORD-13298,Arunima Sampath,Electronics,4680.89,0,18,0.19,716,0,0,0,0,0.334,0
ORD-13299,Damyanti Chaudry,Fashion,2719.15,0,13,0.254,163,0,1,0,0,0.585,1
ORD-13300,Triya Chhabra,Fashion,2924.43,0,14,0.254,247,0,0,0,0,0.371,0
ORD-13301,Wridesh Babu,Beauty,3562.12,0,12,0.574,151,0,1,0,0,0.727,1
ORD-13302,Rachit Loke,Mobiles,6732.32,0,11,0.357,9,0,0,1,0,0.267,1
ORD-13303,Vamakshi Wali,Fashion,6165.87,0,8,0.208,147,0,0,0,0,0.064,0
ORD-13304,Indira Lanka,Electronics,4016.17,0,5,0.258,82,0,0,0,0,0.123,0
ORD-13305,Frado Pandya,Home & Kitchen,4214.9,1,11,0.456,412,3,0,0,1,0.201,1
ORD-13306,Simon Dora,Mobiles,3316.11,0,18,0.284,328,0,0,0,0,0.405,0
ORD-13307,Yadavi Sankar,Electronics,3427.76,1,26,0.167,26,0,0,1,0,0.289,1
ORD-13308,Chatresh Sastry,Beauty,2263.66,0,5,0.094,116,0,0,0,0,0.278,0
ORD-13309,Kala Chaudhari,Home & Kitchen,14722.11,0,17,0.133,132,0,0,0,0,0.094,1
ORD-13310,Lavanya Sami,Fashion,6439.94,0,1,0.478,322,0,0,0,0,0.241,1
ORD-13311,Chaitaly Gulati,Mobiles,6291.26,1,20,0.541,47,1,0,0,0,0.655,0
ORD-13312,Patrick Majumdar,Fashion,5631.81,1,18,0.346,9,0,0,0,0,0.323,1
ORD-13313,Zilmil Sant,Fitness,3824.78,1,26,0.096,330,0,0,0,0,0.133,1
ORD-13314,Chandresh Kothari,Home & Kitchen,2970.76,0,17,0.46,105,0,0,1,0,0.279,1
ORD-13315,Theodore Contractor,Mobiles,15783.39,0,11,0.355,91,0,0,0,0,0.159,1
ORD-13316,Balendra Lata,Fashion,16280.08,1,3,0.501,334,0,0,0,0,0.525,0
ORD-13317,Dominic Wali,Beauty,4090.6,0,1,0.122,0,1,0,1,0,0.132,0
ORD-13318,Anya Kara,Electronics,3818.39,1,4,0.405,532,3,0,0,0,0.249,1
ORD-13319,Manya Ramaswamy,Beauty,3720.25,0,2,0.338,19,0,0,0,0,0.289,0
ORD-13320,Thomas Loyal,Electronics,4686.35,0,12,0.213,132,1,0,0,1,0.405,1
ORD-13321,Samesh Garg,Fashion,4258.33,0,14,0.202,156,0,0,0,0,0.208,0
ORD-13322,Idika Mani,Electronics,725.74,1,14,0.217,51,0,0,0,0,0.379,0
ORD-13323,Aarush Chandra,Fitness,4838.4,0,17,0.189,527,0,0,0,0,0.373,0
ORD-13324,Yahvi Sood,Electronics,3851.98,1,32,0.309,2,0,0,1,0,0.489,1
ORD-13325,William Garde,Electronics,5483.15,0,11,0.195,539,0,1,0,1,0.184,0
ORD-13326,Ekaraj Ganesan,Beauty,6235.54,0,15,0.438,4,0,0,0,1,0.241,0
ORD-13327,Gaurangi Shah,Electronics,6825.41,1,6,0.613,403,0,0,0,0,0.346,1
ORD-13328,Agastya Som,Home & Kitchen,1855.77,1,9,0.198,43,0,0,0,0,0.298,0
ORD-13329,Gaurika Bail,Home & Kitchen,3361.68,1,22,0.23,160,0,0,0,0,0.13,1
ORD-13330,Aishani Bose,Fashion,2826.72,1,15,0.337,630,1,0,0,0,0.166,1
ORD-13331,Aditya Pandey,Home & Kitchen,5036.76,0,9,0.403,225,0,0,0,0,0.349,1
ORD-13332,Aarav Suresh,Fashion,7070.67,1,25,0.222,92,0,0,0,0,0.625,0
ORD-13333,Urmi Choudhary,Beauty,15780.07,0,17,0.313,312,0,0,0,0,0.317,1
ORD-13334,Anay Mannan,Fashion,3807.87,1,6,0.162,26,0,0,1,0,0.242,0
ORD-13335,Yahvi Ganesh,Electronics,6819.66,1,19,0.775,21,0,1,0,0,0.395,1
ORD-13336,Girindra Chaudhry,Electronics,2944.6,1,8,0.21,77,1,0,0,1,0.172,1
ORD-13337,Gautami Sethi,Beauty,3076.14,0,18,0.07,169,1,0,0,0,0.111,0
ORD-13338,Indali Kurian,Mobiles,7329.18,1,9,0.277,451,0,0,0,1,0.257,0
ORD-13339,Zehaan Patla,Fashion,2854.71,1,7,0.423,394,0,0,0,0,0.177,1
ORD-13340,Agastya Pandit,Electronics,4908.42,1,33,0.362,31,0,0,0,1,0.414,0
ORD-13341,Gauri Vasa,Electronics,18999.74,1,12,0.161,163,0,0,0,0,0.183,0
ORD-13342,Isaiah Madan,Fitness,3468.75,1,32,0.486,166,2,0,0,0,0.374,1
ORD-13343,Manbir Roy,Mobiles,9331.04,1,8,0.229,343,0,0,0,0,0.304,0
ORD-13344,Lucky Parikh,Beauty,3803.18,0,7,0.457,253,0,0,1,0,0.286,1
ORD-13345,Azaan Konda,Beauty,2973.05,0,18,0.145,198,1,0,0,1,0.297,1
ORD-13346,Jagvi Jhaveri,Electronics,8070.23,0,31,0.53,2,1,0,0,0,0.45,1
ORD-13347,Rishi Purohit,Electronics,4505.7,0,7,0.577,94,0,1,0,0,0.214,0
ORD-13348,Anusha Sengupta,Mobiles,5589.38,1,19,0.436,289,0,0,0,0,0.182,0
ORD-13349,Alka Palla,Fashion,5877.59,1,33,0.585,368,1,0,0,0,0.196,0
ORD-13350,Mahika Sahni,Fashion,5847.81,0,28,0.175,261,0,0,0,1,0.269,0
ORD-13351,Dayamai Halder,Mobiles,6328.17,0,12,0.09,158,0,0,1,0,0.086,1
ORD-13352,Zinal Oza,Fashion,14041.68,1,12,0.472,78,0,1,0,0,0.476,1
ORD-13353,Rachita Sha,Electronics,2518.19,0,15,0.264,46,0,0,0,0,0.324,1
ORD-13354,Bhavya Choudhary,Mobiles,3193.99,0,20,0.314,125,0,0,0,0,0.25,1
ORD-13355,Wishi Din,Beauty,1374.79,0,19,0.007,38,0,1,0,0,0.223,0
ORD-13356,Mason Virk,Fashion,3601.76,1,14,0.437,266,1,0,0,0,0.197,0
ORD-13357,Nicholas Mitter,Electronics,2170.28,1,29,0.171,20,0,1,0,1,0.222,0
ORD-13358,Bhavya Bhattacharyya,Mobiles,2441.68,0,8,0.593,126,0,1,0,0,0.308,1
ORD-13359,Alexander Setty,Mobiles,2572.57,0,2,0.587,46,0,0,1,1,0.299,1
ORD-13360,Teerth Mandal,Electronics,4263.05,1,17,0.434,34,0,0,0,1,0.369,1
ORD-13361,Chatresh Suresh,Electronics,6690.5,1,28,0.179,145,0,0,1,0,0.196,0
ORD-13362,Abdul Sani,Beauty,4509.56,1,6,0.269,633,0,0,1,0,0.199,1
ORD-13363,Aadi Bedi,Fashion,1734.19,1,7,0.242,62,1,0,0,1,0.165,0
ORD-13364,Lakshit Palla,Fitness,15588.2,0,11,0.107,126,0,0,0,1,0.177,0
ORD-13365,Yadavi Dubey,Beauty,13658.59,1,6,0.186,45,0,0,0,0,0.119,1
ORD-13366,Anika Dhar,Fashion,2060.47,1,12,0.151,137,0,0,0,0,0.114,0
ORD-13367,Rachana Buch,Home & Kitchen,3360.67,1,4,0.132,125,0,0,0,0,0.381,1
ORD-13368,Theodore Balay,Mobiles,2097.71,1,10,0.297,231,0,0,0,0,0.438,0
ORD-13369,Isha Kothari,Home & Kitchen,4306.34,0,6,0.099,132,0,0,1,1,0.41,0
ORD-13370,Pahal Rastogi,Electronics,7967.17,1,13,0.518,1082,1,0,0,1,0.335,0
ORD-13371,Advika Mittal,Fashion,3305.33,0,14,0.276,199,0,0,0,0,0.237,0
ORD-13372,Oscar Sarin,Fashion,5606.3,0,32,0.504,11,0,1,1,0,0.278,1
ORD-13373,Liam Iyengar,Electronics,2881.93,0,9,0.122,320,0,0,0,0,0.131,0
ORD-13374,Krishna Saha,Fashion,13937.62,1,8,0.226,581,0,0,0,0,0.541,1
ORD-13375,Charvi Mody,Electronics,3172.7,0,22,0.282,783,0,0,0,0,0.139,0
ORD-13376,Chameli Shenoy,Beauty,3398.0,1,4,0.462,15,0,0,0,0,0.386,1
ORD-13377,Keya Sarkar,Fashion,5372.99,0,7,0.208,37,0,0,0,0,0.133,1
ORD-13378,Lakshit Vyas,Home & Kitchen,2875.17,0,11,0.233,81,0,0,0,1,0.264,0
ORD-13379,Dhriti Thakur,Electronics,2205.62,0,6,0.102,92,0,0,0,0,0.221,0
ORD-13380,Upadhriti Pandya,Fashion,4041.22,0,19,0.206,504,0,0,1,0,0.202,0
ORD-13381,Unnati Salvi,Fashion,13312.02,0,42,0.345,127,0,0,0,1,0.151,0
ORD-13382,Triya Bala,Home & Kitchen,4754.42,1,5,0.659,400,1,0,0,0,0.337,1
ORD-13383,Oviya Chakrabarti,Home & Kitchen,8475.62,0,16,0.106,21,0,0,0,0,0.383,0
ORD-13384,Chasmum Kibe,Fashion,3612.41,0,14,0.52,148,1,0,0,1,0.536,1
ORD-13385,Joshua Memon,Electronics,3778.77,0,8,0.214,55,0,0,0,0,0.319,0
ORD-13386,Maya Dass,Electronics,3029.67,1,14,0.29,227,1,0,0,0,0.251,1
ORD-13387,Abeer Shere,Mobiles,4837.85,1,16,0.429,144,0,0,0,0,0.236,1
ORD-13388,Chatura Chad,Mobiles,5785.72,0,14,0.158,77,0,0,0,0,0.195,0
ORD-13389,Anamika Chhabra,Electronics,4436.96,0,7,0.525,7,2,1,0,0,0.207,1
ORD-13390,Gunbir Mannan,Home & Kitchen,16725.42,1,19,0.499,98,1,0,0,0,0.583,1
ORD-13391,Garima Bhat,Beauty,3857.19,1,9,0.475,114,0,0,0,1,0.502,1
ORD-13392,Yasti Bera,Fashion,2195.83,0,19,0.3,67,1,0,0,0,0.337,0
ORD-13393,Zaitra Dhawan,Fashion,1092.72,0,15,0.258,64,0,0,0,0,0.377,1
ORD-13394,Laban Kapoor,Beauty,1768.13,0,8,0.093,124,0,0,1,0,0.179,0
ORD-13395,Charvi Mukhopadhyay,Fashion,4496.48,1,2,0.303,459,0,0,0,0,0.324,0
ORD-13396,Vedhika Iyer,Home & Kitchen,3517.49,0,4,0.279,195,0,0,0,0,0.305,1
ORD-13397,Ekalinga Acharya,Fashion,8436.41,1,5,0.237,95,0,0,0,0,0.133,0
ORD-13398,Jai Venkatesh,Fashion,7330.26,1,14,0.342,19,1,1,0,0,0.357,1
ORD-13399,Yug Jayaraman,Electronics,4158.88,1,3,0.373,124,1,0,1,1,0.495,1
ORD-13400,Urvi Bakshi,Electronics,4168.8,0,7,0.104,593,0,0,0,0,0.351,0
ORD-13401,Mahika Bhakta,Home & Kitchen,7900.95,1,10,0.241,208,1,1,1,0,0.371,0
ORD-13402,Charita Ravel,Electronics,1943.05,0,29,0.148,300,0,1,0,0,0.326,0
ORD-13403,Qarin Keer,Beauty,2287.86,0,11,0.275,817,0,1,0,0,0.316,1
ORD-13404,Reva Dasgupta,Electronics,2091.4,1,13,0.595,72,0,0,1,0,0.184,1
ORD-13405,Madhav Bains,Electronics,2698.94,1,13,0.485,75,1,1,0,0,0.324,1
ORD-13406,Lucky Khosla,Home & Kitchen,1598.43,1,5,0.139,79,0,0,0,0,0.174,1
ORD-13407,Yasti Iyer,Mobiles,5261.74,0,12,0.44,404,0,0,1,0,0.399,1
ORD-13408,Varsha Mann,Electronics,2273.73,1,3,0.128,2,0,0,0,1,0.113,0
ORD-13409,Harish Tailor,Electronics,8758.32,1,11,0.644,152,1,0,0,0,0.228,1
ORD-13410,Anvi Raman,Fashion,3166.01,0,3,0.436,147,2,1,0,1,0.459,1
ORD-13411,Hredhaan Shetty,Fashion,5240.91,0,16,0.316,2,1,1,0,0,0.273,1
ORD-13412,Pavani Divan,Fashion,3070.84,1,30,0.278,220,0,0,0,0,0.289,0
ORD-13413,Bhanumati Shankar,Fitness,9675.48,0,9,0.206,338,0,0,0,1,0.3,0
ORD-13414,Lopa Apte,Fashion,2484.41,1,15,0.415,236,0,0,0,1,0.627,1
ORD-13415,Bahadurjit Saxena,Electronics,1331.03,1,16,0.142,51,0,0,0,0,0.514,0
ORD-13416,Isha Dewan,Fashion,4625.36,0,15,0.411,59,1,0,0,0,0.307,0
ORD-13417,Tara Malhotra,Fashion,5023.28,1,6,0.335,31,0,0,1,0,0.161,1
ORD-13418,Nathan Parmar,Home & Kitchen,4648.47,1,11,0.172,168,0,0,0,1,0.347,0
ORD-13419,Ikshita Vohra,Mobiles,3941.85,1,33,0.546,0,1,0,0,0,0.377,0
ORD-13420,Yochana Bhatnagar,Fitness,5181.93,0,11,0.299,124,1,0,0,1,0.409,1
ORD-13421,Max Pandey,Home & Kitchen,2178.48,1,8,0.353,32,0,0,0,1,0.423,1
ORD-13422,Tripti Dey,Fashion,2509.18,1,9,0.489,21,0,0,0,0,0.139,1
ORD-13423,Chavvi Ramesh,Fashion,1493.1,0,11,0.369,17,0,0,0,1,0.277,0
ORD-13424,Veda Puri,Fashion,1216.65,1,17,0.299,95,1,0,0,0,0.263,0
ORD-13425,Pranit Tripathi,Mobiles,3642.6,1,12,0.237,123,0,0,0,0,0.149,1
ORD-13426,Kai Naik,Electronics,4873.5,0,9,0.22,95,0,0,0,1,0.184,0
ORD-13427,Netra Bir,Mobiles,2322.37,1,17,0.322,178,1,0,0,0,0.314,1
ORD-13428,Ayushman Dutt,Electronics,15218.05,1,13,0.52,1021,1,0,0,0,0.582,1
ORD-13429,Gopal Cherian,Fitness,6148.47,1,10,0.235,35,0,0,0,0,0.427,1
ORD-13430,Vamakshi Naik,Fashion,9937.51,1,7,0.213,160,0,0,0,1,0.122,0
ORD-13431,Warjas Cheema,Electronics,7238.15,1,7,0.186,304,0,0,0,0,0.179,1
ORD-13432,Leena Salvi,Fashion,11249.17,0,22,0.269,162,1,0,1,0,0.34,0
ORD-13433,David Krishna,Mobiles,2444.32,1,4,0.414,124,0,0,0,1,0.164,1
ORD-13434,Baljiwan Bora,Mobiles,5810.69,0,16,0.515,160,1,0,0,0,0.637,1
ORD-13435,Kavya Balan,Fashion,1578.86,0,5,0.291,281,0,0,0,0,0.142,0
ORD-13436,Ekani Chokshi,Beauty,7082.21,1,20,0.258,707,0,0,0,0,0.26,1
ORD-13437,Krishna Deol,Beauty,2780.48,0,3,0.353,125,0,0,0,0,0.182,1
ORD-13438,Rohan Krishnan,Fashion,3446.64,0,13,0.28,4,0,0,0,0,0.178,1
ORD-13439,Raksha Mangal,Home & Kitchen,1689.4,1,3,0.339,276,0,0,0,0,0.356,1
ORD-13440,Saksham Edwin,Home & Kitchen,29417.07,0,18,0.359,219,0,0,0,0,0.252,0
ORD-13441,Rehaan Chadha,Beauty,1134.58,1,15,0.024,210,1,0,0,1,0.434,1
ORD-13442,Gopal Jani,Beauty,18260.67,0,8,0.248,126,0,0,0,1,0.594,1
ORD-13443,Logan Ahluwalia,Beauty,6707.79,0,16,0.139,74,0,0,0,0,0.662,0
ORD-13444,Nikita Bora,Home & Kitchen,4570.78,0,15,0.19,426,0,0,1,1,0.095,0
ORD-13445,Qasim Wable,Mobiles,7020.53,0,7,0.15,95,0,0,0,1,0.083,0
ORD-13446,Ranveer Johal,Mobiles,1537.06,0,3,0.342,14,1,0,0,1,0.279,1
ORD-13447,Xiti Pandey,Fashion,5439.28,1,18,0.325,362,0,0,0,0,0.241,0
ORD-13448,Lakshit Bhavsar,Mobiles,8534.81,1,24,0.31,284,0,0,0,0,0.204,0
ORD-13449,Prisha Puri,Home & Kitchen,1633.42,1,10,0.481,139,0,0,0,0,0.476,1
ORD-13450,Farhan Datta,Electronics,6504.27,1,22,0.317,230,0,0,0,0,0.097,1
ORD-13451,Harrison Dalal,Electronics,3157.5,1,6,0.46,1013,1,0,0,0,0.23,1
ORD-13452,Vihaan Behl,Mobiles,6226.35,0,16,0.339,175,0,0,0,0,0.176,0
ORD-13453,Arin Kapur,Beauty,2914.3,0,13,0.03,78,0,0,1,0,0.369,1
ORD-13454,Zayan Ramakrishnan,Fitness,1347.65,0,22,0.499,73,0,1,0,0,0.176,1
ORD-13455,Ekansh Dugar,Electronics,16697.45,1,16,0.214,136,0,0,0,0,0.271,0
ORD-13456,Falan Warrior,Mobiles,17738.5,1,9,0.272,48,0,0,0,0,0.163,0
ORD-13457,Zarna Tella,Home & Kitchen,2822.36,0,17,0.081,42,0,0,1,1,0.25,0
ORD-13458,Mohini Bhandari,Beauty,1777.97,1,20,0.093,281,0,1,0,1,0.31,0
ORD-13459,Urishilla Lall,Electronics,3623.54,0,3,0.287,101,0,0,0,0,0.462,0
ORD-13460,Bachittar Nigam,Mobiles,8408.49,0,12,0.28,362,0,1,0,1,0.292,1
ORD-13461,Advika Iyer,Mobiles,12178.23,0,3,0.273,100,0,0,0,0,0.181,0
ORD-13462,Daniel Dewan,Fashion,6086.9,0,13,0.599,486,0,0,1,1,0.532,1
ORD-13463,Forum Bhatia,Home & Kitchen,6935.92,1,14,0.601,509,0,0,0,0,0.704,1
ORD-13464,Wakeeta Bora,Electronics,2966.74,0,8,0.227,179,0,0,0,1,0.375,0
ORD-13465,Hiral Bobal,Mobiles,2377.14,0,12,0.502,323,0,0,0,0,0.354,1
ORD-13466,Faris Srinivas,Electronics,9847.42,1,19,0.187,320,0,1,0,0,0.43,0
ORD-13467,Anika Barman,Beauty,4626.09,0,5,0.14,117,0,0,0,0,0.239,0
ORD-13468,Balendra Taneja,Electronics,3161.06,0,7,0.416,264,0,0,0,0,0.303,1
ORD-13469,Inaya Sankar,Fitness,4745.14,0,20,0.125,517,0,0,1,1,0.332,0
ORD-13470,Chavvi Kari,Fashion,10183.53,0,3,0.513,345,0,0,0,0,0.37,1
ORD-13471,Christopher Bal,Fashion,4319.83,1,10,0.107,46,0,0,0,0,0.233,0
ORD-13472,Ladli Badami,Fashion,1647.6,1,8,0.228,494,1,0,0,0,0.355,0
ORD-13473,Charles Ram,Home & Kitchen,4602.96,1,5,0.102,168,0,0,0,1,0.174,0
ORD-13474,Jeremiah Sani,Fashion,7758.83,1,18,0.514,408,0,1,0,0,0.323,1
ORD-13475,Lakshit D’Alia,Fashion,4437.76,0,5,0.195,127,0,0,0,1,0.131,0
ORD-13476,Jacob Pillai,Fashion,4120.5,1,31,0.255,662,1,0,0,0,0.435,0
ORD-13477,Rishi Oza,Mobiles,2253.73,1,15,0.481,402,0,0,0,1,0.244,1
ORD-13478,Dalbir Khanna,Home & Kitchen,6922.75,0,15,0.311,232,1,0,0,1,0.492,0
ORD-13479,George Anne,Fashion,2835.83,0,23,0.479,479,1,0,0,1,0.452,1
ORD-13480,Nitara Yadav,Fitness,1342.08,0,9,0.16,84,0,0,0,0,0.195,1
ORD-13481,Alexander Krish,Home & Kitchen,2473.96,0,8,0.25,137,1,0,0,0,0.359,0
ORD-13482,Faraj Bhandari,Electronics,5806.04,1,8,0.173,353,0,0,0,0,0.273,1
ORD-13483,Reva Gole,Fashion,10077.69,0,40,0.245,214,1,1,0,1,0.3,1
ORD-13484,Caleb Murthy,Mobiles,3681.01,0,19,0.288,297,0,0,0,0,0.342,0
ORD-13485,Yash Master,Mobiles,2002.19,0,21,0.31,23,1,0,0,0,0.332,0
ORD-13486,Mitali Srinivas,Mobiles,2553.73,0,21,0.281,8,0,0,0,0,0.426,0
ORD-13487,Faraj Bose,Fashion,3043.5,0,7,0.091,125,0,0,0,1,0.297,0
ORD-13488,Samesh Talwar,Fashion,1176.1,1,10,0.307,125,0,0,0,1,0.767,0
ORD-13489,Thomas Sawhney,Beauty,5451.24,0,9,0.402,228,0,0,1,1,0.331,1
ORD-13490,Jeevika Master,Electronics,1661.17,0,8,0.515,176,0,1,0,0,0.636,1
ORD-13491,Amara Nagar,Mobiles,1344.48,1,19,0.607,226,1,1,0,0,0.318,1
ORD-13492,Chatura Pal,Electronics,2404.31,0,20,0.239,134,1,0,1,0,0.247,0
ORD-13493,Vedika Mammen,Home & Kitchen,1450.92,0,15,0.251,276,0,0,0,0,0.392,1
ORD-13494,Samar Devan,Electronics,4475.61,1,4,0.37,39,0,0,0,1,0.127,0
ORD-13495,Dalaja Kade,Fitness,10362.1,1,12,0.49,58,0,0,0,0,0.516,0
ORD-13496,Kashish Dhar,Fashion,10689.21,1,16,0.651,58,0,0,0,1,0.673,1
ORD-13497,Wahab Sarraf,Fashion,2590.43,0,22,0.343,108,0,0,1,1,0.211,1
ORD-13498,Ishaan Bail,Electronics,4897.88,0,17,0.226,12,0,0,0,0,0.162,0
ORD-13499,Bahadurjit Madan,Home & Kitchen,4129.81,1,15,0.228,181,0,0,0,0,0.277,0
ORD-13500,Leena Mital,Mobiles,2713.37,0,18,0.209,285,0,0,0,1,0.382,0
ORD-13501,Darpan Mallick,Fashion,3207.84,1,14,0.513,736,0,0,1,0,0.342,1
ORD-13502,Warhi Bahl,Mobiles,8776.86,0,7,0.231,100,1,0,1,0,0.446,0
ORD-13503,Leena Sawhney,Mobiles,3177.96,1,7,0.376,300,0,0,0,0,0.222,0
ORD-13504,Udarsh Jha,Mobiles,5548.49,1,7,0.49,18,0,0,0,0,0.495,1
ORD-13505,Qarin Sankar,Electronics,1715.08,1,31,0.219,592,0,1,0,0,0.345,1
ORD-13506,Dalaja Balay,Fashion,6204.62,1,18,0.227,66,0,0,0,0,0.191,1
ORD-13507,Atharv Nayar,Mobiles,7636.47,1,14,0.361,156,1,0,1,0,0.418,1
ORD-13508,Tarak Bala,Mobiles,2585.39,1,6,0.439,263,0,0,0,0,0.265,1
ORD-13509,Radha Sane,Electronics,2379.59,1,13,0.201,64,0,0,0,1,0.301,0
ORD-13510,Ikbal Rama,Electronics,5231.7,1,7,0.354,291,0,0,0,0,0.289,1
ORD-13511,Ubika Samra,Electronics,2666.99,1,5,0.23,67,0,0,0,0,0.237,0
ORD-13512,Nicholas Raj,Electronics,4608.66,1,17,0.214,47,0,0,0,0,0.379,0
ORD-13513,Wazir Deo,Fitness,6320.35,1,3,0.164,877,2,0,0,0,0.556,0
ORD-13514,Avni Mahal,Mobiles,11983.08,0,13,0.268,96,0,0,0,1,0.439,0
ORD-13515,Zaid Merchant,Mobiles,6319.28,1,8,0.13,7,1,0,0,1,0.305,0
ORD-13516,Megha Barad,Mobiles,4705.99,1,16,0.2,43,0,0,0,0,0.165,1
ORD-13517,Janaki Luthra,Fashion,2468.37,0,8,0.343,74,0,0,0,0,0.273,0
ORD-13518,Advik Dash,Fashion,5794.38,0,4,0.384,49,0,0,0,1,0.321,0
ORD-13519,Ekani Lalla,Mobiles,17750.16,1,16,0.286,61,0,0,0,1,0.514,1
ORD-13520,Sachi Shere,Fashion,3780.6,0,12,0.468,399,0,1,0,0,0.331,1
ORD-13521,Ria Andra,Fashion,6963.88,1,12,0.128,89,0,0,0,0,0.36,0
ORD-13522,Balhaar Parmer,Electronics,4355.49,0,7,0.158,0,0,1,0,0,0.07,0
ORD-13523,Tejas Rege,Beauty,14432.99,0,9,0.205,32,0,1,0,0,0.25,0
ORD-13524,Fariq Malhotra,Fashion,908.6,0,8,0.194,254,1,0,0,1,0.136,0
ORD-13525,Devansh Sastry,Fitness,2702.7,1,7,0.376,512,0,0,0,0,0.374,0
ORD-13526,Aarna Majumdar,Fashion,7510.18,0,11,0.317,60,0,0,0,1,0.45,1
ORD-13527,Warda Datta,Beauty,7017.12,1,20,0.147,7,0,1,0,0,0.625,1
ORD-13528,Owen Din,Mobiles,5154.63,0,7,0.261,196,0,0,1,0,0.114,0
ORD-13529,Viraj Contractor,Electronics,9053.46,0,7,0.322,247,0,0,0,0,0.552,1
ORD-13530,Qarin Toor,Electronics,3311.05,0,11,0.351,936,0,1,0,1,0.314,0
ORD-13531,Edhitha Barman,Mobiles,7930.3,0,30,0.298,186,0,0,0,1,0.398,1
ORD-13532,Darsh Lad,Mobiles,6731.8,1,33,0.213,362,0,0,1,0,0.124,1
ORD-13533,Amol Pandit,Fashion,4097.03,1,10,0.154,172,0,0,0,1,0.378,1
ORD-13534,Wahab Palla,Home & Kitchen,3758.13,1,21,0.226,460,0,0,0,0,0.267,0
ORD-13535,Faras Tripathi,Electronics,4434.61,1,7,0.159,472,0,0,0,1,0.089,0
ORD-13536,Isaiah Vaidya,Fashion,3298.99,0,4,0.364,16,0,0,0,0,0.601,1
ORD-13537,Warjas Jani,Fitness,4647.2,0,15,0.058,233,0,0,0,0,0.145,1
ORD-13538,Kamya Sagar,Beauty,2002.69,1,3,0.327,46,1,0,0,0,0.277,0
ORD-13539,Pooja Mandal,Home & Kitchen,1927.79,1,2,0.357,495,0,0,0,0,0.134,1
ORD-13540,Aryan Narain,Fashion,7984.84,1,28,0.279,134,0,0,0,0,0.457,0
ORD-13541,Gautami Reddy,Mobiles,4412.82,1,11,0.182,59,0,0,0,0,0.283,1
ORD-13542,Upma Menon,Fitness,12599.19,0,20,0.104,2,0,0,0,0,0.251,0
ORD-13543,Naveen Pillay,Fashion,6048.5,0,8,0.139,186,1,0,1,0,0.065,0
ORD-13544,Bina Doctor,Electronics,20698.74,1,12,0.279,5,0,0,0,1,0.541,0
ORD-13545,Hitesh Kakar,Fashion,7198.92,1,15,0.448,77,0,0,1,0,0.344,1
ORD-13546,Yasti Trivedi,Home & Kitchen,1432.11,0,8,0.253,434,1,1,0,0,0.2,1
ORD-13547,Tanveer Radhakrishnan,Electronics,2992.6,0,16,0.345,776,0,0,0,0,0.537,0
ORD-13548,Mason Raj,Fashion,2447.44,0,15,0.316,147,0,0,0,1,0.147,0
ORD-13549,Faras Kapur,Electronics,1901.86,1,16,0.391,490,0,1,0,0,0.208,1
ORD-13550,Jairaj Wable,Mobiles,5732.46,1,4,0.176,159,0,0,0,1,0.213,0
ORD-13551,Urmi Vohra,Beauty,6479.76,0,13,0.228,60,0,0,1,0,0.41,0
ORD-13552,Edhitha Luthra,Mobiles,6614.49,1,5,0.183,164,0,0,0,0,0.094,1
ORD-13553,Chaaya Kohli,Electronics,1979.91,0,19,0.413,246,1,0,0,0,0.285,1
ORD-13554,Xavier Pathak,Electronics,7700.68,0,10,0.308,903,0,0,0,0,0.672,0
ORD-13555,Tamanna Murty,Mobiles,2226.92,1,8,0.8,33,2,0,1,0,0.391,1
ORD-13556,Wridesh Saxena,Fashion,4293.38,0,14,0.195,54,0,1,0,0,0.228,0
ORD-13557,Janaki Buch,Mobiles,1674.63,1,21,0.258,22,0,0,0,1,0.378,0
ORD-13558,Yashasvi Bose,Electronics,2376.57,0,8,0.237,300,1,0,1,1,0.372,0
ORD-13559,Veda Karpe,Electronics,5907.25,0,8,0.17,270,0,1,0,1,0.178,1
ORD-13560,Omya Karpe,Fashion,800.79,0,10,0.117,49,0,0,1,0,0.496,1
ORD-13561,Yash Reddy,Fashion,5902.28,1,15,0.221,96,0,0,1,1,0.193,1
ORD-13562,Abha Mangat,Electronics,7870.9,1,11,0.253,96,0,0,0,1,0.196,0
ORD-13563,Dipta Dalal,Mobiles,3818.56,0,10,0.522,172,0,0,1,0,0.407,1
ORD-13564,Nilima Sama,Mobiles,1947.35,0,6,0.169,63,0,1,0,1,0.171,0
ORD-13565,Warda Hora,Electronics,2315.88,0,25,0.533,140,2,0,0,0,0.445,0
ORD-13566,Sudiksha Aurora,Mobiles,3929.71,0,9,0.63,408,0,0,0,0,0.67,0
ORD-13567,Jai Sahota,Fitness,7218.86,1,25,0.415,158,1,0,0,1,0.386,1
ORD-13568,Upma Chaudhuri,Fitness,1854.98,0,5,0.476,149,1,1,0,1,0.49,1
ORD-13569,Bahadurjit Sankar,Fashion,7440.93,0,7,0.462,49,1,0,0,0,0.132,1
ORD-13570,Ojas Bora,Fashion,2159.8,1,36,0.289,14,1,0,0,1,0.403,0
ORD-13571,Yutika Wagle,Fashion,9428.47,1,14,0.127,47,0,0,0,0,0.385,0
ORD-13572,Pahal Pandya,Fitness,5072.47,0,12,0.692,116,1,1,0,0,0.4,1
ORD-13573,Neelima Khurana,Electronics,5802.02,0,22,0.316,494,0,0,0,0,0.251,0
ORD-13574,Jagat Nayar,Mobiles,10321.53,0,15,0.208,273,0,0,0,0,0.086,0
ORD-13575,Hritik Bath,Electronics,8371.41,0,13,0.251,55,0,0,0,1,0.228,0
ORD-13576,Isha Sen,Mobiles,4919.46,0,18,0.269,126,0,1,0,1,0.457,0
ORD-13577,Shivani Sarin,Fashion,5380.71,0,10,0.223,121,0,0,0,1,0.281,0
ORD-13578,Vansha Desai,Fitness,1836.66,1,7,0.04,117,1,0,0,0,0.486,0
ORD-13579,Yashodhara Chacko,Fitness,3653.61,0,14,0.347,125,0,1,0,0,0.224,1
ORD-13580,Abhimanyu Pingle,Electronics,5737.44,0,9,0.391,24,0,0,1,0,0.213,0
ORD-13581,Ladli Nagi,Fashion,3574.76,1,9,0.383,172,1,0,0,1,0.344,0
ORD-13582,Patrick Trivedi,Electronics,5316.0,1,21,0.173,56,1,0,0,0,0.268,1
ORD-13583,Gunbir Kata,Electronics,2464.62,0,8,0.435,447,0,0,0,0,0.343,0
ORD-13584,Wakeeta Om,Fitness,6463.11,0,11,0.299,98,1,0,0,0,0.316,0
ORD-13585,Zarna Vohra,Home & Kitchen,7082.66,1,6,0.378,232,0,0,0,0,0.302,1
ORD-13586,Bhavika Naidu,Beauty,4172.84,1,16,0.093,142,0,0,1,0,0.249,1
ORD-13587,Eiravati Gokhale,Home & Kitchen,6790.52,1,2,0.313,303,0,0,0,0,0.159,1
ORD-13588,Benjamin Kade,Mobiles,5857.41,0,33,0.44,225,1,0,0,1,0.384,0
ORD-13589,Zilmil Mall,Fashion,4254.06,0,18,0.336,190,0,0,0,0,0.195,0
ORD-13590,Hardik Palan,Fashion,7736.97,1,3,0.256,7,0,0,0,0,0.315,1
ORD-13591,Noah Dani,Electronics,7869.12,0,11,0.184,29,0,0,0,0,0.371,0
ORD-13592,Anusha Sur,Fashion,2875.88,0,9,0.75,329,0,0,0,0,0.243,1
ORD-13593,Udarsh Gara,Fashion,3760.77,1,10,0.311,7,1,0,0,0,0.503,0
ORD-13594,Aashi Cherian,Electronics,6360.51,0,14,0.278,30,0,0,0,0,0.125,0
ORD-13595,Arya Dhaliwal,Beauty,4099.65,0,18,0.264,62,0,0,0,0,0.25,1
ORD-13596,Samuel Trivedi,Home & Kitchen,7451.78,0,19,0.389,215,1,0,0,0,0.192,1
ORD-13597,Ayaan Baral,Fashion,4200.42,0,8,0.239,26,0,0,0,1,0.568,0
ORD-13598,Abeer Suresh,Beauty,4155.76,1,12,0.285,334,0,0,1,1,0.441,1
ORD-13599,Kala Jani,Mobiles,16084.56,1,24,0.181,52,0,0,0,0,0.194,0
ORD-13600,Pooja Saxena,Fitness,4522.65,0,10,0.359,76,1,0,0,0,0.445,1
ORD-13601,Sudiksha Merchant,Mobiles,5926.5,1,8,0.259,233,0,1,0,1,0.239,1
ORD-13602,Jagdish Saxena,Beauty,5871.82,0,6,0.231,5,1,0,1,1,0.186,0
ORD-13603,Wakeeta Lall,Fitness,1499.1,0,17,0.323,55,0,0,0,0,0.417,0
ORD-13604,Laksh Mallick,Electronics,6191.71,1,35,0.208,2,0,0,0,0,0.374,0
ORD-13605,Irya Brar,Beauty,4015.46,0,8,0.258,2,0,0,1,0,0.486,0
ORD-13606,Falan Narain,Home & Kitchen,4182.97,1,7,0.244,567,0,0,0,1,0.254,0
ORD-13607,Yashica Nayak,Electronics,16696.74,0,29,0.18,129,0,0,0,0,0.22,0
ORD-13608,Sudiksha Varghese,Fashion,2686.86,1,4,0.382,103,1,0,0,0,0.234,0
ORD-13609,Divya Barad,Fashion,4732.49,1,5,0.329,335,0,0,0,0,0.515,0
ORD-13610,Harish Verma,Home & Kitchen,1579.98,0,14,0.11,48,0,0,0,1,0.111,1
ORD-13611,Ranveer Banik,Home & Kitchen,4141.82,0,12,0.094,817,0,0,0,1,0.157,0
ORD-13612,Yatan Devan,Electronics,2833.35,0,7,0.173,255,0,0,0,1,0.119,1
ORD-13613,Thomas Hayre,Fashion,6550.55,0,7,0.759,91,1,0,0,0,0.452,1
ORD-13614,Upma Doshi,Fitness,2119.88,0,10,0.472,217,1,0,0,0,0.615,1
ORD-13615,Rachit Taneja,Fitness,2795.32,1,12,0.76,320,0,0,0,0,0.589,1
ORD-13616,Karan Issac,Electronics,6233.37,0,24,0.374,299,0,0,0,0,0.207,0
ORD-13617,Zaitra Kala,Electronics,2828.69,0,8,0.109,75,1,0,0,0,0.16,0
ORD-13618,Radha Bhavsar,Electronics,5001.7,0,13,0.156,120,0,0,0,0,0.224,0
ORD-13619,Sathvik Gokhale,Fitness,6886.54,1,7,0.068,95,0,0,0,1,0.132,0
ORD-13620,Omya Lall,Mobiles,2517.8,0,17,0.319,325,1,1,0,0,0.426,0
ORD-13621,Wahab Palla,Mobiles,3897.17,0,9,0.388,77,0,0,0,0,0.223,1
ORD-13622,Pranit Mital,Home & Kitchen,3710.05,0,10,0.189,83,0,0,0,0,0.184,0
ORD-13623,Brinda Sundaram,Electronics,12669.25,0,1,0.151,19,0,0,1,0,0.09,0
ORD-13624,Manya Parikh,Electronics,10339.93,0,23,0.286,56,1,0,0,1,0.239,0
ORD-13625,Chakrika Char,Electronics,2283.71,0,9,0.305,527,0,0,0,0,0.447,0
ORD-13626,Isaiah Mani,Mobiles,4533.09,0,3,0.507,309,0,0,0,0,0.455,1
ORD-13627,Sanya Nanda,Electronics,6528.29,1,17,0.392,147,0,0,0,1,0.305,1
ORD-13628,Pavani D’Alia,Fashion,3398.56,1,8,0.227,86,0,0,0,0,0.475,0
ORD-13629,Ucchal Nagar,Fashion,2811.69,0,18,0.132,29,0,0,0,0,0.165,0
ORD-13630,Idika Rao,Electronics,1559.53,1,10,0.405,133,1,1,0,0,0.162,1
ORD-13631,Veda Suresh,Electronics,2900.02,0,6,0.276,487,0,0,0,0,0.348,0
ORD-13632,Wahab Balakrishnan,Home & Kitchen,2925.82,0,11,0.208,76,0,1,0,1,0.102,0
ORD-13633,Amrita Tripathi,Home & Kitchen,6373.49,0,8,0.254,68,0,0,0,0,0.421,1
ORD-13634,Nilima Bhat,Electronics,4324.88,1,15,0.387,92,0,1,1,0,0.462,1
ORD-13635,Advika Nadkarni,Fitness,4935.32,0,12,0.412,209,1,0,0,0,0.345,1
ORD-13636,Mahika Sathe,Fashion,2916.54,0,19,0.446,204,1,0,0,0,0.495,1
ORD-13637,Mohini Lad,Electronics,3002.08,1,10,0.164,102,0,0,0,0,0.679,1
ORD-13638,Amrita Sunder,Home & Kitchen,5469.65,0,9,0.297,15,0,0,0,1,0.262,0
ORD-13639,Harinakshi Bath,Electronics,3328.08,0,11,0.151,114,0,0,0,0,0.101,0
ORD-13640,Sara Rout,Fashion,5642.78,0,12,0.448,113,0,0,0,1,0.294,1
ORD-13641,Ojas Wason,Fitness,12545.24,0,7,0.034,186,0,0,0,0,0.222,0
ORD-13642,Imaran Narayan,Fashion,13199.07,1,5,0.191,173,0,0,0,0,0.194,0
ORD-13643,Anmol Bail,Fashion,11149.22,0,12,0.259,96,0,0,0,0,0.323,0
ORD-13644,Gautam Nath,Fitness,3200.54,1,11,0.11,414,0,0,0,0,0.446,1
ORD-13645,Dev Bawa,Fashion,4513.9,0,12,0.369,177,0,0,1,0,0.241,1
ORD-13646,Janaki Wason,Electronics,9817.54,0,5,0.277,431,0,0,0,0,0.299,0
ORD-13647,Naksh Wason,Home & Kitchen,9594.04,0,10,0.109,133,1,0,0,0,0.192,0
ORD-13648,Veer Mannan,Electronics,6552.39,0,10,0.321,1352,0,0,0,0,0.311,0
ORD-13649,Kashvi Narula,Home & Kitchen,11993.02,0,15,0.179,194,1,0,0,0,0.21,0
ORD-13650,Tanveer Kothari,Mobiles,3354.66,0,12,0.54,110,0,0,1,0,0.365,1
ORD-13651,Balendra Bahri,Fashion,2745.07,1,31,0.243,63,0,0,0,0,0.172,0
ORD-13652,Yachana Rao,Home & Kitchen,6176.26,1,16,0.136,326,0,0,0,0,0.159,1
ORD-13653,Brijesh Dugar,Electronics,4974.72,0,13,0.187,176,0,1,0,0,0.441,0
ORD-13654,Charvi Bajwa,Beauty,5803.27,0,22,0.155,21,0,0,0,1,0.065,0
ORD-13655,Yug Bandi,Fitness,3814.82,1,5,0.595,96,0,0,0,0,0.341,1
ORD-13656,Jatin Purohit,Fashion,7582.22,1,10,0.363,108,1,0,0,1,0.405,0
ORD-13657,Karan Madan,Beauty,6457.87,0,13,0.135,82,0,0,0,1,0.239,0
ORD-13658,Faraj Borah,Fitness,3848.92,1,12,0.115,562,1,0,0,0,0.145,0
ORD-13659,Anmol Aurora,Home & Kitchen,5207.68,0,6,0.323,127,0,0,1,0,0.597,0
ORD-13660,Girish Raman,Fitness,3544.26,0,24,0.418,15,0,0,0,0,0.379,1
ORD-13661,Devika Naik,Electronics,5815.37,0,11,0.195,417,0,0,0,1,0.375,0
ORD-13662,Yauvani Bajaj,Fashion,3508.61,0,18,0.353,30,0,0,0,0,0.377,0
ORD-13663,Anusha Shanker,Mobiles,16544.16,0,30,0.148,90,0,0,0,1,0.263,0
ORD-13664,Harish Lalla,Electronics,8382.41,0,13,0.283,705,0,0,0,0,0.466,0
ORD-13665,Krisha Manne,Mobiles,1770.5,0,13,0.669,235,0,0,0,0,0.477,1
ORD-13666,Girik Kapadia,Fashion,1580.4,0,6,0.245,146,0,0,0,0,0.204,0
ORD-13667,Arya Subramanian,Electronics,3231.51,1,24,0.215,117,0,0,0,0,0.256,0
ORD-13668,Yashawini Konda,Mobiles,10819.49,1,10,0.313,74,0,0,0,0,0.061,0
ORD-13669,Anay Taneja,Beauty,6456.75,0,2,0.265,902,1,0,0,1,0.394,1
ORD-13670,Kashish Chokshi,Fitness,5340.86,1,25,0.537,276,1,0,0,0,0.593,1
ORD-13671,Udarsh Bakshi,Electronics,2411.33,0,11,0.108,454,1,0,0,1,0.293,0
ORD-13672,Vincent Sekhon,Fashion,10447.18,1,11,0.146,13,0,0,0,1,0.509,0
ORD-13673,Vansha Chopra,Fashion,4495.65,0,10,0.366,148,0,0,1,1,0.27,0
ORD-13674,Gaurangi Dhawan,Mobiles,5500.49,1,15,0.352,145,0,0,1,0,0.249,1
ORD-13675,Girish Gara,Mobiles,6097.27,0,3,0.162,38,0,0,0,0,0.124,0
ORD-13676,Vrishti Krish,Mobiles,5250.0,0,14,0.273,396,0,0,0,0,0.483,0
ORD-13677,Lohit Rau,Fashion,5357.82,0,34,0.375,24,0,0,0,1,0.532,1
ORD-13678,Viraj Bhargava,Electronics,2196.39,1,19,0.255,169,0,0,0,0,0.234,0
ORD-13679,Zayyan Sabharwal,Fashion,4709.51,0,12,0.433,114,0,0,0,1,0.273,0
ORD-13680,Geetika Dora,Home & Kitchen,1521.6,0,11,0.152,193,3,0,0,0,0.195,0
ORD-13681,Ekanta Ray,Electronics,5037.14,1,6,0.306,224,1,0,1,0,0.456,0
ORD-13682,Amrita Kadakia,Home & Kitchen,3607.22,0,8,0.274,35,2,0,0,1,0.186,1
ORD-13683,Xalak Munshi,Mobiles,8324.95,0,28,0.447,247,1,1,0,0,0.276,1
ORD-13684,Ekanta Shenoy,Home & Kitchen,5110.53,0,13,0.469,159,0,1,0,1,0.731,1
ORD-13685,Yoshita Bumb,Fashion,7453.73,0,24,0.336,24,0,0,0,1,0.276,0
ORD-13686,Pavani Brahmbhatt,Home & Kitchen,6328.96,0,13,0.38,2,1,0,0,0,0.365,0
ORD-13687,Joshua Arya,Mobiles,7924.76,0,3,0.351,2,2,0,0,0,0.511,0
ORD-13688,Zinal Dara,Mobiles,3687.42,1,6,0.554,116,0,0,0,0,0.394,1
ORD-13689,Rudra Sarma,Mobiles,2918.71,0,20,0.303,59,0,0,0,1,0.105,1
ORD-13690,Balvan Samra,Fitness,7813.73,0,11,0.058,618,0,0,0,0,0.115,0
ORD-13691,Onkar Vohra,Fitness,3270.15,0,15,0.137,20,1,1,0,0,0.456,0
ORD-13692,Logan Sahota,Electronics,2696.25,0,3,0.322,203,0,0,0,0,0.154,0
ORD-13693,Aditya Minhas,Electronics,4023.93,1,9,0.288,13,0,0,0,0,0.231,0
ORD-13694,Radhika Menon,Home & Kitchen,2346.42,0,7,0.093,235,0,0,0,1,0.259,0
ORD-13695,Ekantika Prabhu,Fashion,8612.76,0,8,0.169,257,0,0,0,0,0.128,0
ORD-13696,Lohit Mannan,Mobiles,13511.49,1,11,0.355,133,1,0,0,0,0.347,1
ORD-13697,Kamya Venkataraman,Beauty,2941.83,0,18,0.199,458,0,0,0,1,0.357,0
ORD-13698,Urmi Shere,Mobiles,3077.96,1,8,0.239,248,0,0,1,0,0.352,1
ORD-13699,Ganga Deshmukh,Fashion,3579.84,0,9,0.226,10,1,0,0,0,0.322,0
ORD-13700,Urvi Anne,Electronics,5053.54,0,11,0.239,716,0,0,0,0,0.185,0
ORD-13701,Omaja Gola,Fashion,7014.49,1,9,0.325,34,0,1,0,1,0.311,1
ORD-13702,Upma Bhavsar,Electronics,4075.33,1,9,0.263,141,1,0,0,0,0.124,1
ORD-13703,Devika Guha,Beauty,6286.73,0,15,0.117,122,0,0,0,0,0.317,0
ORD-13704,Girindra Yogi,Electronics,2583.9,0,15,0.476,310,0,0,0,0,0.328,1
ORD-13705,Ganga Chandra,Home & Kitchen,3470.58,1,15,0.162,36,0,0,0,1,0.324,0
ORD-13706,Upadhriti Dugar,Fashion,12451.18,0,26,0.206,73,1,0,0,1,0.081,1
ORD-13707,Inaya Kara,Mobiles,2677.01,0,16,0.248,903,2,0,0,0,0.722,0
ORD-13708,Akshay Hans,Fashion,1903.55,1,19,0.37,33,0,0,0,0,0.545,0
ORD-13709,Bhavani Sandhu,Beauty,3285.67,0,13,0.144,102,1,0,0,0,0.297,1
ORD-13710,Jhalak Rau,Mobiles,3714.88,1,18,0.57,215,1,1,0,1,0.276,1
ORD-13711,Samaksh Brahmbhatt,Fashion,3217.05,1,22,0.283,152,0,0,0,1,0.219,0
ORD-13712,Harshil Kalita,Fashion,2414.06,0,9,0.194,89,0,0,1,1,0.246,0
ORD-13713,Pranav Lall,Fashion,5142.47,0,15,0.18,426,1,0,0,1,0.054,0
ORD-13714,Jonathan Vig,Electronics,5711.16,1,11,0.592,119,1,0,0,0,0.324,1
ORD-13715,Ganga Malhotra,Electronics,3958.41,1,2,0.294,40,0,0,0,0,0.433,1
ORD-13716,Shaurya Ganguly,Beauty,4096.15,0,25,0.308,86,0,0,1,1,0.207,1
ORD-13717,Vincent Kalita,Electronics,7691.42,1,9,0.357,97,0,0,0,0,0.356,0
ORD-13718,Manan Dhar,Mobiles,4781.7,1,7,0.208,258,0,0,1,0,0.292,1
ORD-13719,Vaishnavi Acharya,Home & Kitchen,3013.6,0,20,0.308,24,1,0,0,0,0.201,1
ORD-13720,Faras Ben,Electronics,1800.49,0,5,0.244,126,0,0,1,0,0.211,0
ORD-13721,Yasti Sarraf,Home & Kitchen,4537.31,1,10,0.192,463,0,0,1,0,0.254,1
ORD-13722,Urmi Narain,Beauty,5245.1,1,10,0.192,213,1,1,0,1,0.157,0
ORD-13723,Xiti Dalal,Fashion,3004.04,1,12,0.268,14,0,0,0,0,0.258,1
ORD-13724,Maya Purohit,Fashion,10002.89,0,7,0.186,482,0,0,0,1,0.15,0
ORD-13725,Urvi Pant,Electronics,3437.53,1,14,0.21,302,0,1,0,1,0.155,0
ORD-13726,Edhitha Wali,Home & Kitchen,4245.62,1,13,0.075,357,0,0,0,0,0.223,0
ORD-13727,Tanish Ganesan,Beauty,9580.55,1,9,0.339,137,1,1,1,1,0.623,0
ORD-13728,Luke Sarkar,Electronics,9306.5,0,36,0.217,40,0,0,0,1,0.425,0
ORD-13729,Vrishti Krishna,Home & Kitchen,2940.04,1,26,0.406,74,1,0,0,1,0.253,1
ORD-13730,Radhika Pall,Beauty,5545.68,1,11,0.195,106,0,0,0,1,0.562,1
ORD-13731,Aryan Pau,Electronics,1335.06,1,7,0.233,30,1,0,0,0,0.146,1
ORD-13732,Hiral Samra,Beauty,5498.76,1,8,0.189,439,0,0,0,1,0.341,1
ORD-13733,Rayaan Raja,Fashion,4457.39,0,11,0.358,377,0,0,0,0,0.496,1
ORD-13734,Praneel Anne,Electronics,7742.84,1,9,0.247,104,0,0,0,1,0.159,0
ORD-13735,Riya Patel,Beauty,3124.03,0,16,0.218,322,0,0,0,0,0.343,0
ORD-13736,Abdul Mukherjee,Home & Kitchen,4149.66,0,11,0.298,66,0,0,0,0,0.466,0
ORD-13737,Girindra Pillay,Electronics,9751.99,0,8,0.073,22,0,0,0,0,0.153,0
ORD-13738,Yadavi Arya,Electronics,8111.39,0,34,0.162,163,0,0,0,0,0.29,0
ORD-13739,Bahadurjit Maharaj,Fashion,12961.93,0,17,0.191,47,0,0,0,0,0.218,0
ORD-13740,Mitali Bassi,Fitness,9333.69,0,6,0.269,695,2,0,0,1,0.455,0
ORD-13741,Anusha Bhandari,Fashion,6305.38,1,11,0.472,361,0,0,0,1,0.49,0
ORD-13742,Urishilla Sha,Beauty,2656.1,0,21,0.323,5,0,0,0,0,0.665,0
ORD-13743,Oscar Solanki,Fashion,4174.64,0,15,0.349,165,0,0,0,0,0.248,0
ORD-13744,Balvan Pingle,Mobiles,4954.96,0,20,0.344,37,0,0,0,1,0.139,1
ORD-13745,Michael Goel,Mobiles,1609.6,0,10,0.223,53,0,0,0,1,0.408,1
ORD-13746,Fitan Saini,Fitness,17530.49,1,13,0.062,165,0,0,0,0,0.199,0
ORD-13747,Daksh Sawhney,Beauty,6690.86,0,18,0.172,131,1,0,0,0,0.32,0
ORD-13748,Dipta Chatterjee,Fitness,8406.85,0,22,0.348,117,0,0,0,1,0.24,0
ORD-13749,Rishi Badal,Fashion,6288.25,0,19,0.286,8,0,0,0,0,0.296,0
ORD-13750,Edhitha Gara,Beauty,4439.28,0,21,0.041,21,0,0,1,1,0.416,0
ORD-13751,Zaitra Atwal,Home & Kitchen,4450.5,1,16,0.539,112,0,1,0,0,0.348,1
ORD-13752,Omaja Bhat,Fitness,4105.64,1,16,0.077,133,0,1,0,0,0.237,1
ORD-13753,Reyansh Thaker,Fitness,5275.92,1,12,0.196,376,0,0,1,1,0.155,0
ORD-13754,Amara Chacko,Fashion,4860.61,0,15,0.334,28,0,0,0,0,0.579,1
ORD-13755,Sachi Basu,Beauty,4380.46,0,6,0.363,242,0,1,0,0,0.158,1
ORD-13756,Rushil Tiwari,Electronics,7553.78,0,7,0.286,554,1,0,0,1,0.304,0
ORD-13757,Oscar Aggarwal,Mobiles,5381.86,0,22,0.163,66,0,0,0,0,0.27,0
ORD-13758,Anusha Panchal,Fashion,4057.2,1,9,0.252,581,0,0,0,1,0.123,1
ORD-13759,Harita Shukla,Mobiles,7194.95,0,26,0.359,102,0,0,0,1,0.367,1
ORD-13760,Ubika Chakrabarti,Home & Kitchen,4154.89,0,25,0.0,93,0,0,0,1,0.346,0
ORD-13761,Gautam Gopal,Home & Kitchen,3125.72,1,28,0.5,44,1,0,0,0,0.365,1
ORD-13762,Quincy Nadkarni,Home & Kitchen,8566.78,1,6,0.204,2,0,0,0,0,0.201,0
ORD-13763,Omkaar Anne,Electronics,1096.3,0,14,0.104,517,0,0,0,0,0.123,1
ORD-13764,Kavya Sharma,Fashion,1388.11,0,11,0.409,36,2,0,0,0,0.459,1
ORD-13765,Yatin Morar,Electronics,1483.0,1,2,0.215,91,0,0,0,0,0.198,0
ORD-13766,Kevin Mukherjee,Mobiles,1781.77,0,10,0.211,10,0,0,0,0,0.432,1
ORD-13767,Ladli Mangat,Electronics,5576.26,0,8,0.301,387,0,0,0,0,0.411,0
ORD-13768,Arya Dey,Mobiles,6791.06,0,24,0.129,83,0,0,1,1,0.374,0
ORD-13769,Odika Kara,Electronics,5969.45,1,11,0.218,111,0,0,0,0,0.317,0
ORD-13770,Anjali Iyengar,Beauty,1793.59,1,11,0.219,1,0,0,0,1,0.23,0
ORD-13771,Chakrika Lad,Electronics,3618.31,0,26,0.347,1113,0,0,0,0,0.122,1
ORD-13772,Aishani Chanda,Fitness,7308.71,1,10,0.13,383,0,0,0,0,0.09,0
ORD-13773,Isha Patla,Electronics,4356.75,0,11,0.183,83,0,0,0,0,0.093,0
ORD-13774,Shivani Garde,Fashion,2774.02,1,16,0.45,99,0,0,1,0,0.258,1
ORD-13775,Lekha Dugal,Electronics,2505.12,1,2,0.423,219,1,0,1,0,0.458,0
ORD-13776,Radha Palan,Electronics,7140.04,0,13,0.244,435,0,0,1,0,0.368,1
ORD-13777,Sarthak Oommen,Home & Kitchen,1303.15,1,9,0.484,110,0,0,0,1,0.382,1
ORD-13778,Gautam Varghese,Home & Kitchen,6822.23,1,8,0.385,167,0,0,1,1,0.447,0
ORD-13779,Aarna Kamdar,Home & Kitchen,3630.55,1,2,0.174,2,1,0,0,0,0.619,1
ORD-13780,Advika Balay,Electronics,3194.03,1,15,0.428,203,0,0,0,1,0.348,1
ORD-13781,Zansi Grewal,Fitness,1469.85,0,6,0.306,3,0,0,0,0,0.278,0
ORD-13782,Logan Sibal,Fitness,4761.99,0,6,0.151,143,0,0,0,0,0.183,0
ORD-13783,Kashish Purohit,Beauty,8820.67,1,10,0.326,428,1,0,0,0,0.371,1
ORD-13784,Ekantika Cheema,Mobiles,4249.02,1,27,0.278,5,0,0,0,1,0.302,1
ORD-13785,Abhiram Dutt,Fashion,10030.16,0,14,0.268,143,0,1,0,0,0.303,1
ORD-13786,Vaishnavi Natt,Electronics,4956.44,0,18,0.351,316,2,0,0,0,0.551,1
ORD-13787,Harish Grover,Fashion,1449.15,1,3,0.711,115,1,1,0,0,0.625,1
ORD-13788,Damini Gaba,Fashion,6806.88,1,25,0.201,120,0,0,0,0,0.15,0
ORD-13789,Quincy Bains,Mobiles,6535.65,0,7,0.199,120,0,0,0,1,0.309,0
ORD-13790,Tanmayi Saran,Mobiles,5021.55,1,12,0.308,166,2,0,0,0,0.14,1
ORD-13791,Urvashi Kohli,Mobiles,14247.57,1,16,0.205,2,1,0,0,0,0.273,1
ORD-13792,Kashvi Nazareth,Fashion,19436.6,0,9,0.344,295,0,0,0,0,0.281,0
ORD-13793,Nandini Mital,Mobiles,3545.29,0,13,0.152,45,0,0,0,1,0.578,1
ORD-13794,Vivaan Tripathi,Fashion,7913.5,0,8,0.295,361,0,0,0,1,0.433,0
ORD-13795,Oviya Sandhu,Fitness,6184.91,0,16,0.32,527,1,1,0,0,0.612,1
ORD-13796,Nandini Balakrishnan,Mobiles,2438.39,1,4,0.16,472,0,0,0,0,0.291,0
ORD-13797,Yauvani Ganesan,Electronics,12376.29,1,13,0.3,13,1,0,0,0,0.293,0
ORD-13798,Rushil Dewan,Electronics,7645.11,0,17,0.34,428,0,0,0,0,0.221,0
ORD-13799,Gauri Bhagat,Mobiles,3171.78,0,16,0.515,319,1,1,1,1,0.276,1
ORD-13800,Dayamai Dhaliwal,Electronics,2867.35,0,7,0.325,182,0,1,0,0,0.511,1
ORD-13801,Tara Randhawa,Electronics,3453.92,0,3,0.492,165,0,0,0,1,0.231,1
ORD-13802,Triveni Acharya,Fitness,5913.68,0,9,0.255,162,0,0,0,0,0.578,0
ORD-13803,Sai Gera,Electronics,8277.97,1,18,0.164,416,0,1,0,1,0.274,0
ORD-13804,Damyanti Buch,Electronics,13758.48,1,9,0.477,67,1,0,0,0,0.173,1
ORD-13805,Warinder Jani,Electronics,2758.28,0,19,0.121,212,1,0,0,0,0.122,0
ORD-13806,Gautam Konda,Mobiles,6061.22,1,10,0.368,415,0,0,0,0,0.283,1
ORD-13807,Kavya Ahluwalia,Mobiles,2731.4,1,13,0.286,144,0,0,0,0,0.823,1
ORD-13808,Nathaniel Padmanabhan,Mobiles,2913.33,0,15,0.402,485,0,0,0,1,0.477,0
ORD-13809,Urishilla Ramesh,Mobiles,1495.65,1,17,0.317,309,1,0,0,0,0.282,0
ORD-13810,Urmi Puri,Fashion,4057.06,1,12,0.175,106,0,0,0,1,0.374,0
ORD-13811,Xavier Char,Beauty,4395.64,1,17,0.482,181,0,0,0,0,0.317,0
ORD-13812,Kabir Nadkarni,Fashion,5877.79,0,5,0.568,22,1,1,1,1,0.587,1
ORD-13813,Mugdha Narain,Fitness,1721.79,0,14,0.229,31,0,1,0,0,0.089,0
ORD-13814,Panini Ramesh,Fitness,2248.84,0,16,0.219,662,2,1,0,0,0.172,0
ORD-13815,Idika Suresh,Electronics,2626.34,1,12,0.162,153,0,0,0,0,0.287,0
ORD-13816,Tristan Gokhale,Fashion,6512.24,0,10,0.355,160,0,0,0,0,0.636,1
ORD-13817,Jyoti Pathak,Beauty,8239.27,0,19,0.18,63,0,0,0,0,0.45,0
ORD-13818,Yachana Agarwal,Fashion,13516.24,0,22,0.217,58,0,0,0,0,0.298,0
ORD-13819,Faras Karpe,Mobiles,694.38,0,14,0.214,62,0,0,0,0,0.069,0
ORD-13820,Xalak Guha,Electronics,22629.41,0,5,0.14,150,0,0,1,1,0.464,1
ORD-13821,Siddharth Mittal,Fashion,1708.72,1,10,0.378,345,0,0,0,0,0.298,0
ORD-13822,Girik Nori,Electronics,2406.42,1,11,0.32,412,0,0,1,1,0.304,1
ORD-13823,Pranit Sandal,Electronics,3993.41,0,5,0.255,38,0,0,1,1,0.361,1
ORD-13824,Bhavani Mukhopadhyay,Fashion,3938.28,0,8,0.241,76,0,0,0,0,0.422,0
ORD-13825,Vasana Banerjee,Fashion,8560.59,1,8,0.353,169,1,0,0,0,0.309,1
ORD-13826,Oviya Gola,Mobiles,3535.13,1,3,0.164,202,0,0,0,0,0.53,0
ORD-13827,Mitali Varughese,Electronics,8042.11,1,8,0.41,76,0,1,1,1,0.427,1
ORD-13828,Udyati Butala,Fashion,6363.76,0,7,0.391,28,0,0,0,0,0.394,1
ORD-13829,Harrison Ravel,Fitness,5128.99,1,5,0.052,51,0,0,0,0,0.376,0
ORD-13830,Naveen Nagar,Mobiles,7212.13,0,13,0.227,33,0,0,0,1,0.105,0
ORD-13831,Yashica Rajagopalan,Electronics,4127.24,0,24,0.453,156,0,0,1,0,0.267,1
ORD-13832,Advay Sunder,Fashion,4939.65,1,14,0.281,108,1,0,1,0,0.2,0
ORD-13833,Pahal Bhagat,Electronics,2906.57,1,9,0.349,383,0,1,1,0,0.501,1
ORD-13834,Pavani Kuruvilla,Fashion,4047.37,0,4,0.353,279,0,0,0,0,0.337,1
ORD-13835,Shravya Thakkar,Fashion,10386.82,1,20,0.412,207,0,0,1,0,0.218,1
ORD-13836,Urvashi Nayak,Fitness,6167.16,0,5,0.25,32,0,0,0,1,0.193,1
ORD-13837,Isaac Gola,Fashion,2958.33,0,27,0.228,20,0,0,0,1,0.271,0
ORD-13838,Leela Buch,Electronics,2500.08,1,16,0.328,276,0,1,0,0,0.241,1
ORD-13839,Abhimanyu Nazareth,Fitness,2940.31,1,24,0.206,213,0,0,0,1,0.338,1
ORD-13840,Rudra Varma,Fashion,3153.25,0,12,0.315,419,1,1,0,0,0.325,1
ORD-13841,Radhika Bava,Home & Kitchen,3422.98,0,10,0.389,163,0,0,0,1,0.288,0
ORD-13842,Baghyawati Baral,Electronics,17248.97,0,13,0.512,545,0,0,1,1,0.429,0
ORD-13843,Vrishti Sharma,Fashion,2885.89,0,11,0.29,24,0,0,0,0,0.223,0
ORD-13844,Chandresh Pingle,Mobiles,2329.76,1,7,0.315,79,1,0,0,0,0.354,0
ORD-13845,Pavani Nazareth,Electronics,3506.6,1,18,0.163,554,1,0,0,0,0.276,1
ORD-13846,Arjun Loke,Electronics,6607.1,0,9,0.192,215,0,0,0,0,0.37,0
ORD-13847,Chaaya Parikh,Electronics,3023.16,1,4,0.219,106,0,0,0,0,0.241,0
ORD-13848,Anay Sekhon,Beauty,3781.54,1,5,0.067,86,0,0,0,1,0.308,0
ORD-13849,Chameli Banik,Mobiles,4358.16,0,10,0.236,54,0,0,0,0,0.18,0
ORD-13850,Ishanvi Bansal,Fashion,2277.79,1,2,0.256,122,0,0,0,0,0.174,0
ORD-13851,Yuvraj Gill,Electronics,1934.08,0,6,0.321,299,0,0,1,0,0.424,1
ORD-13852,Girindra Date,Fitness,8477.93,1,10,0.511,162,0,1,0,1,0.396,1
ORD-13853,Wakeeta Sankar,Electronics,5552.91,1,23,0.174,102,0,0,0,0,0.354,1
ORD-13854,Hemani Shanker,Home & Kitchen,12903.93,0,5,0.118,72,0,0,0,1,0.281,0
ORD-13855,Tara Baria,Fitness,5931.71,0,12,0.121,174,0,0,1,1,0.177,0
ORD-13856,Eta Pradhan,Fitness,2044.49,1,17,0.258,174,1,0,0,0,0.405,1
ORD-13857,Manan Chaudhuri,Fashion,1772.77,1,10,0.374,73,0,0,1,1,0.272,0
ORD-13858,Yauvani Brar,Fashion,5173.55,1,16,0.284,80,0,0,0,0,0.217,0
ORD-13859,Chasmum Sami,Electronics,4788.32,1,14,0.144,77,0,0,0,1,0.173,0
ORD-13860,Anthony Gour,Home & Kitchen,1644.42,0,13,0.241,710,0,0,0,1,0.269,0
ORD-13861,Fariq Sant,Mobiles,3036.45,0,9,0.43,216,1,1,0,1,0.394,1
ORD-13862,Rehaan Lal,Fashion,6974.24,0,20,0.487,3,0,0,0,1,0.573,1
ORD-13863,Yoshita Zacharia,Electronics,3267.21,1,16,0.357,326,1,0,0,0,0.309,1
ORD-13864,Chandran Prasad,Electronics,787.11,1,8,0.312,110,0,0,0,0,0.494,0
ORD-13865,Tanveer Sarkar,Mobiles,6432.8,1,12,0.484,94,0,0,0,0,0.338,1
ORD-13866,Quincy Malhotra,Fashion,4991.87,0,5,0.314,399,0,0,0,0,0.14,0
ORD-13867,Mohini Golla,Fashion,11284.36,0,34,0.275,30,0,0,0,1,0.065,0
ORD-13868,Anjali Ahluwalia,Fashion,2179.08,0,10,0.223,188,0,0,0,0,0.138,0
ORD-13869,Sarthak Bahl,Mobiles,1684.15,1,36,0.289,132,0,0,1,1,0.204,1
ORD-13870,Kai Maharaj,Electronics,830.45,0,10,0.198,1160,1,0,0,0,0.287,1
ORD-13871,Turvi Nadkarni,Beauty,13737.23,1,5,0.386,179,1,0,1,0,0.152,1
ORD-13872,Timothy Kar,Fitness,8616.03,0,4,0.164,449,1,0,0,1,0.099,0
ORD-13873,Ekta Kant,Beauty,2865.15,1,11,0.215,77,0,0,0,1,0.091,0
ORD-13874,Bhavna Sharma,Fashion,1610.07,0,11,0.187,188,0,0,0,1,0.407,0
ORD-13875,Falguni Ramachandran,Fashion,2553.84,0,22,0.373,343,0,0,0,0,0.158,0
ORD-13876,Advik Oza,Beauty,5298.03,1,8,0.142,235,0,0,0,0,0.178,0
ORD-13877,Ekaja Pal,Mobiles,5901.32,1,17,0.49,233,1,0,0,0,0.253,1
ORD-13878,Max Shere,Electronics,7193.34,0,12,0.492,16,0,0,1,0,0.666,1
ORD-13879,Shivansh Walia,Mobiles,7740.57,0,18,0.192,16,0,0,0,0,0.158,0
ORD-13880,Madhavi Kumer,Electronics,5047.72,1,13,0.411,107,0,0,0,0,0.72,0
ORD-13881,Bachittar Brar,Fashion,2360.42,0,6,0.24,662,0,0,1,1,0.308,0
ORD-13882,Hemani Chacko,Home & Kitchen,3269.1,0,30,0.23,1,0,0,0,0,0.512,1
ORD-13883,Kala Modi,Electronics,1721.38,1,7,0.216,211,0,0,0,0,0.281,0
ORD-13884,Divya Seth,Mobiles,5242.07,0,19,0.195,634,0,0,0,1,0.438,0
ORD-13885,Ayushman Dugal,Fashion,15834.91,0,7,0.447,354,1,0,0,0,0.336,1
ORD-13886,Indira Sankar,Fashion,6759.26,0,9,0.341,153,1,1,0,1,0.278,0
ORD-13887,Arin Mander,Fitness,5506.99,1,7,0.285,309,0,0,0,0,0.485,1
ORD-13888,Wahab Prashad,Mobiles,3215.91,0,6,0.117,257,0,0,0,0,0.629,0
ORD-13889,Kritika Dasgupta,Home & Kitchen,4797.46,1,6,0.146,159,0,0,0,1,0.275,0
ORD-13890,Meghana Kamdar,Electronics,2274.49,0,31,0.51,78,1,1,0,0,0.374,1
ORD-13891,Indrajit Mann,Home & Kitchen,3066.29,1,14,0.337,113,0,1,0,0,0.317,1
ORD-13892,Nathan Rattan,Electronics,6114.1,1,4,0.202,397,0,0,0,0,0.114,0
ORD-13893,Indira Kalla,Home & Kitchen,3381.47,0,18,0.665,190,0,1,0,1,0.376,1
ORD-13894,Arya Nagarajan,Fitness,7225.39,0,15,0.308,132,0,0,1,1,0.374,1
ORD-13895,Hitesh Nadkarni,Fashion,2403.75,1,6,0.272,42,1,1,0,0,0.421,1
ORD-13896,Umang Raval,Home & Kitchen,7756.53,0,6,0.167,526,0,0,0,1,0.461,0
ORD-13897,Ucchal Mangat,Electronics,2850.32,1,27,0.396,332,0,0,0,1,0.438,1
ORD-13898,Naksh Goel,Electronics,2417.64,0,3,0.35,76,0,0,0,1,0.153,1
ORD-13899,Bhavya Aggarwal,Mobiles,1670.55,0,20,0.303,191,0,0,1,0,0.366,1
ORD-13900,Ucchal Gera,Mobiles,2501.91,0,19,0.133,216,0,0,0,0,0.257,0
ORD-13901,Leela Sahota,Home & Kitchen,8876.11,1,10,0.057,683,0,0,0,1,0.059,0
ORD-13902,Nirja Gulati,Fashion,2389.34,0,20,0.148,130,0,0,0,1,0.098,0
ORD-13903,Udarsh Devi,Mobiles,5273.82,1,16,0.448,603,0,0,0,0,0.34,0
ORD-13904,Nilima Bajaj,Electronics,3912.06,1,3,0.378,15,0,0,0,0,0.29,1
ORD-13905,Zaid Ganesan,Mobiles,6400.89,1,4,0.52,128,1,0,0,0,0.247,1
ORD-13906,Gavin Prabhakar,Fashion,8354.89,1,12,0.409,23,1,1,0,0,0.618,1
ORD-13907,Lopa Vaidya,Fashion,3473.52,0,6,0.36,163,0,0,0,1,0.424,1
ORD-13908,Neel Shankar,Home & Kitchen,2087.04,1,5,0.13,742,0,0,0,0,0.38,1
ORD-13909,Wriddhish Gill,Home & Kitchen,15252.26,1,5,0.607,101,1,0,0,0,0.518,1
ORD-13910,Ryan Naidu,Electronics,1592.2,0,1,0.155,137,0,0,1,0,0.363,0
ORD-13911,Chaaya Bhattacharyya,Electronics,15006.19,0,8,0.204,115,0,0,0,0,0.407,0
ORD-13912,Samuel Shenoy,Home & Kitchen,9242.54,1,6,0.362,309,0,1,0,0,0.513,1
ORD-13913,Yash Sawhney,Fashion,11936.12,0,21,0.458,15,2,0,0,1,0.217,1
ORD-13914,Peter Shenoy,Beauty,4138.0,0,18,0.172,262,0,0,0,0,0.21,0
ORD-13915,Garima Dutta,Fitness,12835.1,0,1,0.189,258,0,0,0,0,0.3,1
ORD-13916,Turvi Boase,Mobiles,3950.15,0,9,0.424,266,0,0,0,0,0.144,0
ORD-13917,Bachittar Ray,Mobiles,3610.01,1,21,0.467,163,0,0,0,1,0.171,1
ORD-13918,Lekha Bobal,Beauty,3223.04,0,4,0.678,692,1,0,0,0,0.255,1
ORD-13919,Abha Yogi,Fashion,2691.09,1,18,0.284,57,0,1,0,0,0.128,1
ORD-13920,Arjun Sarna,Electronics,5412.44,0,13,0.244,263,0,0,0,0,0.256,0
ORD-13921,Darpan Master,Home & Kitchen,6471.88,0,7,0.111,195,0,0,0,0,0.178,0
ORD-13922,Balveer Patla,Mobiles,7162.18,0,13,0.364,181,0,0,0,0,0.191,0
ORD-13923,Yasti Sarraf,Fitness,3230.58,1,18,0.263,150,0,0,0,0,0.268,1
ORD-13924,Jeet Chawla,Fashion,9319.89,1,6,0.177,253,0,0,0,0,0.236,0
ORD-13925,Adweta Choudhury,Electronics,2891.98,0,11,0.639,244,0,1,0,0,0.465,1
ORD-13926,Jeevika Sachar,Mobiles,4962.13,1,4,0.169,416,0,0,0,0,0.349,0
ORD-13927,Lucky Kibe,Beauty,2917.69,0,36,0.088,737,1,0,0,0,0.256,0
ORD-13928,Shivansh Lalla,Beauty,3128.51,1,25,0.059,5,0,0,1,1,0.494,0
ORD-13929,Forum Borah,Fitness,1866.11,1,2,0.094,100,0,1,1,0,0.345,0
ORD-13930,Vyanjana Konda,Electronics,6558.16,0,21,0.502,114,1,0,0,1,0.37,1
ORD-13931,Hema Merchant,Home & Kitchen,576.36,0,23,0.257,221,0,0,1,1,0.314,1
ORD-13932,Ganga Seshadri,Home & Kitchen,4203.12,0,18,0.355,137,0,0,0,0,0.43,0
ORD-13933,Anvi Banik,Mobiles,8756.84,0,6,0.434,489,0,0,0,0,0.428,0
ORD-13934,Manbir Vig,Fashion,2534.41,0,11,0.171,251,0,0,1,0,0.446,0
ORD-13935,Atharv Kant,Electronics,8508.42,1,24,0.132,934,0,0,0,0,0.147,0
ORD-13936,Janani Manne,Home & Kitchen,4064.29,0,17,0.446,479,0,0,0,1,0.43,0
ORD-13937,Nathan Mody,Electronics,5062.78,0,12,0.373,189,0,0,1,0,0.494,0
ORD-13938,Ria Menon,Electronics,10730.39,0,6,0.207,64,0,0,0,1,0.305,0
ORD-13939,Kabir Din,Mobiles,7619.01,0,12,0.303,145,0,0,1,1,0.287,0
ORD-13940,Leena Kurian,Home & Kitchen,2457.72,0,35,0.102,44,0,0,1,0,0.258,1
ORD-13941,Ayaan Kakar,Fashion,4071.99,0,13,0.238,31,0,0,0,0,0.124,0
ORD-13942,Manbir Arora,Fashion,7882.08,1,23,0.651,3,1,1,0,0,0.348,1
ORD-13943,Januja Trivedi,Beauty,7783.1,0,5,0.226,27,3,0,0,1,0.284,0
ORD-13944,Vansha Garde,Mobiles,1593.12,0,25,0.296,104,0,0,0,0,0.214,1
ORD-13945,Nachiket Thaker,Electronics,7523.81,0,14,0.142,228,0,1,1,1,0.244,0
ORD-13946,Kavya Radhakrishnan,Home & Kitchen,7404.15,1,13,0.134,370,0,0,1,1,0.261,0
ORD-13947,Omkaar Vohra,Mobiles,5879.38,0,8,0.293,46,0,1,0,0,0.189,1
ORD-13948,Parth Sule,Home & Kitchen,4242.02,1,17,0.336,291,0,0,0,0,0.55,1
ORD-13949,Akshay Bhattacharyya,Home & Kitchen,5244.24,0,17,0.215,24,0,0,0,0,0.416,0
ORD-13950,Umang More,Fashion,6015.86,1,12,0.182,983,0,0,0,0,0.499,0
ORD-13951,Udarsh Doctor,Fitness,6171.97,0,12,0.207,276,0,0,1,0,0.226,0
ORD-13952,Jagdish Hegde,Fashion,8198.29,0,18,0.184,437,0,0,0,0,0.347,0
ORD-13953,Wishi Sharaf,Fashion,7382.42,0,13,0.343,30,1,1,0,0,0.497,1
ORD-13954,Vedant Jain,Mobiles,2337.7,0,23,0.141,20,0,1,0,0,0.354,1
ORD-13955,Bachittar Rastogi,Beauty,1758.92,1,7,0.376,87,0,0,0,0,0.18,0
ORD-13956,Forum Tripathi,Home & Kitchen,7339.25,1,13,0.471,571,1,1,0,0,0.43,1
ORD-13957,Anika Warrior,Electronics,7245.64,0,11,0.083,54,0,0,0,0,0.252,0
ORD-13958,Daksh Sekhon,Electronics,7866.46,0,15,0.088,402,0,0,0,0,0.271,0
ORD-13959,Yash Kunda,Fitness,11301.19,0,16,0.258,215,0,0,1,0,0.727,0
ORD-13960,Yash Kari,Electronics,5308.41,0,25,0.505,201,0,0,0,0,0.316,1
ORD-13961,Peter Baria,Electronics,3880.62,0,18,0.072,155,0,0,0,1,0.48,0
ORD-13962,Arunima Chand,Electronics,5855.0,1,18,0.494,94,1,0,0,0,0.442,1
ORD-13963,Devansh Deo,Electronics,1846.36,0,4,0.549,153,0,0,0,1,0.661,1
ORD-13964,Darsh Johal,Beauty,9449.64,1,15,0.201,84,0,0,0,0,0.316,0
ORD-13965,Yagnesh Sood,Mobiles,7201.99,1,20,0.369,37,0,0,0,0,0.575,0
ORD-13966,Guneet Yadav,Electronics,5510.36,1,32,0.315,424,0,0,0,1,0.611,1
ORD-13967,Eiravati Bora,Home & Kitchen,1388.65,0,10,0.09,258,0,0,0,1,0.229,0
ORD-13968,Vanya Dada,Mobiles,12437.54,0,15,0.203,212,0,0,0,0,0.362,0
ORD-13969,Fiyaz Soni,Fashion,3700.3,0,10,0.164,209,0,0,0,0,0.229,0
ORD-13970,Harish Kale,Home & Kitchen,1783.36,0,14,0.203,675,1,0,1,0,0.069,0
ORD-13971,Charita Andra,Mobiles,3063.29,1,8,0.738,235,1,1,0,1,0.382,1
ORD-13972,Isaac Savant,Mobiles,2841.56,0,19,0.138,297,0,1,0,0,0.373,1
ORD-13973,Tanmayi Acharya,Home & Kitchen,6547.63,1,22,0.364,259,0,0,0,1,0.517,0
ORD-13974,Niharika Madan,Home & Kitchen,3498.31,0,25,0.371,113,1,0,0,1,0.293,1
ORD-13975,Patrick Narasimhan,Electronics,10670.18,1,27,0.405,203,0,0,1,0,0.421,1
ORD-13976,Yoshita Mander,Home & Kitchen,9051.44,1,4,0.317,156,1,0,0,1,0.187,1
ORD-13977,Aishani Wali,Home & Kitchen,2422.86,0,30,0.31,187,0,0,0,0,0.307,0
ORD-13978,Harita Maharaj,Electronics,5368.08,0,16,0.265,271,0,0,0,1,0.267,0
ORD-13979,Ria Choudhury,Fashion,3085.88,0,4,0.338,163,0,1,0,0,0.418,1
ORD-13980,Vinaya Ahuja,Electronics,3273.21,1,15,0.21,261,0,0,0,0,0.221,1
ORD-13981,Yashodhara Singhal,Home & Kitchen,2367.25,0,24,0.363,153,0,0,0,0,0.447,0
ORD-13982,Nihal Gola,Mobiles,10355.33,0,9,0.635,110,0,0,0,0,0.852,1
ORD-13983,Rachana Modi,Beauty,7146.28,1,15,0.294,13,0,0,0,0,0.27,0
ORD-13984,Saanvi Oommen,Beauty,6909.02,0,13,0.35,311,0,1,0,0,0.505,0
ORD-13985,Rishi Chopra,Fashion,1816.92,1,14,0.578,2,0,0,0,0,0.479,1
ORD-13986,Tanay Mohanty,Fashion,2478.85,1,34,0.25,303,0,0,0,0,0.39,1
ORD-13987,Ekaja Wali,Mobiles,3309.66,1,7,0.256,118,1,0,0,1,0.156,1
ORD-13988,Harshil Mital,Beauty,4389.22,1,21,0.172,58,0,0,0,0,0.245,0
ORD-13989,Mohammed Naik,Electronics,4658.34,0,23,0.043,477,0,0,0,0,0.045,0
ORD-13990,Rehaan Randhawa,Fashion,9528.5,1,29,0.218,311,0,0,0,0,0.568,0
ORD-13991,Nakul Dugar,Electronics,2273.11,0,20,0.197,245,0,0,0,0,0.532,0
ORD-13992,Zaitra Som,Beauty,3103.48,0,7,0.224,89,0,0,0,1,0.444,1
ORD-13993,Amruta Karnik,Mobiles,6949.43,0,13,0.338,213,0,0,0,0,0.187,1
ORD-13994,Urmi Mitter,Beauty,8955.9,0,13,0.122,5,0,0,1,0,0.374,1
ORD-13995,Maanav Mohan,Electronics,3335.95,1,6,0.482,100,0,0,0,1,0.194,1
ORD-13996,Irya Murty,Fashion,1640.93,0,18,0.498,43,1,0,0,0,0.324,1
ORD-13997,Darika Sandal,Fashion,6158.04,0,11,0.262,447,1,0,1,0,0.248,0
ORD-13998,Omisha Ahluwalia,Home & Kitchen,3383.22,0,10,0.351,34,0,0,0,1,0.505,0
ORD-13999,Christopher Rege,Electronics,5484.47,0,21,0.103,30,0,0,0,1,0.239,1
ORD-14000,Logan Shan,Electronics,5244.95,0,10,0.306,211,0,1,0,1,0.576,1
ORD-14001,Anirudh Jain,Home & Kitchen,4383.04,1,14,0.225,854,0,0,0,1,0.307,0
ORD-14002,Aahana Menon,Fashion,8044.27,0,18,0.419,143,0,0,0,1,0.168,0
ORD-14003,Arjun Nagy,Mobiles,6507.38,0,22,0.351,279,0,0,0,0,0.225,1
ORD-14004,Lavanya Nanda,Electronics,5317.66,0,10,0.142,83,1,0,0,0,0.229,0
ORD-14005,Tanveer Thakur,Electronics,3621.84,1,31,0.469,281,1,0,0,0,0.31,1
ORD-14006,Anusha Chhabra,Electronics,10018.61,0,6,0.332,77,0,0,1,0,0.224,1
ORD-14007,Xavier Dyal,Electronics,4106.54,0,6,0.479,119,1,0,0,0,0.36,1
ORD-14008,Varsha Singhal,Beauty,7119.05,0,13,0.335,20,1,0,0,0,0.636,1
ORD-14009,Madhavi Sur,Fashion,4964.42,1,7,0.358,59,1,0,0,0,0.279,1
ORD-14010,Ati Prashad,Beauty,8134.18,1,9,0.149,449,0,0,1,0,0.204,1
ORD-14011,Harrison Bhalla,Electronics,2132.29,0,18,0.248,248,0,0,0,0,0.28,0
ORD-14012,Anya Yogi,Mobiles,3002.3,1,10,0.459,478,1,1,0,0,0.391,0
ORD-14013,Raksha Mane,Home & Kitchen,5371.81,0,24,0.146,280,0,0,0,1,0.219,1
ORD-14014,Urmi Desai,Beauty,3399.85,1,7,0.308,204,1,0,1,0,0.514,1
ORD-14015,Ekta Sachdev,Fashion,801.82,1,18,0.359,188,0,0,1,0,0.294,1
ORD-14016,Matthew Mistry,Mobiles,3236.78,1,5,0.238,99,0,0,0,0,0.506,0
ORD-14017,Gaurang Sarma,Electronics,4571.13,0,34,0.212,446,0,0,0,1,0.1,0
ORD-14018,Falak Lad,Home & Kitchen,6849.32,0,13,0.631,355,2,1,0,0,0.566,1
ORD-14019,Anthony Dey,Fashion,2523.74,1,17,0.229,2,0,0,0,0,0.441,1
ORD-14020,Dipta Patel,Beauty,4214.76,0,12,0.432,68,0,0,0,0,0.599,1
ORD-14021,Tanish Gour,Fashion,4524.51,0,20,0.068,342,0,0,0,1,0.496,0
ORD-14022,Upadhriti Kari,Beauty,2759.96,1,5,0.197,83,0,0,0,1,0.232,1
ORD-14023,Janaki Nath,Beauty,13769.8,1,15,0.136,313,0,0,0,0,0.411,0
ORD-14024,Aashi Kumer,Fitness,6853.85,0,6,0.053,205,0,1,0,1,0.272,1
ORD-14025,Logan Dar,Fashion,6821.71,1,5,0.349,159,1,0,0,0,0.126,0
ORD-14026,Prisha Randhawa,Fashion,4731.51,0,10,0.187,100,0,0,0,1,0.416,1
ORD-14027,Chanakya Wadhwa,Home & Kitchen,4273.67,1,13,0.567,285,1,0,0,1,0.316,1
ORD-14028,Yauvani Prakash,Fashion,3528.04,1,9,0.362,147,0,0,1,0,0.545,1
ORD-14029,Rajeshri Balay,Electronics,3126.1,0,21,0.194,47,0,0,0,0,0.11,0
ORD-14030,Vyanjana Mandal,Electronics,4880.56,1,9,0.213,513,0,0,0,1,0.075,1
ORD-14031,Ekalinga Borra,Fitness,1598.05,1,12,0.405,770,1,0,0,0,0.207,1
ORD-14032,Isaiah Wali,Home & Kitchen,3240.0,1,3,0.106,35,0,0,0,0,0.473,0
ORD-14033,Yochana Chahal,Electronics,5525.98,1,11,0.163,19,0,0,0,0,0.189,1
ORD-14034,Rayaan Bora,Home & Kitchen,3978.54,1,4,0.1,265,0,0,0,0,0.181,0
ORD-14035,Aradhana Shroff,Electronics,6367.14,1,11,0.467,103,1,0,1,0,0.421,1
ORD-14036,Max Narayanan,Beauty,3928.13,1,14,0.216,226,0,0,0,0,0.145,0
ORD-14037,Qabil Nori,Mobiles,6016.77,0,6,0.354,26,0,0,0,1,0.447,0
ORD-14038,Rachana Bail,Fitness,9018.93,1,12,0.399,92,0,0,0,0,0.303,1
ORD-14039,Chaaya Ahuja,Home & Kitchen,4576.81,0,2,0.19,279,0,0,0,0,0.211,0
ORD-14040,Anirudh Anand,Fashion,8626.59,1,8,0.368,75,0,0,1,0,0.196,1
ORD-14041,Ekantika Sane,Electronics,4103.61,1,31,0.122,115,0,0,0,1,0.514,1
ORD-14042,Aashi Kapoor,Electronics,25635.49,0,7,0.406,147,0,1,0,0,0.25,1
ORD-14043,Tanvi Iyer,Fashion,2553.16,1,23,0.177,189,0,0,0,0,0.349,0
ORD-14044,Michael Gulati,Electronics,2079.68,1,14,0.071,67,0,0,0,0,0.532,0
ORD-14045,Samuel Morar,Home & Kitchen,6671.03,0,18,0.177,19,0,0,0,1,0.219,0
ORD-14046,Harrison Bal,Electronics,5633.64,0,2,0.389,42,0,0,1,0,0.389,1
ORD-14047,Joshua Zachariah,Fashion,4432.08,0,17,0.168,123,0,1,0,0,0.3,0
ORD-14048,Ekapad Narang,Fitness,3975.14,1,26,0.431,31,0,1,1,1,0.473,1
ORD-14049,Victor Joshi,Home & Kitchen,2823.89,0,10,0.21,4,1,0,0,0,0.403,0
ORD-14050,Chavvi Gade,Fashion,7459.29,1,30,0.631,137,2,0,0,0,0.37,1
ORD-14051,Anika Kaul,Fashion,5986.37,1,8,0.451,707,0,0,0,1,0.2,1
ORD-14052,Isha Bala,Beauty,2889.65,0,22,0.048,136,0,0,0,0,0.391,0
ORD-14053,Ria Dasgupta,Fashion,4620.46,0,22,0.24,116,0,0,0,0,0.172,0
ORD-14054,Atharv Sawhney,Home & Kitchen,3437.0,0,20,0.234,795,0,0,0,0,0.521,0
ORD-14055,Lajita Bawa,Electronics,7573.46,0,16,0.348,459,0,0,0,1,0.169,0
ORD-14056,Reva Rastogi,Home & Kitchen,4316.63,1,13,0.355,50,1,1,0,0,0.288,0
ORD-14057,Samesh Rai,Fashion,12586.62,1,14,0.344,102,0,1,0,1,0.231,1
ORD-14058,Girik Gill,Fitness,5842.52,0,11,0.1,100,0,0,0,0,0.366,0
ORD-14059,Nicholas Kadakia,Electronics,4699.44,0,14,0.195,263,0,0,0,1,0.194,0
ORD-14060,Vrinda Parmar,Electronics,4017.23,1,9,0.228,424,0,0,0,0,0.24,1
ORD-14061,Ojasvi Halder,Electronics,3448.19,1,24,0.386,2,0,0,1,0,0.305,0
ORD-14062,Gautam Tripathi,Home & Kitchen,10119.44,1,17,0.389,36,1,0,0,1,0.466,1
ORD-14063,Vanya Kumer,Home & Kitchen,8135.05,0,12,0.2,246,0,0,0,0,0.423,0
ORD-14064,Tanmayi Babu,Electronics,5501.86,1,39,0.138,145,0,0,0,0,0.256,0
ORD-14065,Lajita Salvi,Mobiles,8516.79,0,20,0.39,692,0,0,0,0,0.529,1
ORD-14066,Harish Pant,Electronics,2526.59,0,15,0.449,48,0,0,0,0,0.289,1
ORD-14067,Dayita Bhattacharyya,Electronics,4470.96,0,6,0.337,139,0,0,0,1,0.243,0
ORD-14068,Charita Karnik,Beauty,8273.7,0,35,0.111,363,0,0,1,0,0.272,0
ORD-14069,Madhavi Sinha,Electronics,6312.68,1,23,0.281,136,2,0,1,0,0.396,1
ORD-14070,Anvi Naik,Beauty,14821.03,0,5,0.333,38,0,0,1,0,0.312,1
ORD-14071,Lohit Kothari,Electronics,7617.61,0,24,0.157,230,0,0,1,0,0.23,0
ORD-14072,Aditya Dave,Home & Kitchen,1786.84,0,24,0.208,145,0,0,1,0,0.331,0
ORD-14073,Logan Singhal,Fashion,5429.11,0,15,0.201,110,0,0,0,0,0.151,0
ORD-14074,Darsh Kadakia,Fitness,3696.47,1,17,0.078,175,0,0,0,1,0.278,1
ORD-14075,Kamya Sachdeva,Mobiles,6183.45,1,29,0.502,82,1,1,0,0,0.268,1
ORD-14076,Oni Gera,Mobiles,4726.51,1,4,0.269,97,0,0,0,0,0.298,1
ORD-14077,Zilmil Doshi,Mobiles,2442.47,0,18,0.209,90,0,0,0,0,0.219,0
ORD-14078,Janya Choudhary,Mobiles,5513.12,0,12,0.493,39,1,0,0,0,0.302,1
ORD-14079,Ayushman Tank,Electronics,7612.0,0,19,0.155,240,0,0,0,0,0.24,0
ORD-14080,Damini Raval,Beauty,9009.49,0,14,0.384,98,1,1,0,0,0.335,1
ORD-14081,Alka Nagi,Mobiles,3126.91,1,28,0.494,499,0,1,0,1,0.599,1
ORD-14082,Atharv Narula,Home & Kitchen,1997.93,0,25,0.277,84,1,0,1,0,0.344,0
ORD-14083,Upma Banerjee,Home & Kitchen,5435.29,1,11,0.286,94,0,0,0,0,0.257,1
ORD-14084,Nikita Batra,Fitness,2812.01,1,14,0.604,67,1,0,0,0,0.317,1
ORD-14085,Omkaar Dugar,Home & Kitchen,16663.99,1,8,0.308,423,1,0,0,1,0.095,0
ORD-14086,Alexander Palla,Fitness,7817.75,1,5,0.029,110,0,1,0,0,0.495,0
ORD-14087,George Saini,Electronics,9760.54,1,21,0.574,805,0,1,0,1,0.719,1
ORD-14088,Isaiah Soni,Fashion,14013.52,1,9,0.273,30,0,0,0,0,0.264,1
ORD-14089,Ojasvi Yadav,Home & Kitchen,2309.98,0,6,0.389,242,0,0,1,0,0.628,1
ORD-14090,Krish Acharya,Beauty,5646.09,0,40,0.393,106,1,0,0,0,0.216,0
ORD-14091,Vamakshi Singh,Electronics,2941.29,0,14,0.109,132,0,0,0,0,0.197,0
ORD-14092,Kabir Naidu,Mobiles,10350.25,1,16,0.147,70,0,0,0,0,0.024,0
ORD-14093,Gopal Sridhar,Fitness,2653.33,1,15,0.409,30,2,0,0,0,0.409,0
ORD-14094,Rohan Dass,Home & Kitchen,3949.24,0,15,0.19,41,0,1,0,0,0.055,0
ORD-14095,Yutika Dayal,Fashion,4986.04,1,17,0.367,25,0,0,0,0,0.273,1
ORD-14096,Umang Butala,Electronics,2370.72,1,14,0.217,541,0,0,0,1,0.69,0
ORD-14097,Netra Mandal,Fitness,4122.06,0,16,0.05,98,0,0,0,0,0.073,1
ORD-14098,Zaid Kara,Home & Kitchen,2835.11,0,11,0.316,247,1,0,0,0,0.472,1
ORD-14099,Qasim Mitra,Home & Kitchen,6938.98,0,22,0.255,255,0,1,0,0,0.344,0
ORD-14100,Turvi Venkatesh,Home & Kitchen,2305.26,0,17,0.067,266,0,0,0,0,0.357,0
ORD-14101,Karan Narang,Mobiles,1425.28,1,9,0.353,25,0,0,1,1,0.579,0
ORD-14102,Kavya Dhillon,Fitness,10323.6,0,15,0.113,176,0,0,0,1,0.186,0
ORD-14103,Lekha Bava,Electronics,6747.12,1,21,0.242,55,0,1,0,0,0.146,0
ORD-14104,Qabil Atwal,Home & Kitchen,3873.51,0,4,0.181,345,1,0,1,0,0.466,0
ORD-14105,Bahadurjit Khanna,Mobiles,4274.09,1,10,0.455,491,0,0,0,0,0.208,1
ORD-14106,Mekhala Naidu,Electronics,1603.81,1,6,0.191,293,1,0,1,0,0.236,0
ORD-14107,Vasana Sule,Fashion,3750.43,1,14,0.447,310,0,0,0,0,0.156,1
ORD-14108,Raghav Ravi,Home & Kitchen,1438.57,0,5,0.564,15,0,1,0,0,0.286,1
ORD-14109,Tanish Setty,Electronics,3465.92,0,7,0.225,398,0,0,0,0,0.121,1
ORD-14110,Ria Dalal,Home & Kitchen,4637.0,0,16,0.232,246,0,0,0,0,0.549,1
ORD-14111,Yoshita Nazareth,Home & Kitchen,4349.09,0,17,0.047,561,0,0,0,1,0.246,0
ORD-14112,Quincy Kumer,Home & Kitchen,3811.51,0,18,0.268,863,1,0,0,0,0.237,1
ORD-14113,Vinaya Shan,Mobiles,15327.25,0,9,0.422,202,1,0,0,0,0.306,0
ORD-14114,Hema Venkataraman,Fashion,2347.34,1,14,0.447,102,0,0,0,1,0.289,1
ORD-14115,Dev Pau,Fashion,1254.91,0,14,0.48,23,2,0,0,0,0.409,1
ORD-14116,Atharv Date,Mobiles,1611.63,1,12,0.295,101,0,0,0,0,0.369,0
ORD-14117,Utkarsh Shankar,Fashion,2675.38,1,5,0.424,29,1,0,0,1,0.118,1
ORD-14118,Jai Merchant,Home & Kitchen,3618.75,1,17,0.202,273,0,1,0,0,0.077,1
ORD-14119,Idika Mohanty,Home & Kitchen,4344.55,0,11,0.18,588,0,0,0,0,0.443,0
ORD-14120,Rajata Butala,Home & Kitchen,14280.55,1,14,0.444,70,1,1,0,1,0.428,1
ORD-14121,Mitali Vaidya,Fashion,5377.3,1,8,0.624,295,1,0,0,0,0.378,1
ORD-14122,Lucky Kapadia,Electronics,3110.16,1,20,0.254,282,0,0,0,0,0.216,1
ORD-14123,Rushil Pandya,Mobiles,13657.14,1,32,0.319,163,0,1,0,0,0.301,0
ORD-14124,Champak Walia,Electronics,15235.84,1,9,0.194,524,0,0,0,0,0.235,1
ORD-14125,Victor Wali,Fashion,4585.99,1,19,0.361,178,0,0,0,0,0.154,1
ORD-14126,Kavya Dutt,Fashion,3164.13,0,14,0.226,42,1,0,0,0,0.174,0
ORD-14127,Noah Kara,Mobiles,7766.5,0,8,0.393,55,1,0,0,0,0.27,0
ORD-14128,Panini Jain,Fashion,3944.85,1,7,0.505,104,0,0,0,0,0.316,1
ORD-14129,Chandran Rattan,Fashion,4789.74,1,8,0.18,546,0,0,0,1,0.198,0
ORD-14130,Madhavi Vig,Beauty,3327.41,0,11,0.236,31,0,1,0,0,0.242,1
ORD-14131,Vamakshi Sidhu,Electronics,23343.76,0,25,0.226,98,0,0,0,0,0.647,0
ORD-14132,Laban Mital,Home & Kitchen,1526.69,1,7,0.625,130,0,0,0,0,0.381,1
ORD-14133,Falan Krishnamurthy,Home & Kitchen,3613.2,1,28,0.124,55,0,1,0,0,0.194,0
ORD-14134,Sathvik Bhavsar,Home & Kitchen,2856.53,0,15,0.058,122,1,0,0,1,0.413,0
ORD-14135,Nirja Dey,Home & Kitchen,14499.03,0,8,0.25,27,0,1,0,1,0.178,0
ORD-14136,Vasana Dyal,Beauty,6732.57,0,15,0.258,315,0,0,0,0,0.139,0
ORD-14137,Mahika Dutta,Fashion,5534.75,1,14,0.25,286,0,0,0,1,0.257,0
ORD-14138,Mahika Hari,Fashion,4043.71,1,15,0.457,74,1,1,0,1,0.301,1
ORD-14139,Inaya Bobal,Beauty,3389.65,1,9,0.103,779,0,0,0,0,0.45,0
ORD-14140,Anya Dey,Home & Kitchen,9210.01,0,10,0.211,113,0,0,1,0,0.307,0
ORD-14141,Jatin Doshi,Fashion,5090.23,0,7,0.243,73,0,0,0,0,0.476,0
ORD-14142,Sachi Dhar,Beauty,5898.13,1,5,0.162,43,0,0,1,0,0.382,0
ORD-14143,Falak Apte,Fashion,3978.37,1,18,0.333,11,0,0,1,0,0.134,1
ORD-14144,Deepa Viswanathan,Electronics,596.81,1,10,0.106,212,0,0,0,1,0.331,1
ORD-14145,Urishilla Kata,Electronics,4682.95,0,10,0.252,67,0,0,0,0,0.32,0
ORD-14146,Chanchal Dash,Fashion,3654.32,1,21,0.18,238,0,0,0,0,0.281,0
ORD-14147,Mitesh Bobal,Home & Kitchen,5509.49,0,19,0.368,192,0,0,0,0,0.201,0
ORD-14148,Anita Baria,Fashion,8942.91,0,19,0.378,55,0,1,0,0,0.339,1
ORD-14149,Aadhya Chowdhury,Electronics,2701.8,0,16,0.107,348,0,1,1,0,0.709,1
ORD-14150,Pooja Ganguly,Home & Kitchen,3581.1,0,27,0.337,23,0,1,0,0,0.483,1
ORD-14151,Bishakha Kar,Fashion,6611.56,0,22,0.29,234,1,0,1,0,0.374,0
ORD-14152,Gaurang Patil,Fashion,2694.56,0,15,0.338,645,1,0,1,1,0.136,1
ORD-14153,Warda Sankaran,Electronics,13612.73,0,7,0.107,103,0,0,0,0,0.086,0
ORD-14154,Dakshesh Cheema,Home & Kitchen,12264.42,1,8,0.168,382,3,0,0,0,0.193,0
ORD-14155,Anya Krishnamurthy,Electronics,2526.1,0,14,0.221,24,0,0,0,1,0.182,0
ORD-14156,Oni Krishnamurthy,Fashion,7027.37,0,8,0.207,34,0,0,0,0,0.184,0
ORD-14157,Fiyaz Arya,Electronics,7772.23,1,6,0.434,57,1,0,0,0,0.336,1
ORD-14158,Vedika Kibe,Home & Kitchen,3126.43,0,23,0.269,145,0,0,0,0,0.261,1
ORD-14159,Timothy Saraf,Electronics,4682.41,0,34,0.09,79,0,0,0,0,0.086,0
ORD-14160,Hemang Sura,Fashion,2806.93,0,15,0.358,54,0,0,0,1,0.178,1
ORD-14161,Zilmil Raja,Electronics,6602.0,1,16,0.402,529,1,0,0,0,0.192,1
ORD-14162,Hritik Chaudhari,Fashion,16315.92,0,28,0.172,139,1,0,0,1,0.735,0
ORD-14163,Jacob Khare,Fashion,2643.11,1,12,0.344,215,0,0,0,1,0.24,0
ORD-14164,Oviya Ramesh,Electronics,7479.99,0,9,0.197,105,0,0,0,0,0.409,0
ORD-14165,Idika Sarraf,Electronics,5882.26,1,10,0.498,469,1,0,0,1,0.233,1
ORD-14166,Baljiwan Rastogi,Electronics,1925.28,0,39,0.174,126,0,0,0,1,0.165,0
ORD-14167,Atharv Kalita,Beauty,6689.82,0,23,0.301,368,0,0,0,0,0.275,1
ORD-14168,Arjun Narasimhan,Fashion,4859.32,1,6,0.489,225,1,0,0,0,0.437,1
ORD-14169,Brinda Sachar,Fashion,2219.72,1,18,0.365,245,0,0,0,0,0.379,1
ORD-14170,Tanmayi Kulkarni,Fashion,5793.48,0,12,0.466,0,0,0,0,0,0.394,1
ORD-14171,Hemangini Pandey,Mobiles,3398.38,1,8,0.322,12,0,1,0,0,0.473,1
ORD-14172,Aradhana Sehgal,Beauty,1013.25,0,26,0.245,212,1,0,0,0,0.242,0
ORD-14173,Ekta Shanker,Electronics,26170.59,0,29,0.177,785,0,0,0,0,0.231,0
ORD-14174,Naveen Kadakia,Mobiles,20256.87,1,8,0.772,330,0,1,0,0,0.834,1
ORD-14175,Nandini Pall,Fashion,2268.06,0,16,0.359,177,0,0,1,0,0.274,1
ORD-14176,Xalak Chakraborty,Fashion,5491.74,1,13,0.529,110,0,0,0,0,0.244,1
ORD-14177,Indira Yohannan,Fashion,5045.49,0,11,0.439,149,0,0,0,0,0.287,0
ORD-14178,Edhitha Mohan,Fashion,1027.18,0,7,0.587,140,0,0,1,0,0.319,1
ORD-14179,Gautam Ravi,Fashion,4781.32,0,12,0.258,51,0,0,1,0,0.541,1
ORD-14180,Widisha Grewal,Home & Kitchen,4820.44,0,19,0.475,26,1,0,1,1,0.31,1
ORD-14181,Samaksh Lanka,Fitness,3090.99,0,12,0.531,34,0,0,0,0,0.534,1
ORD-14182,Indali Nazareth,Home & Kitchen,3255.6,1,10,0.296,11,0,0,1,1,0.286,1
ORD-14183,Janaki Dutta,Mobiles,10587.83,0,7,0.542,213,0,0,0,0,0.701,0
ORD-14184,Ekantika Babu,Electronics,42774.25,0,19,0.535,42,2,1,0,0,0.296,1
ORD-14185,Ranveer Mukherjee,Fashion,4529.45,1,16,0.241,268,0,0,1,1,0.329,0
ORD-14186,Pranav Rao,Fashion,2589.08,1,14,0.274,279,0,0,0,1,0.276,0
ORD-14187,Rushil Chander,Beauty,2572.97,0,12,0.074,240,0,0,0,1,0.146,0
ORD-14188,Nidhi Lall,Home & Kitchen,3190.67,0,5,0.445,302,0,0,0,0,0.336,1
ORD-14189,Harini Walia,Fashion,4873.65,1,26,0.229,18,0,0,0,1,0.26,0
ORD-14190,Mekhala Deol,Electronics,11574.22,1,34,0.295,331,1,0,0,0,0.409,1
ORD-14191,Hemang Memon,Fashion,1619.25,0,12,0.167,6,0,0,0,0,0.208,0
ORD-14192,Ekiya Kar,Fashion,3212.18,1,7,0.354,373,0,0,0,0,0.322,0
ORD-14193,Banjeet Korpal,Beauty,8879.23,1,10,0.341,74,0,0,0,0,0.316,0
ORD-14194,Anusha Bal,Electronics,2842.97,1,10,0.386,71,0,0,0,0,0.344,0
ORD-14195,Udarsh Kanda,Mobiles,1211.87,0,12,0.591,169,0,1,0,0,0.214,1
ORD-14196,Upkaar Sarraf,Fitness,43220.61,0,9,0.228,0,1,1,0,0,0.264,0
ORD-14197,Maanav Arora,Electronics,14986.2,0,19,0.141,578,0,0,0,0,0.469,0
ORD-14198,Yagnesh Bail,Electronics,1353.91,1,26,0.369,512,0,0,0,0,0.205,0
ORD-14199,Reva Sachdeva,Electronics,2694.7,0,5,0.422,1,0,1,0,0,0.585,1
ORD-14200,Nitara Grewal,Mobiles,15592.18,0,6,0.317,236,1,0,0,0,0.241,1
ORD-14201,Lila Lal,Electronics,4709.49,1,13,0.269,295,1,0,0,1,0.266,1
ORD-14202,Adya Sankar,Beauty,3352.34,1,7,0.064,202,0,0,0,0,0.173,0
ORD-14203,Janya Keer,Mobiles,3484.55,0,22,0.22,95,0,0,1,1,0.305,0
ORD-14204,Ishanvi Bose,Electronics,5380.1,0,22,0.114,341,0,0,0,0,0.257,0
ORD-14205,Ekanta Koshy,Mobiles,8365.94,0,21,0.133,612,0,0,0,0,0.438,0
ORD-14206,Gopal Tripathi,Fashion,2052.31,0,6,0.519,287,1,0,0,0,0.394,0
ORD-14207,Dipta Cheema,Fashion,2132.03,0,13,0.508,774,1,0,0,0,0.264,1
ORD-14208,Ijaya Kapur,Mobiles,5076.68,0,15,0.267,579,0,0,0,1,0.24,0
ORD-14209,Amruta Bera,Electronics,7582.94,0,1,0.128,72,0,0,1,0,0.232,1
ORD-14210,Raksha Tank,Home & Kitchen,6167.61,1,22,0.226,51,0,0,0,1,0.306,1
ORD-14211,Dhruv Garg,Beauty,7294.92,0,12,0.179,96,0,0,0,1,0.505,0
ORD-14212,Saumya Bhandari,Electronics,3127.6,0,27,0.367,137,0,0,1,0,0.226,0
ORD-14213,Vansha Divan,Electronics,4524.27,1,11,0.246,394,1,0,0,0,0.202,1
ORD-14214,Irya Bhattacharyya,Beauty,2139.52,0,13,0.089,274,0,0,0,1,0.397,0
ORD-14215,Zayyan Bala,Home & Kitchen,1235.8,0,26,0.262,148,0,0,0,0,0.174,1
ORD-14216,Raagini Deol,Home & Kitchen,5609.64,1,14,0.281,47,0,0,0,0,0.506,1
ORD-14217,Tanveer Seth,Fitness,2975.51,0,10,0.332,268,1,0,0,0,0.334,1
ORD-14218,Daksha Narayanan,Electronics,4956.69,0,42,0.36,151,1,0,0,1,0.341,1
ORD-14219,Yashoda Ray,Fitness,2112.23,1,9,0.189,136,0,0,0,0,0.087,1
ORD-14220,Divya Ahuja,Fashion,4859.98,1,7,0.469,234,0,0,0,1,0.359,1
ORD-14221,Ishita Dar,Fitness,3027.98,0,19,0.39,345,0,0,0,1,0.562,0
ORD-14222,Devansh Wagle,Fitness,1952.66,1,15,0.553,120,1,0,0,1,0.41,1
ORD-14223,Neel Hayer,Mobiles,1777.39,1,7,0.302,89,0,0,0,0,0.355,1
ORD-14224,Praneel Golla,Fashion,1114.69,0,6,0.517,203,1,0,0,0,0.136,0
ORD-14225,Warda Dar,Electronics,8954.73,0,16,0.143,818,1,0,0,0,0.327,0
ORD-14226,Gaurav Chandra,Fashion,5230.18,0,13,0.248,492,1,0,1,0,0.433,0
ORD-14227,Lila Reddy,Fashion,1986.49,0,12,0.2,90,0,0,0,0,0.297,0
ORD-14228,Urvi Devi,Fashion,4620.9,0,12,0.29,134,0,0,0,0,0.268,0
ORD-14229,Qadim Char,Mobiles,6817.0,1,7,0.249,284,0,0,0,0,0.268,1
ORD-14230,Isha Goel,Mobiles,2267.34,0,13,0.272,127,0,1,1,1,0.17,0
ORD-14231,Zayyan Tata,Electronics,1359.61,1,35,0.218,120,0,0,0,0,0.349,0
ORD-14232,Qarin Lad,Fashion,3972.89,0,15,0.371,111,0,0,0,1,0.415,1
ORD-14233,Sai Karan,Fashion,5099.62,0,16,0.351,177,1,0,0,0,0.34,0
ORD-14234,Finn Nori,Beauty,9864.13,0,27,0.084,18,0,0,0,0,0.331,0
ORD-14235,Girindra Viswanathan,Home & Kitchen,3780.63,0,13,0.417,640,0,0,0,0,0.567,0
ORD-14236,Anmol Bhat,Electronics,11761.46,1,6,0.489,257,0,0,0,0,0.353,0
ORD-14237,Kashvi Chandran,Fashion,8071.87,1,13,0.33,191,1,1,0,0,0.145,1
ORD-14238,Aarav Wadhwa,Beauty,660.81,1,9,0.505,237,1,0,0,0,0.577,1
ORD-14239,Aayush Narain,Beauty,2390.39,0,19,0.287,287,0,0,0,0,0.486,0
ORD-14240,Damini Bala,Electronics,5469.03,0,11,0.399,128,3,0,0,0,0.225,1
ORD-14241,Ekaraj Gera,Mobiles,7299.23,1,15,0.435,181,0,0,0,0,0.429,1
ORD-14242,Wishi Gopal,Electronics,3267.81,1,29,0.167,293,0,0,0,0,0.264,0
ORD-14243,Hemani Chatterjee,Fashion,2720.47,0,30,0.367,210,1,0,0,0,0.292,0
ORD-14244,Kavya Goel,Home & Kitchen,11004.45,0,16,0.246,232,0,0,0,0,0.288,0
ORD-14245,Peter Tripathi,Fitness,16422.19,1,23,0.027,92,0,0,0,0,0.249,0
ORD-14246,Sai Balasubramanian,Electronics,3950.12,1,8,0.169,49,0,0,0,0,0.141,0
ORD-14247,Jai Muni,Beauty,1266.43,1,24,0.144,140,0,0,0,0,0.283,0
ORD-14248,Hritik Palla,Fitness,3634.33,1,18,0.363,164,1,0,0,1,0.398,1
ORD-14249,Zarna Ganesh,Mobiles,1899.75,1,7,0.473,189,0,0,0,0,0.303,1
ORD-14250,Widisha Hans,Electronics,3471.52,0,11,0.348,77,0,0,0,0,0.387,1
ORD-14251,Geetika Sha,Electronics,5497.66,0,7,0.425,74,2,0,0,0,0.383,0
ORD-14252,Sara Dada,Fashion,1443.1,0,12,0.465,405,0,0,0,0,0.233,1
ORD-14253,Hamsini Koshy,Beauty,4656.8,0,15,0.203,173,0,1,0,0,0.065,0
ORD-14254,Lohit Khatri,Electronics,3689.5,0,20,0.124,269,0,0,0,1,0.225,0
ORD-14255,Raghav Raval,Fashion,2999.23,0,16,0.165,332,0,0,0,1,0.414,1
ORD-14256,Ishita Bhargava,Fashion,1207.09,0,7,0.181,168,0,0,0,0,0.52,1
ORD-14257,Hardik Venkatesh,Fashion,8113.26,0,24,0.532,131,0,0,0,1,0.427,1
ORD-14258,Ekani Vyas,Electronics,2448.38,1,14,0.279,487,0,0,0,1,0.398,1
ORD-14259,Sai Mandal,Electronics,4537.66,0,11,0.484,321,1,0,1,0,0.565,0
ORD-14260,Krishna Sem,Fashion,8448.25,1,7,0.49,460,0,0,0,0,0.341,0
ORD-14261,Brinda Sandhu,Electronics,4856.05,1,12,0.386,158,0,0,0,1,0.641,1
ORD-14262,Radhika Purohit,Electronics,3135.04,1,14,0.405,560,1,0,0,0,0.486,0
ORD-14263,Vritti Bajwa,Mobiles,2957.43,1,14,0.461,736,2,0,0,1,0.342,1
ORD-14264,Hemang Nagy,Electronics,2756.26,0,11,0.286,363,0,0,0,0,0.446,1
ORD-14265,Lopa Mohan,Home & Kitchen,4744.88,0,15,0.262,98,0,0,0,0,0.416,0
ORD-14266,Bhavna Bhakta,Home & Kitchen,10191.15,0,21,0.2,165,0,0,1,0,0.325,0
ORD-14267,Raghav Chakraborty,Mobiles,3815.21,0,14,0.427,155,0,0,0,0,0.134,0
ORD-14268,Oscar Murthy,Fitness,6342.78,0,12,0.166,154,1,0,0,0,0.587,0
ORD-14269,Ayaan Batta,Electronics,1413.26,1,15,0.108,198,0,0,0,0,0.114,0
ORD-14270,Lekha Guha,Fitness,4203.44,1,5,0.426,330,0,0,0,0,0.468,1
ORD-14271,Charles Saraf,Mobiles,4767.41,0,11,0.253,0,0,0,1,0,0.503,0
ORD-14272,Yashoda Prabhakar,Home & Kitchen,2925.78,1,6,0.374,18,0,0,0,0,0.352,1
ORD-14273,Tanish Chaudhary,Home & Kitchen,3469.06,0,5,0.183,49,0,0,0,0,0.263,1
ORD-14274,Quincy Kant,Electronics,2351.66,1,3,0.194,730,0,0,0,1,0.21,0
ORD-14275,Elijah Jani,Beauty,4928.35,0,8,0.084,240,1,0,0,0,0.238,0
ORD-14276,Samuel Aurora,Fashion,2812.24,1,20,0.246,272,0,0,0,0,0.467,0
ORD-14277,Lakshmi Jha,Fashion,2057.04,0,4,0.425,531,1,0,0,0,0.341,1
ORD-14278,Bina Agrawal,Mobiles,3268.02,1,4,0.4,135,0,0,0,0,0.252,1
ORD-14279,Ganga Goel,Home & Kitchen,3993.54,0,7,0.119,129,0,0,0,1,0.22,0
ORD-14280,Vedant Prabhu,Mobiles,1279.11,0,16,0.223,321,0,0,0,1,0.17,1
ORD-14281,Chaitanya Dugal,Electronics,3076.49,0,13,0.218,125,0,0,0,0,0.46,1
ORD-14282,Yatin Kuruvilla,Mobiles,4173.45,0,11,0.425,310,0,0,0,0,0.252,1
ORD-14283,Dayita Jayaraman,Fashion,1514.04,0,15,0.253,212,0,0,0,0,0.308,0
ORD-14284,Nimrat Anne,Electronics,1999.44,0,5,0.383,44,1,0,0,0,0.238,1
ORD-14285,Odika Purohit,Fashion,3495.5,0,13,0.289,153,0,0,0,1,0.225,0
ORD-14286,Ranveer Sura,Mobiles,5994.68,1,23,0.227,171,0,0,0,1,0.145,0
ORD-14287,Advaith Rana,Fitness,5153.4,0,13,0.364,322,1,0,1,0,0.435,0
ORD-14288,Saumya Dave,Beauty,5948.09,0,11,0.281,252,0,0,0,0,0.673,1
ORD-14289,Ekavir Contractor,Fitness,3382.32,0,27,0.185,428,0,0,0,0,0.501,0
ORD-14290,Nathan Suresh,Mobiles,8956.03,0,22,0.17,175,0,0,0,1,0.393,1
ORD-14291,Qadim Yadav,Beauty,4871.19,0,4,0.082,171,0,0,0,0,0.542,0
ORD-14292,Oliver Kunda,Fashion,1342.53,0,10,0.199,14,0,0,0,0,0.322,0
ORD-14293,Bhavani Yadav,Mobiles,3077.37,0,19,0.199,104,0,0,0,0,0.15,1
ORD-14294,Bhavani Lal,Fashion,5766.98,0,9,0.165,189,1,0,0,0,0.116,0
ORD-14295,Jagdish Rana,Electronics,3549.76,0,10,0.249,37,0,0,0,1,0.271,0
ORD-14296,Gabriel Tank,Electronics,3445.57,0,21,0.319,81,0,1,1,0,0.389,1
ORD-14297,Joshua Vasa,Home & Kitchen,3115.08,1,8,0.21,149,0,0,0,0,0.151,0
ORD-14298,Upasna Srinivas,Beauty,3498.12,1,19,0.047,158,0,1,0,0,0.449,1
ORD-14299,Isaac Karnik,Fitness,7363.82,1,1,0.245,114,0,0,0,1,0.079,0
ORD-14300,Lipika Gour,Fashion,1533.75,0,12,0.221,88,0,0,0,0,0.185,0
ORD-14301,Ekansh Khurana,Fashion,2485.21,0,17,0.279,75,0,0,0,0,0.228,0
ORD-14302,Kamala Sarma,Fashion,2277.31,0,18,0.297,271,0,0,0,0,0.052,0
ORD-14303,Riya Barman,Fashion,3370.3,1,8,0.357,247,0,0,0,1,0.383,1
ORD-14304,Shivansh Nadkarni,Beauty,5654.6,0,19,0.214,430,0,0,0,1,0.39,1
ORD-14305,Akshay Dua,Home & Kitchen,4746.96,0,10,0.077,135,0,0,0,0,0.589,0
ORD-14306,Zashil Gill,Fashion,5185.1,0,12,0.231,257,0,0,0,0,0.121,0
ORD-14307,Turvi Iyer,Fashion,4075.97,0,13,0.262,50,0,0,0,1,0.323,0
ORD-14308,Mahika Rai,Electronics,18173.65,0,7,0.226,65,0,0,0,0,0.333,0
ORD-14309,Bishakha Tiwari,Home & Kitchen,3451.76,1,20,0.506,58,0,0,0,0,0.135,1
ORD-14310,Umang Gour,Electronics,707.21,0,10,0.158,623,0,0,0,0,0.441,0
ORD-14311,Gautami Sarna,Home & Kitchen,3623.1,1,4,0.271,121,0,0,0,0,0.689,0
ORD-14312,Ridhi Boase,Beauty,7429.96,1,2,0.154,579,0,0,0,0,0.389,0
ORD-14313,Bhavna Dyal,Electronics,11433.24,0,16,0.303,64,0,0,0,0,0.456,1
ORD-14314,Eesha Bhandari,Fashion,4905.05,0,10,0.262,144,0,0,0,0,0.302,0
ORD-14315,Dhruv Rout,Home & Kitchen,13542.34,0,11,0.124,510,0,0,0,1,0.171,0
ORD-14316,Omkaar Nagy,Home & Kitchen,9531.48,1,10,0.417,144,0,0,0,0,0.424,1
ORD-14317,Balvan Dhar,Home & Kitchen,3205.66,1,1,0.145,171,0,0,0,0,0.52,0
ORD-14318,Vivaan Ahuja,Fashion,2800.09,0,22,0.1,151,0,0,1,0,0.334,0
ORD-14319,Aarush Bhardwaj,Mobiles,5127.2,0,5,0.431,47,0,0,0,0,0.226,1
ORD-14320,Jagdish Kapur,Mobiles,2969.24,0,7,0.176,49,0,0,0,0,0.09,0
ORD-14321,Ethan Bahri,Electronics,3742.06,0,14,0.497,90,0,0,0,0,0.472,1
ORD-14322,Libni Mandal,Electronics,6900.24,0,21,0.563,39,1,0,0,1,0.567,1
ORD-14323,Shivani Khanna,Electronics,18055.75,1,7,0.146,105,0,1,0,1,0.483,1
ORD-14324,Zashil Pai,Fashion,2398.57,1,4,0.334,26,1,1,0,1,0.29,1
ORD-14325,Varenya Dua,Fashion,2942.14,1,12,0.39,115,0,0,0,0,0.216,1
ORD-14326,Jagvi Kapur,Mobiles,9494.2,1,16,0.591,216,0,0,0,0,0.322,1
ORD-14327,Bhavini Ghosh,Electronics,3265.11,0,7,0.32,251,0,0,0,0,0.329,1
ORD-14328,Aarini Dyal,Fitness,4628.96,0,4,0.351,93,0,0,1,0,0.21,0
ORD-14329,Ansh Sankaran,Fitness,5666.26,1,21,0.153,511,0,0,0,0,0.235,1
ORD-14330,Maanas Basak,Fashion,13525.73,0,17,0.457,124,1,0,0,1,0.434,0
ORD-14331,Nirja Karan,Electronics,5180.4,0,15,0.509,84,0,0,0,1,0.408,1
ORD-14332,Jeremiah Pandit,Fashion,9090.07,0,18,0.187,315,0,0,1,0,0.341,0
ORD-14333,Nidra Sama,Electronics,2113.98,0,7,0.21,620,2,0,0,0,0.192,0
ORD-14334,Triveni Sethi,Mobiles,3341.54,0,26,0.28,311,0,0,0,1,0.237,1
ORD-14335,Lipika Sheth,Beauty,2383.36,0,7,0.329,37,0,0,0,0,0.395,1
ORD-14336,Geetika Nanda,Electronics,4627.38,0,12,0.426,410,0,0,1,0,0.141,0
ORD-14337,Kiaan Wagle,Home & Kitchen,11465.45,0,8,0.125,20,1,1,0,1,0.103,1
ORD-14338,Yatan Kalla,Fashion,9990.59,0,15,0.221,196,0,0,0,1,0.17,0
ORD-14339,Robert Patla,Mobiles,4842.5,0,14,0.293,702,0,1,0,0,0.305,0
ORD-14340,Nilima Prasad,Beauty,2264.6,0,16,0.098,145,0,0,0,1,0.191,1
ORD-14341,Tanay Ramaswamy,Mobiles,4532.39,0,23,0.135,216,0,0,0,0,0.201,0
ORD-14342,Upma Chopra,Fitness,3061.92,1,18,0.148,369,1,0,0,1,0.262,0
ORD-14343,Charita Sachar,Fashion,2966.96,0,26,0.176,752,0,0,1,0,0.165,0
ORD-14344,Ryan Kalla,Fashion,5611.55,1,18,0.282,120,0,0,0,1,0.261,1
ORD-14345,Naksh Rajagopalan,Electronics,5261.25,1,12,0.365,417,1,0,1,0,0.383,1
ORD-14346,Pranit Savant,Electronics,6591.97,1,9,0.319,52,1,0,0,0,0.45,1
ORD-14347,Samuel Raju,Electronics,3642.13,1,20,0.079,314,0,0,0,0,0.167,0
ORD-14348,Anjali Dugal,Fitness,2126.22,0,8,0.408,273,0,0,0,0,0.393,1
ORD-14349,Rudra Dora,Mobiles,3450.43,0,12,0.216,222,0,0,1,0,0.237,0
ORD-14350,Edhitha Sidhu,Electronics,6495.71,1,9,0.215,67,0,0,0,1,0.231,0
ORD-14351,Kalpit Sur,Fitness,4793.3,1,6,0.206,328,0,0,0,1,0.359,0
ORD-14352,Balendra Chatterjee,Fashion,4160.16,0,32,0.281,13,0,0,0,0,0.391,1
ORD-14353,Frederick Bail,Fashion,8128.19,1,24,0.08,233,0,0,0,0,0.127,0
ORD-14354,Chatresh Narula,Beauty,6320.46,1,12,0.533,145,0,0,0,0,0.362,1
ORD-14355,Dhriti Parikh,Fitness,3457.09,1,27,0.572,167,0,0,0,0,0.591,1
ORD-14356,Matthew Kala,Mobiles,5197.27,0,17,0.354,389,0,0,0,0,0.348,0
ORD-14357,Dominic Patil,Mobiles,7427.4,1,4,0.085,382,0,0,0,1,0.046,0
ORD-14358,Sanya Soman,Electronics,8525.71,1,4,0.238,668,2,0,0,0,0.213,0
ORD-14359,Parth Mann,Fitness,4485.08,0,10,0.099,100,0,0,0,0,0.049,0
ORD-14360,Harrison Dutta,Electronics,11433.34,0,15,0.307,39,0,0,0,0,0.081,0
ORD-14361,Nihal Sagar,Mobiles,7948.03,0,32,0.196,228,0,0,1,1,0.05,0
ORD-14362,Nimrat Dutt,Mobiles,2345.34,1,6,0.359,424,1,0,0,1,0.323,0
ORD-14363,Avni Krish,Fashion,5960.83,0,15,0.126,202,0,0,0,1,0.106,0
ORD-14364,Manan Saxena,Home & Kitchen,2734.34,1,18,0.54,58,2,0,0,0,0.626,1
ORD-14365,Balveer Deshmukh,Home & Kitchen,11550.99,0,15,0.134,345,0,0,0,0,0.189,0
ORD-14366,Urvashi Raghavan,Fashion,1328.5,0,9,0.369,13,0,0,0,0,0.519,0
ORD-14367,Onkar Bahri,Mobiles,3051.94,0,8,0.571,49,0,0,0,1,0.135,1
ORD-14368,Ridhi Gopal,Fitness,5163.12,1,17,0.11,104,0,0,0,0,0.377,0
ORD-14369,Anmol Swamy,Home & Kitchen,5106.55,0,4,0.39,108,0,0,0,0,0.364,0
ORD-14370,Harinakshi Chada,Electronics,3169.51,1,17,0.247,351,0,0,0,0,0.39,0
ORD-14371,Ekapad Goel,Fashion,3976.76,0,6,0.157,127,0,0,0,0,0.547,0
ORD-14372,Charita Ramesh,Electronics,6023.76,0,8,0.316,176,0,0,0,0,0.579,1
ORD-14373,Indrajit Hegde,Mobiles,2189.61,0,6,0.205,518,0,0,0,1,0.404,0
ORD-14374,Brinda Chacko,Beauty,2767.09,1,12,0.424,214,0,1,0,0,0.497,1
ORD-14375,Warda Babu,Fashion,6418.37,0,26,0.474,158,0,0,0,0,0.257,0
ORD-14376,Omkaar Patla,Fashion,10091.23,0,6,0.606,47,0,0,0,0,0.779,1
ORD-14377,Rehaan Varghese,Fashion,4216.4,1,10,0.439,52,1,0,0,0,0.156,1
ORD-14378,Zinal Bajwa,Home & Kitchen,3021.13,1,6,0.182,303,0,0,0,0,0.163,1
ORD-14379,Eiravati Ganesan,Beauty,3301.19,0,19,0.088,31,0,0,0,0,0.287,0
ORD-14380,William Mohan,Fitness,830.52,0,15,0.279,86,0,0,1,0,0.328,0
ORD-14381,Saumya Sant,Beauty,1457.38,0,9,0.381,127,0,1,0,0,0.504,1
ORD-14382,Banjeet Mahajan,Electronics,1401.55,0,8,0.224,110,0,0,0,0,0.303,0
ORD-14383,Faris Natarajan,Mobiles,3877.25,1,5,0.216,41,0,0,0,0,0.088,0
ORD-14384,Kalpit Anne,Fitness,15608.53,0,11,0.272,464,0,0,0,0,0.279,1
ORD-14385,Chasmum Rai,Beauty,5240.04,0,6,0.525,581,0,1,0,1,0.19,1
ORD-14386,Upma Rai,Mobiles,2828.19,1,8,0.37,93,0,0,0,0,0.563,0
ORD-14387,Balendra Madan,Mobiles,5388.97,0,18,0.295,48,1,0,0,0,0.429,0
ORD-14388,Gautami Peri,Fitness,6419.13,0,15,0.185,111,0,0,0,1,0.026,0
ORD-14389,Niharika Oommen,Electronics,4437.68,0,14,0.179,186,0,0,0,0,0.396,1
ORD-14390,Hiral Lal,Beauty,8428.67,0,6,0.04,89,0,0,0,0,0.436,0
ORD-14391,Vrinda Manda,Electronics,2602.9,0,16,0.285,392,0,0,0,0,0.317,1
ORD-14392,Fiyaz Sengupta,Electronics,7955.99,1,9,0.283,198,0,0,0,0,0.646,1
ORD-14393,Eiravati Upadhyay,Electronics,5611.71,0,19,0.383,1,0,0,0,1,0.422,0
ORD-14394,Arin Dave,Fitness,2603.81,1,21,0.14,734,0,0,1,1,0.189,0
ORD-14395,Xavier Borde,Electronics,7256.52,0,24,0.204,12,0,1,0,1,0.071,0
ORD-14396,Kashvi Bhattacharyya,Mobiles,16930.05,1,17,0.213,128,0,0,0,0,0.506,0
ORD-14397,Warjas Chahal,Home & Kitchen,2783.1,0,25,0.263,17,0,0,0,1,0.325,0
ORD-14398,Aditya Arya,Electronics,26601.11,0,44,0.247,105,1,0,0,0,0.193,0
ORD-14399,Ekavir Dugal,Electronics,3129.28,1,17,0.217,505,0,0,0,0,0.193,0
ORD-14400,Ganga Cherian,Home & Kitchen,3576.5,1,17,0.183,467,1,0,0,0,0.355,0
ORD-14401,Daksh Dewan,Mobiles,9933.18,1,19,0.309,312,0,0,0,1,0.536,1
ORD-14402,Finn Grewal,Fashion,3502.89,0,18,0.267,318,0,0,0,0,0.458,0
ORD-14403,Gavin Aggarwal,Electronics,3547.89,1,25,0.248,43,0,0,0,0,0.228,0
ORD-14404,Viraj Kade,Fitness,4869.68,1,6,0.052,136,0,0,0,0,0.22,1
ORD-14405,Fariq Ram,Mobiles,3239.04,1,24,0.351,10,0,0,0,1,0.198,0
ORD-14406,Reyansh Soni,Mobiles,8812.36,0,29,0.338,0,0,1,0,0,0.406,1
ORD-14407,Warhi Grewal,Fitness,2947.08,1,22,0.157,94,0,0,0,0,0.528,0
ORD-14408,Bhavna Bhat,Home & Kitchen,6929.75,1,20,0.422,944,0,0,1,0,0.388,1
ORD-14409,Qasim Tripathi,Home & Kitchen,6023.84,0,8,0.099,6,0,0,0,1,0.326,0
ORD-14410,Fariq Goda,Fashion,14786.59,0,22,0.43,530,1,0,0,0,0.235,0
ORD-14411,Adya Dhawan,Mobiles,2762.44,1,22,0.197,69,0,0,0,0,0.26,1
ORD-14412,Jatin Borra,Electronics,1482.96,0,10,0.529,102,0,0,0,0,0.385,1
ORD-14413,Rachit Nagy,Home & Kitchen,1604.43,0,11,0.158,542,1,0,0,0,0.332,0
ORD-14414,Nicholas Rana,Mobiles,6806.18,1,9,0.396,201,0,0,0,0,0.18,1
ORD-14415,Nitara Toor,Electronics,7309.07,1,20,0.251,205,0,0,0,0,0.238,0
ORD-14416,Tejas Sandhu,Fitness,1630.68,1,26,0.261,1,0,0,0,0,0.086,1
ORD-14417,Hemani Khosla,Fashion,3112.77,0,9,0.097,328,0,0,0,0,0.232,0
ORD-14418,Zayan Manda,Mobiles,7746.77,0,9,0.483,373,0,0,0,1,0.447,0
ORD-14419,Dhruv Bhatia,Home & Kitchen,21771.28,0,18,0.3,228,1,1,0,0,0.467,0
ORD-14420,Wakeeta Padmanabhan,Home & Kitchen,16074.66,0,10,0.168,100,1,0,1,1,0.226,0
ORD-14421,Qushi Buch,Fitness,2491.14,0,17,0.37,530,0,0,0,0,0.124,0
ORD-14422,Advik Chakrabarti,Mobiles,2799.13,0,18,0.239,432,0,0,0,1,0.267,1
ORD-14423,Janaki Bhatti,Fashion,3989.69,0,5,0.092,127,0,1,0,0,0.657,1
ORD-14424,Eiravati Seshadri,Mobiles,9354.81,0,11,0.388,352,0,0,0,1,0.28,1
ORD-14425,Varsha Prabhakar,Mobiles,3484.53,1,7,0.31,248,0,0,0,0,0.351,0
ORD-14426,Charita Suresh,Fashion,6595.5,0,24,0.043,364,0,0,0,0,0.294,0
ORD-14427,Ranveer Kari,Home & Kitchen,5787.25,0,6,0.306,33,1,1,0,1,0.166,0
ORD-14428,Brijesh Pandit,Home & Kitchen,3439.05,0,29,0.154,61,0,0,0,1,0.17,0
ORD-14429,Udyati Shenoy,Home & Kitchen,1948.01,0,6,0.266,107,1,0,0,0,0.369,1
ORD-14430,Neha Sheth,Fashion,8323.21,0,12,0.378,54,2,0,0,1,0.24,1
ORD-14431,Sneha Dua,Mobiles,3462.37,1,23,0.188,178,0,0,0,0,0.505,0
ORD-14432,Lekha Saini,Fitness,8427.43,0,15,0.14,94,0,0,1,0,0.221,1
ORD-14433,Liam Nadig,Home & Kitchen,1113.02,0,4,0.03,416,0,0,0,0,0.373,0
ORD-14434,Manthan Ratta,Fashion,3630.06,0,16,0.122,102,0,0,0,0,0.573,0
ORD-14435,Akshay Saraf,Mobiles,3367.28,0,24,0.327,143,0,0,0,1,0.314,0
ORD-14436,Matthew Gour,Electronics,6687.76,1,10,0.161,84,1,0,0,1,0.069,0
ORD-14437,Girish Babu,Electronics,8581.28,1,19,0.429,122,1,0,0,1,0.225,1
ORD-14438,Urmi Doctor,Home & Kitchen,3267.61,1,13,0.256,51,1,0,0,0,0.545,1
ORD-14439,Geetika Hora,Mobiles,14715.62,0,16,0.575,87,2,0,0,0,0.691,1
ORD-14440,Widisha Ramanathan,Electronics,5922.3,0,37,0.134,252,0,0,0,1,0.263,0
ORD-14441,Chavvi Mall,Mobiles,5395.51,1,12,0.446,238,0,0,1,0,0.617,1
ORD-14442,Ranveer Sur,Fashion,23610.21,0,4,0.504,142,0,0,1,0,0.364,1
ORD-14443,Rachita Saran,Electronics,1449.13,1,7,0.364,11,1,0,0,1,0.269,0
ORD-14444,Vinaya Bhasin,Fitness,1826.01,1,10,0.073,41,0,0,0,1,0.456,0
ORD-14445,Hitesh Bhavsar,Fashion,6350.62,1,13,0.203,182,1,1,0,1,0.092,1
ORD-14446,Vansha Mann,Electronics,1449.85,0,26,0.171,94,0,0,0,0,0.43,0
ORD-14447,Wahab Venkataraman,Beauty,7613.44,0,25,0.27,13,0,0,0,1,0.427,1
ORD-14448,Tarak Saha,Mobiles,10283.78,0,19,0.361,132,0,0,0,0,0.184,1
ORD-14449,Agastya Morar,Home & Kitchen,3752.87,1,10,0.361,210,0,0,0,1,0.43,1
ORD-14450,Hamsini Mukhopadhyay,Beauty,3911.31,1,19,0.17,118,0,0,0,0,0.265,0
ORD-14451,Jairaj Dayal,Mobiles,1948.22,0,6,0.216,385,0,0,0,0,0.199,0
ORD-14452,Harita Prakash,Beauty,6231.16,1,2,0.452,151,1,0,0,0,0.292,1
ORD-14453,Kala Solanki,Mobiles,3401.64,1,17,0.482,29,1,0,0,0,0.753,1
ORD-14454,Andrew Sekhon,Electronics,7166.68,0,13,0.263,237,0,0,0,0,0.172,0
ORD-14455,Omisha Koshy,Electronics,7798.69,1,14,0.19,84,0,0,0,0,0.127,0
ORD-14456,Eta Kaur,Electronics,5192.62,0,5,0.151,134,0,0,0,0,0.405,0
ORD-14457,Vamakshi Mand,Home & Kitchen,10126.85,1,3,0.12,113,0,0,0,1,0.513,0
ORD-14458,Garima Hayer,Electronics,6798.65,1,6,0.063,509,0,0,0,0,0.347,0
ORD-14459,Ekanta Karnik,Beauty,2040.89,0,14,0.275,27,0,0,0,0,0.397,1
ORD-14460,Zaid Suresh,Home & Kitchen,9659.48,0,7,0.208,33,0,0,0,0,0.349,0
ORD-14461,Anirudh Munshi,Home & Kitchen,1258.53,1,3,0.192,439,0,1,0,0,0.358,1
ORD-14462,Leena Divan,Mobiles,3532.84,0,1,0.549,229,0,0,0,0,0.559,1
ORD-14463,Finn Wadhwa,Electronics,12405.44,0,10,0.39,455,1,1,0,0,0.299,1
ORD-14464,Turvi Lata,Fashion,5403.8,1,7,0.212,418,2,0,0,0,0.121,0
ORD-14465,Shivani Ramachandran,Beauty,4332.58,1,8,0.226,90,0,0,0,0,0.074,0
ORD-14466,Anya Dhar,Mobiles,10260.05,0,5,0.443,143,0,0,0,0,0.24,0
ORD-14467,Daniel Som,Fitness,6947.73,1,25,0.413,349,0,0,0,1,0.333,0
ORD-14468,Udant Aggarwal,Home & Kitchen,7496.13,1,8,0.348,229,1,1,0,0,0.326,1
ORD-14469,Ishani Subramanian,Mobiles,5921.32,1,23,0.491,267,1,0,0,1,0.356,1
ORD-14470,Anjali Nagarajan,Electronics,4529.49,0,14,0.33,434,1,0,0,1,0.151,0
ORD-14471,Dipta Yadav,Electronics,7762.51,1,3,0.579,346,1,0,0,0,0.644,1
ORD-14472,Raghav Dara,Mobiles,1924.93,0,8,0.156,331,0,0,0,1,0.307,0
ORD-14473,Darsh Hayer,Fashion,7548.88,0,14,0.478,135,0,0,0,0,0.213,0
ORD-14474,Yuvraj Puri,Fashion,10360.81,0,7,0.452,4,0,0,0,0,0.125,1
ORD-14475,Advay Misra,Fitness,3083.62,1,29,0.136,79,0,0,0,1,0.37,0
ORD-14476,Samarth Dhawan,Beauty,7015.95,0,12,0.327,68,0,0,0,0,0.556,1
ORD-14477,Aryan Balakrishnan,Electronics,7837.67,0,14,0.499,57,2,0,0,1,0.488,1
ORD-14478,Farhan Pillay,Electronics,3323.66,1,32,0.563,263,1,0,0,0,0.172,1
ORD-14479,Manbir Sekhon,Beauty,3593.9,0,8,0.249,100,0,0,0,0,0.389,1
ORD-14480,Naksh Sawhney,Fitness,2358.44,0,14,0.259,314,0,1,0,0,0.506,1
ORD-14481,Hritik Mahal,Fashion,3968.92,0,15,0.212,416,0,0,0,1,0.279,0
ORD-14482,Anya Hora,Electronics,10812.14,1,12,0.606,25,0,0,0,1,0.316,1
ORD-14483,Bhavani Gaba,Fashion,7565.9,0,9,0.325,83,0,1,0,0,0.195,0
ORD-14484,Ekantika Badal,Home & Kitchen,2345.49,1,32,0.708,10,0,1,0,0,0.332,1
ORD-14485,Charles Narain,Fitness,1500.92,1,7,0.434,277,1,0,1,1,0.138,1
ORD-14486,Jyoti Dhar,Beauty,15225.95,1,17,0.278,172,0,0,0,1,0.442,1
ORD-14487,Keya Bal,Electronics,1680.33,1,15,0.358,157,0,0,0,0,0.306,0
ORD-14488,Ekiya Randhawa,Fitness,3508.03,0,8,0.465,238,1,0,0,0,0.295,0
ORD-14489,Eta Banerjee,Fashion,3905.02,0,10,0.349,306,1,0,0,0,0.268,0
ORD-14490,Ekiya Baral,Electronics,11976.05,1,14,0.205,88,0,0,0,1,0.478,1
ORD-14491,Kevin Taneja,Beauty,9782.55,0,14,0.248,303,0,1,0,1,0.163,1
ORD-14492,Ekansh Dey,Mobiles,11405.72,1,10,0.163,579,0,0,0,0,0.083,0
ORD-14493,Harsh Virk,Mobiles,5220.01,1,2,0.383,714,0,1,0,0,0.204,1
ORD-14494,Wahab Chanda,Fashion,3090.84,0,9,0.334,79,0,0,0,0,0.533,0
ORD-14495,Ishanvi Nigam,Electronics,1933.55,1,6,0.332,369,1,0,1,0,0.715,1
ORD-14496,Nitara Oza,Electronics,2016.49,0,6,0.24,220,1,0,0,0,0.33,0
ORD-14497,Waida Rattan,Home & Kitchen,2774.83,0,14,0.158,1,0,0,0,1,0.247,1
ORD-14498,Omaja Randhawa,Fashion,8703.8,1,12,0.303,394,1,0,0,0,0.438,1
ORD-14499,Gaurav Johal,Electronics,3392.53,1,8,0.328,210,0,0,0,0,0.396,1
ORD-14500,Nathan D’Alia,Fitness,6553.27,1,5,0.348,20,0,0,0,0,0.473,1
ORD-14501,Utkarsh Khatri,Fashion,6804.27,1,7,0.315,400,0,0,0,0,0.182,0
ORD-14502,Arjun Ben,Electronics,10293.86,1,14,0.202,645,0,0,0,0,0.19,0
ORD-14503,Varenya Basak,Beauty,1766.48,0,12,0.125,874,0,0,0,1,0.386,1
ORD-14504,Theodore Kaul,Fashion,2464.97,0,6,0.092,181,0,0,0,0,0.475,0
ORD-14505,Laksh Tella,Mobiles,7283.76,0,13,0.293,16,0,0,0,0,0.476,0
ORD-14506,Ekantika Ram,Fashion,6937.79,0,3,0.403,218,1,0,0,0,0.31,1
ORD-14507,Anirudh Uppal,Fitness,2567.93,0,18,0.238,38,0,0,0,1,0.326,1
ORD-14508,Waida Bajwa,Electronics,9423.63,0,14,0.2,28,0,0,1,0,0.168,0
ORD-14509,Ekansh Baria,Home & Kitchen,13252.96,1,19,0.411,427,0,0,0,1,0.488,0
ORD-14510,Balendra Joshi,Electronics,710.78,0,9,0.191,89,0,0,0,1,0.107,0
ORD-14511,Vyanjana Amble,Electronics,3803.43,1,17,0.41,283,0,1,0,0,0.346,1
ORD-14512,Faris Pillai,Mobiles,23976.57,1,28,0.434,95,0,0,0,0,0.389,1
ORD-14513,Mekhala Kala,Electronics,3146.68,1,9,0.038,62,0,0,0,0,0.38,0
ORD-14514,Abhimanyu Manda,Fitness,3967.18,0,23,0.053,309,0,0,0,0,0.272,0
ORD-14515,Kavya Vaidya,Beauty,5047.33,0,3,0.224,22,0,0,0,0,0.144,0
ORD-14516,Nathaniel Jaggi,Fashion,5181.01,0,7,0.386,16,0,0,0,0,0.306,1
ORD-14517,Gaurika Hayre,Mobiles,7648.98,1,16,0.149,73,0,0,0,0,0.163,0
ORD-14518,Abha Ramaswamy,Fashion,2141.89,1,17,0.218,4,0,0,0,1,0.143,0
ORD-14519,Bhavika Seth,Electronics,3964.32,1,14,0.028,17,0,0,0,1,0.564,1
ORD-14520,Sanaya Vala,Home & Kitchen,2988.37,1,20,0.085,46,0,0,0,1,0.405,0
ORD-14521,Samarth Goyal,Electronics,1918.17,1,24,0.178,38,0,0,0,0,0.13,0
ORD-14522,Benjamin Ram,Electronics,2428.0,1,22,0.301,426,0,0,0,1,0.299,1
ORD-14523,Samesh Iyengar,Fashion,7527.02,0,20,0.376,98,0,0,0,0,0.336,1
ORD-14524,Tanish Mitter,Home & Kitchen,8038.85,0,17,0.178,72,1,0,0,1,0.339,1
ORD-14525,Ubika Bhagat,Electronics,3618.1,0,24,0.209,128,1,0,1,0,0.124,0
ORD-14526,Zayyan Kalla,Fashion,4530.31,0,13,0.202,459,1,0,0,0,0.206,0
ORD-14527,Dayita Arora,Electronics,5616.44,0,22,0.261,235,0,0,0,1,0.415,1
ORD-14528,Pratyush Nath,Mobiles,11593.74,1,6,0.264,393,0,0,1,0,0.3,0
ORD-14529,Xalak Rama,Home & Kitchen,2689.98,0,2,0.193,110,0,0,0,1,0.117,1
ORD-14530,Tanvi Raman,Mobiles,6141.98,1,18,0.392,640,1,0,0,0,0.227,1
ORD-14531,Vyanjana Srinivasan,Home & Kitchen,4200.32,1,8,0.473,59,0,0,0,0,0.837,1
ORD-14532,Yuvraj Brahmbhatt,Home & Kitchen,2804.33,0,20,0.25,64,0,0,0,0,0.144,0
ORD-14533,Aadi Balasubramanian,Mobiles,1573.89,0,15,0.206,267,0,0,0,0,0.108,0
ORD-14534,Advay Mahal,Mobiles,1402.5,0,31,0.341,235,0,0,0,0,0.33,0
ORD-14535,Chavvi Saxena,Electronics,4694.57,0,20,0.351,86,1,0,0,0,0.155,1
ORD-14536,Nathaniel Chatterjee,Beauty,3906.01,0,57,0.25,208,0,0,0,0,0.285,1
ORD-14537,Jhalak Kale,Home & Kitchen,5734.2,1,20,0.117,215,0,0,0,1,0.228,0
ORD-14538,Pallavi Pradhan,Beauty,2521.68,0,3,0.166,217,0,0,0,0,0.207,0
ORD-14539,Ati Sahni,Fitness,5023.56,0,11,0.266,12,0,0,0,0,0.262,0
ORD-14540,Chameli Banerjee,Home & Kitchen,3571.78,0,13,0.096,91,0,0,1,0,0.326,0
ORD-14541,Chasmum Dhar,Mobiles,4036.44,1,22,0.12,233,1,0,1,0,0.29,0
ORD-14542,Tanmayi Jayaraman,Fashion,3847.27,0,20,0.388,84,1,0,0,0,0.324,1
ORD-14543,Azaan Soni,Mobiles,9082.81,0,27,0.281,102,0,0,1,0,0.201,1
ORD-14544,Akshay Chowdhury,Electronics,5585.39,1,25,0.355,116,2,0,0,0,0.558,0
ORD-14545,Wahab Shah,Fashion,9175.78,1,13,0.19,233,0,0,0,0,0.147,0
ORD-14546,Anamika Bajaj,Fashion,3598.19,1,51,0.513,17,0,0,0,0,0.185,1
ORD-14547,Dev Dua,Electronics,1967.52,0,16,0.327,267,1,0,0,0,0.117,0
ORD-14548,Dhruv Rao,Mobiles,10318.55,1,15,0.398,115,0,0,0,0,0.309,1
ORD-14549,Ayushman Barad,Electronics,4033.08,1,17,0.542,134,0,0,0,1,0.474,1
ORD-14550,Rachana Shroff,Mobiles,4945.6,0,16,0.153,140,0,1,1,1,0.095,0
ORD-14551,Parth Arya,Beauty,7829.52,0,18,0.101,167,0,0,1,0,0.28,1
ORD-14552,Dev Mand,Electronics,1882.74,0,20,0.026,143,0,0,0,1,0.254,0
ORD-14553,Varenya Jain,Home & Kitchen,7582.18,0,19,0.276,140,0,0,1,1,0.232,1
ORD-14554,Arjun Magar,Beauty,2513.82,0,11,0.305,222,1,0,0,0,0.094,0
ORD-14555,Wahab Sem,Fashion,1784.06,0,6,0.506,293,0,1,0,0,0.212,0
ORD-14556,Chaitanya Saran,Beauty,7670.49,0,13,0.426,238,1,0,0,0,0.21,1
ORD-14557,Vincent Batta,Fashion,7946.77,1,16,0.254,312,0,0,0,0,0.332,0
ORD-14558,Januja Chakrabarti,Home & Kitchen,6918.29,0,27,0.426,652,0,0,0,0,0.326,1
ORD-14559,Tanmayi Sodhi,Fashion,4793.43,0,5,0.25,163,0,0,1,0,0.167,0
ORD-14560,Kashvi Prabhu,Mobiles,3142.16,1,16,0.642,98,0,0,1,0,0.339,1
ORD-14561,Ekani Palan,Fashion,7984.02,0,11,0.124,34,0,1,0,0,0.415,1
ORD-14562,Owen Ratti,Electronics,4628.82,1,16,0.051,320,0,0,1,0,0.095,0
ORD-14563,Unni Palan,Fashion,8514.8,1,3,0.108,151,0,0,0,1,0.074,0
ORD-14564,Manbir Talwar,Fashion,5266.54,1,22,0.066,107,0,0,0,0,0.338,1
ORD-14565,Jagvi Sankaran,Home & Kitchen,2618.98,1,10,0.13,59,1,0,0,0,0.143,0
ORD-14566,Zehaan Devan,Mobiles,3107.42,0,18,0.453,352,2,0,0,1,0.466,1
ORD-14567,Jagrati Shukla,Home & Kitchen,7686.4,0,17,0.215,79,1,0,0,0,0.546,0
ORD-14568,Nitesh Basak,Electronics,3019.98,1,10,0.315,36,0,0,0,0,0.412,1
ORD-14569,Yashawini Dhillon,Home & Kitchen,1963.33,1,4,0.361,456,1,0,0,0,0.193,1
ORD-14570,Nathaniel Dewan,Home & Kitchen,4337.32,0,12,0.224,461,1,0,0,0,0.397,1
ORD-14571,Meghana Bumb,Beauty,2766.41,1,18,0.291,148,0,1,0,0,0.165,1
ORD-14572,Isaac Thaker,Fashion,8069.24,0,7,0.346,550,0,1,0,0,0.203,0
ORD-14573,Zinal Chawla,Home & Kitchen,4096.68,0,11,0.15,456,0,0,0,0,0.342,0
ORD-14574,Aachal Gala,Fitness,10242.6,0,13,0.093,0,0,0,0,0,0.577,1
ORD-14575,Gaurika Suresh,Electronics,4886.1,0,9,0.188,156,0,0,0,1,0.256,1
ORD-14576,Eshana Prakash,Fashion,3792.28,0,20,0.201,895,0,0,0,1,0.109,0
ORD-14577,Maya Kanda,Fashion,3060.57,1,18,0.537,58,0,0,1,0,0.212,1
ORD-14578,Nikita Cherian,Home & Kitchen,5145.17,0,21,0.382,433,0,0,0,0,0.236,0
ORD-14579,Sudiksha Dugal,Beauty,1264.16,1,21,0.535,328,2,0,0,0,0.295,1
ORD-14580,Aadi Thaman,Fashion,1697.71,0,15,0.255,82,2,0,1,0,0.462,1
ORD-14581,Warhi Dhawan,Electronics,10470.49,1,4,0.257,225,0,0,0,0,0.376,0
ORD-14582,Damini Khurana,Electronics,2508.0,1,12,0.577,328,0,1,0,0,0.428,1
ORD-14583,Chavvi Kadakia,Fashion,3924.75,1,11,0.199,504,0,0,0,0,0.109,1
ORD-14584,Rayaan Bajwa,Electronics,4936.36,0,44,0.281,67,0,0,0,0,0.147,1
ORD-14585,Azaan Merchant,Mobiles,2799.3,0,7,0.465,269,0,0,0,1,0.579,0
ORD-14586,Sarthak Grewal,Electronics,10816.0,0,23,0.2,75,0,0,0,1,0.295,1
ORD-14587,Ekalinga Kulkarni,Mobiles,22868.82,0,23,0.209,345,0,0,0,1,0.149,0
ORD-14588,Jagat Sami,Home & Kitchen,7020.11,0,11,0.517,91,0,0,0,0,0.435,1
ORD-14589,Neha Anne,Fitness,4640.55,1,17,0.273,15,0,0,0,0,0.165,1
ORD-14590,Hemal Rama,Fitness,7430.15,0,14,0.25,86,1,1,0,1,0.354,1
ORD-14591,Sathvik Modi,Fashion,3670.05,0,8,0.437,464,1,0,0,1,0.244,0
ORD-14592,Vanya Barman,Fashion,6164.29,1,20,0.384,292,0,0,1,0,0.167,0
ORD-14593,Azad Tata,Electronics,3987.54,1,13,0.494,216,0,0,0,1,0.594,1
ORD-14594,Indali Balasubramanian,Fashion,5649.56,1,5,0.281,38,0,0,1,0,0.24,0
ORD-14595,Urvashi Rajagopal,Electronics,16878.53,1,3,0.431,375,0,1,0,0,0.397,1
ORD-14596,Pahal Panchal,Mobiles,5073.79,0,14,0.113,238,0,0,0,0,0.129,0
ORD-14597,Avi Rai,Fashion,3022.11,0,25,0.242,582,1,0,0,0,0.137,1
ORD-14598,Vinaya Chadha,Mobiles,3593.53,1,13,0.209,172,0,0,0,0,0.183,0
ORD-14599,Zayyan Chanda,Fashion,3972.74,0,18,0.519,11,1,0,0,0,0.339,0
ORD-14600,Yatan Chandra,Fashion,8913.1,1,26,0.192,398,0,0,0,1,0.157,1
ORD-14601,Ladli Nazareth,Mobiles,1496.72,1,10,0.308,338,0,0,0,0,0.176,1
ORD-14602,Upasna Banerjee,Fitness,6086.34,1,6,0.074,41,0,0,0,1,0.166,0
ORD-14603,Dayita Seth,Electronics,4787.91,0,22,0.113,130,0,0,0,0,0.514,0
ORD-14604,Nirja Chandran,Electronics,3243.92,1,6,0.194,301,0,0,0,0,0.355,1
ORD-14605,Kabir Bala,Home & Kitchen,7710.6,0,18,0.137,318,0,0,0,0,0.201,0
ORD-14606,Ekapad Thakkar,Beauty,1148.53,1,11,0.195,312,0,0,0,0,0.417,0
ORD-14607,Ubika Maharaj,Home & Kitchen,2123.97,1,15,0.308,82,0,0,0,1,0.516,1
ORD-14608,Chanakya Kulkarni,Fitness,3453.26,0,14,0.297,266,0,0,0,1,0.217,0
ORD-14609,Zansi Swaminathan,Beauty,1858.67,0,12,0.108,74,0,0,0,0,0.425,0
ORD-14610,Siya Memon,Fashion,4516.78,0,8,0.25,3,0,0,0,0,0.27,1
ORD-14611,Balveer Mannan,Mobiles,6724.45,0,2,0.372,90,0,0,0,0,0.105,0
ORD-14612,Pooja Choudhary,Fitness,11726.59,0,19,0.391,8,0,0,0,1,0.148,1
ORD-14613,Faraj Issac,Fashion,5226.29,0,9,0.19,173,0,1,0,1,0.278,0
ORD-14614,Vedika Krish,Beauty,4104.75,0,13,0.269,69,1,0,1,0,0.32,1
ORD-14615,Lila Goda,Mobiles,8588.57,0,11,0.294,613,0,0,0,0,0.221,0
ORD-14616,Caleb Mittal,Electronics,9991.57,0,16,0.193,445,1,0,0,0,0.192,0
ORD-14617,Udant Oak,Fashion,12061.65,0,16,0.159,1076,0,0,0,0,0.264,0
ORD-14618,Veer Saxena,Home & Kitchen,5316.47,1,19,0.379,380,0,0,0,0,0.465,1
ORD-14619,Harrison Gala,Home & Kitchen,3816.06,0,10,0.493,177,0,0,0,1,0.308,0
ORD-14620,Kevin Bajwa,Beauty,981.27,0,22,0.158,300,0,0,0,1,0.091,0
ORD-14621,Watika Peri,Home & Kitchen,4226.31,1,5,0.052,508,0,0,0,0,0.172,0
ORD-14622,Ansh Vohra,Mobiles,2106.52,0,10,0.287,127,0,0,1,0,0.139,0
ORD-14623,Hitesh Sahota,Home & Kitchen,5832.52,0,12,0.081,28,0,0,0,1,0.203,0
ORD-14624,Bahadurjit Mallick,Home & Kitchen,3750.04,1,7,0.69,320,1,1,0,1,0.379,1
ORD-14625,Pahal Bhavsar,Beauty,1485.6,1,32,0.0,69,0,0,0,0,0.272,0
ORD-14626,Gagan Lall,Electronics,2086.41,0,6,0.474,175,0,0,0,0,0.412,1
ORD-14627,Vaishnavi Rattan,Beauty,4383.23,0,23,0.28,8,0,0,0,0,0.164,0
ORD-14628,Laksh Dara,Mobiles,4407.59,1,16,0.501,90,1,1,0,0,0.409,1
ORD-14629,Neel Chadha,Electronics,3679.86,0,12,0.023,626,0,0,0,0,0.257,0
ORD-14630,Ronith Sehgal,Mobiles,1259.18,0,23,0.372,78,0,0,1,0,0.378,0
ORD-14631,Adya Sridhar,Mobiles,3164.09,0,14,0.369,112,0,0,0,1,0.107,0
ORD-14632,Qasim Sachdev,Fashion,6529.23,1,5,0.071,15,0,0,0,1,0.436,0
ORD-14633,Balveer Kata,Mobiles,7011.62,1,8,0.218,14,0,1,0,0,0.122,0
ORD-14634,Manan Mital,Mobiles,4891.75,0,16,0.197,562,0,0,0,1,0.129,0
ORD-14635,Mahika Apte,Fitness,3067.28,0,17,0.287,456,2,0,0,0,0.532,1
ORD-14636,Darpan Uppal,Mobiles,1428.73,1,6,0.367,37,0,0,0,0,0.369,1
ORD-14637,Isaiah Vohra,Home & Kitchen,7318.97,0,20,0.156,4,0,0,0,0,0.233,0
ORD-14638,Aditya Mitter,Mobiles,3705.95,1,8,0.479,203,0,0,0,0,0.304,1
ORD-14639,Ekaja Kohli,Home & Kitchen,6311.52,0,11,0.156,149,0,0,0,0,0.368,0
ORD-14640,Tanay Gulati,Home & Kitchen,1035.2,0,6,0.169,384,0,1,0,0,0.212,0
ORD-14641,Vanya Srinivas,Fashion,1871.44,0,5,0.307,438,0,0,0,1,0.108,0
ORD-14642,Hardik Gera,Fashion,1848.26,0,7,0.081,92,0,0,1,0,0.422,0
ORD-14643,Ekavir Dhingra,Mobiles,6312.75,0,13,0.717,600,1,0,0,0,0.475,1
ORD-14644,Yashvi Dhillon,Mobiles,2003.75,0,14,0.153,215,1,0,0,0,0.389,0
ORD-14645,Vanya Varghese,Electronics,4456.6,0,12,0.079,579,0,0,0,0,0.428,0
ORD-14646,Nitesh Koshy,Electronics,5474.32,0,4,0.112,160,0,0,0,1,0.119,0
ORD-14647,Janaki Kar,Home & Kitchen,5546.26,1,16,0.292,154,0,1,0,0,0.282,1
ORD-14648,Niharika Bhasin,Fashion,5726.77,0,13,0.325,131,0,0,0,0,0.389,0
ORD-14649,Brijesh Nagi,Beauty,1256.42,0,10,0.143,11,1,0,0,0,0.205,1
ORD-14650,Ayaan Hans,Fashion,10662.16,1,9,0.439,234,1,0,0,1,0.598,1
ORD-14651,Mahika Sengupta,Electronics,2031.67,0,6,0.251,626,0,1,1,1,0.307,1
ORD-14652,Joshua Srinivas,Fitness,4336.85,1,9,0.303,96,0,0,0,1,0.278,1
ORD-14653,Nakul Khurana,Fashion,10217.22,1,11,0.317,116,0,0,0,1,0.318,0
ORD-14654,Widisha Borde,Electronics,4066.29,1,10,0.466,136,1,0,1,0,0.437,1
ORD-14655,Azaan Sahni,Mobiles,5021.26,0,5,0.257,176,1,0,0,0,0.425,1
ORD-14656,Frado Dhingra,Electronics,983.3,0,9,0.54,363,1,0,0,1,0.325,1
ORD-14657,Kala Mall,Fitness,3345.63,0,13,0.456,354,1,0,0,0,0.661,1
ORD-14658,Avni Shetty,Fashion,5301.87,0,7,0.256,475,0,0,1,0,0.353,0
ORD-14659,Chavvi Wason,Home & Kitchen,13198.05,0,5,0.094,37,1,0,0,0,0.135,0
ORD-14660,Darika Singhal,Fashion,16778.96,1,17,0.346,101,0,0,0,0,0.212,1
ORD-14661,Libni Devan,Fashion,3502.55,1,12,0.405,340,1,0,0,0,0.268,1
ORD-14662,Geetika Chand,Fitness,7838.97,0,18,0.287,5,0,0,0,0,0.359,1
ORD-14663,Hema Walia,Electronics,7351.53,1,8,0.199,131,0,0,0,0,0.222,1
ORD-14664,Zayan Loyal,Mobiles,2942.3,1,15,0.267,0,0,0,0,0,0.228,0
ORD-14665,Bhavya Varghese,Fashion,2061.02,0,7,0.612,220,0,0,1,0,0.423,0
ORD-14666,Dhriti Naik,Home & Kitchen,19917.91,1,2,0.197,5,0,0,1,0,0.062,0
ORD-14667,Rayaan Pall,Fashion,932.59,1,4,0.283,46,0,0,0,1,0.235,0
ORD-14668,Rehaan Nayak,Mobiles,4347.85,1,24,0.478,74,0,0,0,0,0.657,1
ORD-14669,Arya Lalla,Electronics,3909.21,0,21,0.216,65,0,0,0,1,0.367,0
ORD-14670,Raghav Dewan,Fitness,3962.34,1,25,0.336,983,1,1,0,1,0.441,1
ORD-14671,Ranveer Pathak,Home & Kitchen,5897.77,0,14,0.228,154,1,0,0,0,0.31,0
ORD-14672,Samarth Shere,Beauty,5902.41,1,17,0.492,213,0,0,0,0,0.276,1
ORD-14673,Jacob Manne,Mobiles,4987.56,1,41,0.522,475,0,0,0,0,0.148,1
ORD-14674,Samesh Nazareth,Electronics,4037.95,0,8,0.198,72,0,0,0,0,0.297,0
ORD-14675,Watika Prasad,Fashion,5975.34,1,20,0.394,138,1,1,0,0,0.162,1
ORD-14676,Manya Sule,Fitness,4499.87,0,7,0.351,158,1,0,0,0,0.453,1
ORD-14677,Tripti Yogi,Electronics,6927.2,1,7,0.162,27,1,0,0,0,0.237,1
ORD-14678,Madhav Kumar,Electronics,6065.24,0,5,0.282,42,1,0,0,1,0.108,1
ORD-14679,Zayyan Dash,Fashion,2897.88,0,10,0.248,9,0,0,0,0,0.45,0
ORD-14680,Maya Aggarwal,Fashion,3568.68,0,15,0.308,74,0,0,0,1,0.484,0
ORD-14681,Ranbir Kumar,Mobiles,3602.52,1,11,0.238,149,0,0,0,0,0.29,0
ORD-14682,Suhani Malhotra,Electronics,6029.41,0,6,0.277,245,0,0,0,1,0.385,0
ORD-14683,Rushil Lata,Mobiles,2559.22,1,13,0.485,953,0,0,0,0,0.201,1
ORD-14684,Prisha Suri,Fashion,1908.6,1,14,0.515,243,0,0,1,0,0.478,1
ORD-14685,Vamakshi Sarkar,Home & Kitchen,2733.82,0,9,0.266,402,0,0,0,0,0.166,1
ORD-14686,Dhriti Dar,Fitness,9481.92,0,11,0.423,26,0,1,0,1,0.587,1
ORD-14687,Pratyush Das,Home & Kitchen,3161.55,0,9,0.273,220,0,0,0,0,0.255,1
ORD-14688,Chatura Barman,Electronics,13291.24,0,6,0.16,16,0,0,0,1,0.188,0
ORD-14689,Arunima Chokshi,Home & Kitchen,4542.38,0,19,0.134,6,0,1,0,0,0.403,0
ORD-14690,Joshua Char,Fashion,2579.5,1,15,0.281,518,1,0,0,0,0.135,0
ORD-14691,Samarth Baral,Electronics,2030.39,0,8,0.221,87,0,0,1,1,0.429,0
ORD-14692,Advaith Choudhury,Fashion,2974.37,0,14,0.081,130,0,0,0,0,0.26,0
ORD-14693,Aradhana Mane,Mobiles,3202.03,0,12,0.335,15,0,1,0,0,0.27,1
ORD-14694,Wridesh Kashyap,Fashion,3860.73,1,10,0.248,192,0,0,0,1,0.096,1
ORD-14695,Amara Pandya,Fitness,2238.88,0,15,0.253,10,0,0,0,1,0.276,1
ORD-14696,Max Bajaj,Fitness,2210.14,0,32,0.271,160,0,0,1,0,0.1,1
ORD-14697,Thomas Garg,Electronics,33540.73,1,20,0.546,103,0,0,0,0,0.953,1
ORD-14698,Samar Badal,Home & Kitchen,11990.41,0,26,0.219,18,0,0,1,1,0.162,0
ORD-14699,Gavin Madan,Electronics,2773.61,0,9,0.204,445,0,0,1,0,0.392,1
ORD-14700,Jeet Chandran,Electronics,8160.94,0,6,0.566,31,1,0,0,1,0.31,1
ORD-14701,Niharika Kant,Fashion,3355.52,1,11,0.134,97,0,0,0,0,0.522,1
ORD-14702,Tripti Gandhi,Home & Kitchen,683.27,1,4,0.245,79,0,1,0,1,0.782,0
ORD-14703,Thomas Mammen,Fitness,4740.64,0,6,0.175,50,0,0,0,0,0.76,0
ORD-14704,Aarush Khare,Home & Kitchen,18658.83,0,25,0.421,246,1,0,0,0,0.242,1
ORD-14705,Radhika Raju,Mobiles,2985.12,0,9,0.311,250,0,0,0,0,0.339,0
ORD-14706,Tanay Kata,Fashion,6784.64,0,4,0.413,9,0,0,0,0,0.373,1
ORD-14707,Finn Rege,Fashion,8556.51,0,22,0.215,8,0,0,0,1,0.299,0
ORD-14708,Saanvi Doctor,Mobiles,9425.63,0,10,0.322,284,0,0,1,0,0.209,1
ORD-14709,Lajita Bajaj,Fashion,5317.07,0,13,0.448,133,0,0,0,0,0.409,1
ORD-14710,Samesh Swamy,Beauty,5337.74,0,9,0.379,25,0,0,0,0,0.171,1
ORD-14711,Hema Nagy,Beauty,3294.77,0,26,0.167,701,0,0,1,0,0.318,0
ORD-14712,Xalak Tripathi,Beauty,8204.32,0,28,0.172,133,0,0,0,1,0.291,0
ORD-14713,Riya Jha,Fashion,1594.4,0,24,0.421,215,1,0,1,1,0.591,1
ORD-14714,Maanas Brahmbhatt,Fitness,5743.53,1,7,0.347,11,0,0,0,0,0.499,1
ORD-14715,Om Raval,Electronics,3264.55,1,7,0.627,14,0,0,0,0,0.76,1
ORD-14716,Tejas Murthy,Fashion,2746.7,1,16,0.285,286,0,0,0,1,0.222,0
ORD-14717,Nidhi Mahal,Home & Kitchen,2685.65,1,14,0.141,496,0,0,0,1,0.447,0
ORD-14718,Bina Kashyap,Fashion,2964.55,0,13,0.23,191,0,1,0,0,0.309,1
ORD-14719,Upasna Bajwa,Fitness,16682.59,0,16,0.17,167,0,0,0,1,0.535,0
ORD-14720,Dhruv Sethi,Fashion,6441.55,0,25,0.201,185,0,0,0,1,0.319,0
ORD-14721,Lopa Pai,Fashion,3270.06,0,6,0.17,552,0,0,0,0,0.066,1
ORD-14722,Lakshmi Bahri,Beauty,1795.99,0,16,0.173,2,0,0,0,1,0.523,0
ORD-14723,Rajata Sehgal,Mobiles,4854.09,0,7,0.252,250,0,0,1,0,0.35,0
ORD-14724,Gaurav Sarkar,Mobiles,6493.01,0,6,0.29,16,0,0,0,0,0.288,0
ORD-14725,Ijaya Karnik,Mobiles,6578.98,0,29,0.434,478,1,0,1,0,0.366,1
ORD-14726,Jeevika Lad,Mobiles,1681.15,1,13,0.151,536,0,0,0,0,0.226,1
ORD-14727,Nakul Ganguly,Electronics,7821.11,1,4,0.257,391,0,0,1,0,0.156,0
ORD-14728,Zansi Wali,Home & Kitchen,30321.8,0,9,0.055,14,0,0,1,0,0.165,0
ORD-14729,Balhaar Raj,Fitness,3609.77,0,6,0.222,184,1,0,0,1,0.408,0
ORD-14730,Chanakya Karnik,Electronics,5831.6,0,2,0.235,196,0,0,0,0,0.083,0
ORD-14731,Nathan Chanda,Home & Kitchen,3535.08,0,5,0.247,393,1,0,0,0,0.196,1
ORD-14732,Zashil Buch,Fashion,2692.13,1,10,0.436,10,2,0,0,1,0.507,1
ORD-14733,Sneha Dixit,Electronics,10759.17,0,19,0.15,344,0,0,0,0,0.358,0
ORD-14734,Lucky Sarin,Electronics,1143.56,0,21,0.125,131,2,0,0,0,0.381,0
ORD-14735,Quincy Karnik,Home & Kitchen,5737.79,1,6,0.285,105,0,0,0,0,0.538,1
ORD-14736,Devika Ganesan,Mobiles,2469.96,0,18,0.401,30,1,1,0,1,0.527,0
ORD-14737,Vincent Chanda,Fashion,2399.1,1,7,0.228,5,1,0,0,0,0.223,1
ORD-14738,Patrick Mani,Electronics,5171.06,0,30,0.725,116,0,0,0,0,0.328,1
ORD-14739,Pallavi Ganesh,Electronics,6491.78,0,5,0.601,14,2,0,1,0,0.444,1
ORD-14740,Anay Hayre,Home & Kitchen,18691.56,1,2,0.246,55,0,0,1,0,0.364,1
ORD-14741,Ekalinga Chaudhuri,Fashion,6369.04,1,22,0.125,18,0,0,0,1,0.407,1
ORD-14742,Praneel Walla,Electronics,4007.18,0,7,0.079,84,0,0,0,0,0.176,0
ORD-14743,Turvi Pillay,Mobiles,2876.7,1,23,0.519,154,0,0,0,1,0.207,1
ORD-14744,Michael Walla,Mobiles,1726.52,1,12,0.269,76,0,0,0,1,0.274,0
ORD-14745,Yatan Anand,Electronics,8892.55,0,12,0.243,23,1,0,0,0,0.118,0
ORD-14746,Onveer Magar,Beauty,1090.01,1,8,0.277,9,0,0,1,0,0.262,1
ORD-14747,Xiti Thaman,Home & Kitchen,9792.39,0,23,0.254,824,0,0,0,0,0.297,1
ORD-14748,Meera Deshmukh,Mobiles,3228.03,1,13,0.258,408,0,0,0,0,0.472,0
ORD-14749,Chanakya Singh,Electronics,2684.09,1,14,0.568,19,1,0,0,0,0.406,1
ORD-14750,Kevin Khurana,Fashion,2971.58,1,17,0.359,39,0,0,0,0,0.161,1
ORD-14751,Arya Shere,Mobiles,6480.74,0,14,0.48,294,1,0,0,0,0.542,1
ORD-14752,Suhani Gill,Home & Kitchen,17356.11,0,15,0.209,315,0,0,0,0,0.513,1
ORD-14753,Yuvraj Edwin,Electronics,3847.71,1,5,0.218,165,0,0,0,0,0.316,0
ORD-14754,Ekalinga Purohit,Fitness,2240.2,0,16,0.191,20,0,0,0,0,0.122,0
ORD-14755,Aadi Mani,Electronics,4732.52,1,22,0.33,96,0,0,0,1,0.26,0
ORD-14756,Vrishti Rana,Mobiles,4432.3,0,22,0.304,113,0,0,1,0,0.295,0
ORD-14757,Unnati Venkatesh,Beauty,2312.91,1,1,0.12,635,0,0,0,0,0.188,1
ORD-14758,Nidhi Krishnamurthy,Fashion,8062.75,1,11,0.242,145,0,0,0,0,0.197,0
ORD-14759,Ojas Thakur,Fashion,7015.06,1,17,0.381,587,1,0,0,0,0.242,1
ORD-14760,Jonathan Bansal,Electronics,4518.48,0,20,0.431,38,0,0,0,0,0.367,0
ORD-14761,Ethan Pillai,Home & Kitchen,1922.01,1,17,0.467,49,1,0,0,1,0.201,1
ORD-14762,Jack Sachar,Mobiles,1780.52,0,9,0.107,161,0,0,0,0,0.194,1
ORD-14763,Keya Mistry,Fashion,5484.85,1,6,0.182,1056,0,0,0,1,0.605,0
ORD-14764,Arjun Murty,Beauty,7049.57,1,20,0.163,249,0,0,0,1,0.329,0
ORD-14765,Rushil Babu,Mobiles,10713.44,0,23,0.203,367,1,0,0,1,0.272,0
ORD-14766,Radhika Din,Beauty,4060.03,0,31,0.371,21,1,0,0,0,0.581,1
ORD-14767,Logan Mittal,Beauty,32925.4,0,19,0.185,610,1,0,0,0,0.11,0
ORD-14768,Yash Dhar,Fashion,2667.92,1,11,0.128,64,1,0,0,0,0.511,1
ORD-14769,Utkarsh Sarna,Mobiles,1913.97,1,7,0.194,395,0,0,0,0,0.102,0
ORD-14770,Vidhi Rastogi,Home & Kitchen,6055.65,1,16,0.393,34,0,0,0,0,0.187,1
ORD-14771,Udyati Prabhu,Electronics,5841.15,0,18,0.359,125,0,0,0,0,0.177,0
ORD-14772,Ubika De,Fashion,6165.88,0,25,0.316,54,1,0,0,0,0.301,1
ORD-14773,Charan Korpal,Home & Kitchen,8959.64,1,15,0.074,396,0,0,0,0,0.099,0
ORD-14774,Harrison Merchant,Electronics,2793.56,0,13,0.256,157,0,0,0,0,0.277,0
ORD-14775,Chatresh Palla,Fashion,11673.97,0,20,0.52,344,2,0,0,1,0.362,1
ORD-14776,Libni Sant,Fitness,3361.2,1,17,0.121,27,0,0,0,1,0.267,1
ORD-14777,Chaitaly Pant,Home & Kitchen,3982.03,1,12,0.176,448,0,0,0,1,0.119,1
ORD-14778,Banjeet Srinivas,Beauty,3900.55,0,3,0.302,214,0,1,0,1,0.302,1
ORD-14779,Indira Narula,Fashion,1570.84,0,13,0.259,284,0,1,0,0,0.26,0
ORD-14780,Dayita Toor,Electronics,3122.7,0,6,0.391,121,2,0,0,1,0.391,1
ORD-14781,Advay Chaudhuri,Mobiles,4054.03,1,7,0.423,897,1,0,1,0,0.324,1
ORD-14782,Anamika Bhasin,Electronics,2481.88,0,17,0.359,59,1,1,0,0,0.401,1
ORD-14783,Yashodhara Kamdar,Home & Kitchen,3461.88,1,24,0.292,701,2,0,0,0,0.26,1
ORD-14784,Arjun Sen,Fitness,1999.55,0,16,0.079,652,0,0,0,0,0.344,0
ORD-14785,Gaurika Sharma,Fashion,5709.73,0,10,0.433,202,1,0,0,0,0.39,1
ORD-14786,Eta Mane,Fashion,2110.04,1,4,0.24,102,0,0,0,0,0.352,0
ORD-14787,Charan Varughese,Fitness,5131.05,0,12,0.371,386,1,0,0,1,0.185,0
ORD-14788,Raksha Sura,Mobiles,1954.12,1,24,0.275,299,1,0,0,0,0.37,0
ORD-14789,Yoshita Bansal,Home & Kitchen,5227.68,0,2,0.245,172,0,0,1,0,0.095,1
ORD-14790,Mitesh Purohit,Electronics,1171.37,0,7,0.266,256,0,0,0,0,0.351,0
ORD-14791,Ria Loke,Home & Kitchen,3664.37,1,8,0.358,213,0,1,0,0,0.366,1
ORD-14792,Lucky Hegde,Fitness,6000.13,1,17,0.285,187,0,0,0,1,0.153,0
ORD-14793,Leena Majumdar,Beauty,10234.8,1,59,0.118,34,0,0,0,0,0.057,0
ORD-14794,Thomas Barman,Fashion,3053.92,0,12,0.555,133,1,1,0,0,0.623,1
ORD-14795,Chavvi Arora,Fashion,5127.78,0,13,0.338,108,0,0,0,0,0.317,1
ORD-14796,Robert Sahota,Home & Kitchen,3697.01,0,18,0.596,1922,0,1,0,1,0.674,1
ORD-14797,Omisha Doshi,Mobiles,4717.23,0,8,0.319,20,0,0,0,1,0.434,0
ORD-14798,Aadhya Kade,Fashion,3111.86,0,11,0.586,148,1,0,0,0,0.215,1
ORD-14799,Dominic Gade,Fashion,12787.49,1,31,0.229,8,0,0,0,1,0.179,1
ORD-14800,Alka Subramanian,Electronics,8848.99,0,18,0.21,169,0,0,0,0,0.415,1
ORD-14801,Theodore Sidhu,Fashion,4882.35,0,10,0.567,688,1,0,0,0,0.592,1
ORD-14802,Wakeeta Comar,Electronics,3098.95,1,5,0.27,194,0,0,0,0,0.299,0
ORD-14803,Tripti Oommen,Fashion,1517.48,1,13,0.377,72,1,0,0,0,0.332,1
ORD-14804,Upasna Kuruvilla,Electronics,1617.99,1,6,0.173,24,1,0,1,0,0.547,1
ORD-14805,Eta Vyas,Electronics,37759.87,1,4,0.387,136,1,1,0,0,0.529,1
ORD-14806,Zinal Mallick,Home & Kitchen,3945.91,0,13,0.574,59,2,1,0,0,0.587,1
ORD-14807,Upkaar Bains,Fashion,5818.78,1,4,0.374,58,0,0,0,1,0.378,0
ORD-14808,Vasudha Magar,Home & Kitchen,2158.83,0,18,0.265,91,1,1,0,0,0.247,1
ORD-14809,Yashodhara Mital,Fashion,5063.03,0,13,0.262,276,0,0,0,0,0.386,1
ORD-14810,Nidhi Behl,Beauty,6938.76,0,11,0.362,267,0,0,0,0,0.707,0
ORD-14811,Aarini Chhabra,Home & Kitchen,5255.96,0,15,0.387,159,0,1,0,1,0.489,1
ORD-14812,Udant Kanda,Home & Kitchen,8046.16,0,4,0.322,156,1,1,1,0,0.186,0
ORD-14813,Ucchal Dua,Fashion,5419.43,1,15,0.226,209,0,0,1,0,0.382,0
ORD-14814,Yashasvi Patil,Electronics,7303.84,0,29,0.169,91,0,0,0,1,0.196,0
ORD-14815,Mugdha Saini,Electronics,2267.44,0,14,0.389,32,0,0,0,0,0.301,1
ORD-14816,Chandani Bumb,Mobiles,6897.19,0,4,0.231,818,0,0,0,0,0.283,0
ORD-14817,Nicholas Srivastava,Fashion,6010.87,1,13,0.494,13,2,0,0,1,0.314,1
ORD-14818,Dipta Bhandari,Mobiles,1836.63,0,17,0.372,68,0,0,0,1,0.168,0
ORD-14819,Nidra Sankaran,Mobiles,4791.83,0,27,0.346,98,0,0,0,0,0.234,0
ORD-14820,Oeshi Solanki,Mobiles,1487.89,0,9,0.119,543,0,0,0,0,0.447,0
ORD-14821,Gauri Prabhakar,Beauty,8518.52,1,28,0.451,331,0,0,0,1,0.572,1
ORD-14822,Darika Keer,Fashion,4870.85,0,4,0.269,718,0,0,0,0,0.515,0
ORD-14823,Vyanjana Randhawa,Mobiles,4650.51,1,5,0.429,225,0,0,0,0,0.276,1
ORD-14824,Nidra Sani,Electronics,11999.06,0,16,0.206,19,0,0,1,1,0.209,0
ORD-14825,Bhavini Kohli,Mobiles,4247.56,1,4,0.252,274,0,1,0,1,0.127,1
ORD-14826,Gayathri Dutta,Electronics,3500.41,1,50,0.595,549,0,0,0,0,0.539,1
ORD-14827,Krisha Butala,Fashion,4692.05,0,7,0.562,347,0,0,0,0,0.496,1
ORD-14828,Fitan Butala,Fashion,9464.33,1,5,0.581,224,0,0,0,0,0.352,1
ORD-14829,Mason Zachariah,Mobiles,6967.31,1,12,0.583,48,0,0,0,0,0.482,1
ORD-14830,Waida Chanda,Fashion,2751.68,1,5,0.163,30,0,0,0,1,0.511,0
ORD-14831,Charan Agate,Mobiles,3597.94,0,34,0.41,389,0,0,0,0,0.372,1
ORD-14832,Peter Bali,Electronics,2263.3,0,8,0.526,13,1,0,0,0,0.293,1
ORD-14833,Bishakha Peri,Fitness,2750.53,1,10,0.386,79,1,0,0,1,0.276,1
ORD-14834,Gagan Baria,Electronics,3109.63,1,8,0.078,350,0,0,0,0,0.385,0
ORD-14835,Dayita Narayanan,Fashion,4168.74,0,6,0.391,423,0,0,0,0,0.367,1
ORD-14836,Balvan Butala,Fashion,7536.66,0,26,0.357,215,0,1,1,1,0.323,1
ORD-14837,Aadi Handa,Fashion,4546.91,1,10,0.302,5,0,0,0,1,0.163,1
ORD-14838,Mahika Swaminathan,Fashion,17730.18,1,2,0.681,65,1,1,0,1,0.455,1
ORD-14839,Amara Manne,Fashion,4689.4,1,21,0.557,71,1,0,0,0,0.241,1
ORD-14840,Bhavani Devi,Electronics,9381.25,0,23,0.398,23,0,0,0,0,0.397,0
ORD-14841,Turvi Lad,Mobiles,4823.85,1,14,0.1,40,0,0,0,0,0.149,1
ORD-14842,Yutika Char,Fashion,4999.82,1,8,0.253,141,0,0,0,0,0.177,1
ORD-14843,Udarsh Mander,Beauty,2501.97,0,12,0.337,47,0,0,0,1,0.389,0
ORD-14844,Maya Nigam,Beauty,3687.89,0,15,0.065,115,0,0,0,0,0.45,0
ORD-14845,Urvashi Sethi,Electronics,5499.68,0,13,0.381,208,0,0,0,0,0.494,0
ORD-14846,Yashodhara Mohan,Mobiles,17270.12,1,12,0.298,73,0,0,0,1,0.213,0
ORD-14847,Nandini Sahota,Mobiles,6534.57,1,12,0.574,112,0,0,0,1,0.215,1
ORD-14848,Dayamai Narain,Electronics,4125.98,1,5,0.249,97,0,0,0,0,0.151,1
ORD-14849,Wridesh Shenoy,Electronics,5818.85,1,13,0.221,175,0,0,0,0,0.245,0
ORD-14850,Mohammed Bansal,Electronics,8127.93,0,7,0.332,345,1,0,0,0,0.199,1
ORD-14851,Daniel Dalal,Home & Kitchen,4396.46,0,5,0.193,9,0,0,1,0,0.387,0
ORD-14852,Hritik Sen,Electronics,9234.06,0,15,0.276,519,2,0,0,0,0.457,1
ORD-14853,Manthan Borah,Fitness,5632.92,1,8,0.089,30,0,0,0,1,0.2,0
ORD-14854,Gaurangi Nagarajan,Beauty,1206.54,1,10,0.303,4,1,0,0,1,0.15,1
ORD-14855,Vasatika Saran,Mobiles,6686.57,0,19,0.494,115,0,0,1,0,0.649,1
ORD-14856,Jason Mittal,Fitness,1738.57,0,8,0.121,6,0,0,0,0,0.365,1
ORD-14857,Urvashi Bandi,Beauty,1760.94,0,16,0.068,240,0,0,0,0,0.269,0
ORD-14858,Naksh Raman,Fashion,1469.57,1,6,0.351,510,0,1,0,0,0.107,0
ORD-14859,Hemani Bhatti,Home & Kitchen,5121.93,1,11,0.244,373,0,0,0,1,0.109,1
ORD-14860,Azad Krishnan,Electronics,6084.59,0,8,0.226,213,0,0,0,0,0.454,0
ORD-14861,Rachit Tank,Electronics,3793.86,0,7,0.428,220,0,0,0,0,0.5,0
ORD-14862,Mitali Naik,Home & Kitchen,4765.52,1,16,0.135,39,0,0,0,1,0.33,1
ORD-14863,Kiaan Narain,Electronics,3801.7,1,25,0.2,70,0,0,0,0,0.3,0
ORD-14864,Divya Gour,Home & Kitchen,13679.67,0,12,0.287,94,0,0,1,1,0.294,1
ORD-14865,Nitesh Krishna,Fitness,7287.49,0,12,0.218,7,0,0,0,1,0.446,0
ORD-14866,Girik Sur,Fashion,6032.65,0,6,0.221,27,0,0,0,0,0.235,0
ORD-14867,Manbir Basak,Beauty,2641.44,0,12,0.151,189,0,0,0,0,0.266,0
ORD-14868,Wriddhish Varghese,Electronics,3979.87,0,4,0.205,821,0,0,0,1,0.477,0
ORD-14869,Arunima Jain,Beauty,1787.15,0,41,0.409,262,0,0,0,1,0.497,1
ORD-14870,Omisha Barad,Electronics,4021.16,0,9,0.475,52,1,0,0,0,0.357,1
ORD-14871,Jalsa Oza,Mobiles,3646.26,1,20,0.088,447,0,0,0,0,0.302,0
ORD-14872,Geetika Agate,Fashion,4283.94,1,2,0.462,399,1,0,1,1,0.405,1
ORD-14873,Vasudha Thaker,Electronics,4316.82,0,24,0.076,64,0,0,0,0,0.245,0
ORD-14874,Siddharth Divan,Mobiles,12461.89,0,3,0.397,237,0,0,0,1,0.599,0
ORD-14875,Yashasvi Mahal,Electronics,7044.96,0,5,0.373,494,0,1,0,1,0.4,1
ORD-14876,Ronith Saran,Fashion,623.13,1,9,0.094,377,1,0,1,1,0.343,0
ORD-14877,Suhani Mannan,Fitness,2465.93,1,1,0.163,215,0,0,0,0,0.225,0
ORD-14878,Chaitanya Mane,Fashion,2333.61,0,22,0.092,256,0,0,0,0,0.422,0
ORD-14879,Andrew Reddy,Fitness,3971.09,0,37,0.308,179,0,0,0,1,0.098,0
ORD-14880,Urvi Sahni,Home & Kitchen,3347.61,0,10,0.131,77,0,0,0,0,0.437,0
ORD-14881,Vihaan Murty,Electronics,3743.69,0,12,0.134,51,0,0,0,0,0.339,0
ORD-14882,Shivani Lanka,Mobiles,7570.68,1,11,0.174,394,0,0,0,0,0.499,1
ORD-14883,Balvan Karnik,Mobiles,2928.54,0,7,0.773,354,0,0,0,0,0.314,1
ORD-14884,Megha Lanka,Home & Kitchen,1480.37,1,12,0.234,96,0,1,0,0,0.193,0
ORD-14885,Veer Baria,Electronics,5428.2,0,41,0.276,26,0,0,0,0,0.474,1
ORD-14886,Shivani Khare,Fashion,4050.19,0,11,0.192,247,0,0,1,1,0.361,0
ORD-14887,Aarnav Sani,Mobiles,6919.5,1,14,0.147,432,0,0,0,0,0.141,0
ORD-14888,Faqid Mahal,Mobiles,3969.5,1,7,0.6,405,1,1,0,0,0.5,1
ORD-14889,Amol Thaker,Home & Kitchen,2930.51,0,6,0.114,152,0,0,0,0,0.536,0
ORD-14890,Charan Taneja,Mobiles,5048.08,1,17,0.412,121,0,1,0,0,0.49,1
ORD-14891,Bhavna D’Alia,Home & Kitchen,1997.26,0,12,0.015,142,0,0,0,1,0.299,0
ORD-14892,Lopa Narasimhan,Home & Kitchen,6571.52,0,8,0.245,14,0,0,0,0,0.504,0
ORD-14893,Sai Atwal,Electronics,4393.71,0,31,0.159,13,1,1,0,1,0.208,0
ORD-14894,Fariq Narasimhan,Beauty,3840.0,1,17,0.428,84,0,0,0,0,0.221,1
ORD-14895,Varsha Bail,Electronics,8233.43,0,22,0.393,185,0,0,1,0,0.284,1
ORD-14896,Kai Kuruvilla,Fitness,2657.85,1,29,0.135,560,0,0,0,1,0.126,0
ORD-14897,Brinda Kurian,Electronics,5651.24,1,9,0.277,144,0,0,0,0,0.173,0
ORD-14898,Neel Sandhu,Electronics,6711.33,1,22,0.206,395,0,0,0,0,0.149,1
ORD-14899,Nihal Pathak,Electronics,3514.92,0,13,0.361,109,0,0,0,1,0.227,0
ORD-14900,Bhavya More,Beauty,3675.36,0,9,0.265,780,0,0,0,1,0.197,0
ORD-14901,Faraj Dugal,Beauty,4498.38,1,7,0.313,5,0,1,0,1,0.397,1
ORD-14902,Aarush Khatri,Fitness,2623.36,0,25,0.03,32,0,0,1,0,0.66,0
ORD-14903,Anamika Gola,Beauty,9204.28,0,6,0.095,110,0,0,1,0,0.543,0
ORD-14904,Siya Nazareth,Mobiles,3396.67,1,19,0.349,313,0,0,0,0,0.244,1
ORD-14905,Xiti Warrior,Fitness,9649.61,1,7,0.333,318,0,0,1,0,0.277,1
ORD-14906,Yasti Das,Fashion,1889.66,0,12,0.299,27,0,0,0,1,0.217,0
ORD-14907,Arunima Chacko,Mobiles,5748.06,1,11,0.522,185,1,0,0,0,0.244,1
ORD-14908,George Pandit,Electronics,12138.02,0,15,0.107,267,0,0,0,0,0.05,0
ORD-14909,Lipika Gulati,Electronics,4236.31,0,6,0.188,119,0,0,1,1,0.364,0
ORD-14910,Andrew Chadha,Electronics,1975.88,0,17,0.198,392,0,1,0,1,0.245,0
ORD-14911,Nicholas Dhingra,Home & Kitchen,3623.9,0,9,0.186,374,0,0,0,1,0.283,0
ORD-14912,Naveen Vig,Fashion,7450.05,0,31,0.136,221,0,0,0,0,0.196,0
ORD-14913,Varenya Panchal,Mobiles,4279.11,1,18,0.157,495,0,0,1,0,0.18,0
ORD-14914,Harini Ramachandran,Home & Kitchen,2801.11,0,32,0.069,248,0,0,1,0,0.148,0
ORD-14915,Hemang Vala,Fashion,20995.77,1,13,0.253,106,0,0,0,1,0.272,0
ORD-14916,Simon Ganesh,Fashion,7893.89,1,13,0.204,88,0,0,1,0,0.542,0
ORD-14917,Veda Bhavsar,Fitness,3924.76,1,15,0.132,433,1,0,0,1,0.2,1
ORD-14918,Warda Shankar,Home & Kitchen,10685.06,0,5,0.13,779,0,0,0,0,0.287,0
ORD-14919,Ekanta Pillay,Fitness,4239.97,1,8,0.315,464,2,0,0,1,0.273,0
ORD-14920,Benjamin Bansal,Electronics,3832.44,0,22,0.267,29,0,1,0,0,0.614,1
ORD-14921,Raghav Aggarwal,Mobiles,4098.24,0,20,0.128,23,0,0,0,1,0.223,0
ORD-14922,Anay Pradhan,Electronics,4239.28,1,6,0.193,229,0,0,0,0,0.52,0
ORD-14923,Ojasvi Amble,Mobiles,2961.6,0,16,0.061,99,0,0,0,0,0.376,1
ORD-14924,Ubika Chada,Electronics,7924.5,1,8,0.512,80,0,0,0,0,0.337,1
ORD-14925,Gopal Verma,Beauty,767.64,1,7,0.14,824,0,0,0,0,0.136,0
ORD-14926,Laban Solanki,Mobiles,2299.2,0,4,0.239,69,0,0,0,1,0.453,0
ORD-14927,Harini Dar,Fashion,27914.65,0,1,0.266,36,0,0,1,0,0.309,1
ORD-14928,Edhitha Korpal,Electronics,4351.39,0,10,0.211,489,0,0,1,0,0.285,0
ORD-14929,Pavani Memon,Fashion,9859.41,0,9,0.346,69,2,0,0,0,0.736,1
ORD-14930,Hredhaan Bhakta,Home & Kitchen,1019.86,0,11,0.075,483,0,0,0,1,0.14,0
ORD-14931,Laksh Kuruvilla,Fashion,11743.09,0,13,0.126,510,0,0,0,0,0.113,0
ORD-14932,Michael Mand,Electronics,8215.05,1,8,0.128,149,0,0,1,1,0.458,0
ORD-14933,Nisha Borde,Electronics,6406.79,1,14,0.319,194,0,0,0,1,0.358,0
ORD-14934,Falan Tara,Electronics,2432.33,0,6,0.079,233,0,0,0,0,0.181,0
ORD-14935,Charita Ray,Home & Kitchen,1669.09,0,6,0.128,108,0,0,0,1,0.31,0
ORD-14936,Atharv Mane,Fashion,6849.06,1,9,0.18,40,0,0,0,0,0.378,0
ORD-14937,Qasim Chander,Home & Kitchen,3717.69,1,9,0.435,191,0,1,0,0,0.395,1
ORD-14938,Harish Patil,Beauty,2854.3,0,8,0.074,431,0,0,0,1,0.282,0
ORD-14939,Girish Lalla,Mobiles,3215.23,1,13,0.442,29,0,0,0,0,0.507,1
ORD-14940,Eesha Dasgupta,Fitness,1793.53,0,7,0.114,20,0,0,0,1,0.315,0
ORD-14941,Simon Brar,Beauty,15505.95,0,10,0.152,320,0,0,1,1,0.333,1
ORD-14942,Chandran Malhotra,Fashion,4496.53,0,12,0.175,46,0,0,0,0,0.296,0
ORD-14943,Fariq Mishra,Electronics,10836.66,1,8,0.328,234,0,0,0,0,0.216,1
ORD-14944,Harish Raval,Mobiles,4124.71,0,14,0.273,23,0,0,0,1,0.323,0
ORD-14945,Devika Salvi,Electronics,3058.65,1,15,0.416,282,0,0,1,0,0.235,0
ORD-14946,Gauri Luthra,Home & Kitchen,9796.57,1,9,0.212,40,1,0,1,0,0.293,1
ORD-14947,Laksh Biswas,Mobiles,1822.46,1,4,0.338,268,0,0,0,0,0.207,0
ORD-14948,Aayush Chhabra,Fashion,1611.16,0,4,0.27,261,0,0,0,1,0.154,0
ORD-14949,Brijesh Singh,Fashion,5373.3,1,19,0.332,473,1,1,0,0,0.573,1
ORD-14950,Nidra Chhabra,Fitness,6006.42,1,13,0.498,14,1,0,1,1,0.147,1
ORD-14951,Nathan Kota,Home & Kitchen,2049.0,0,16,0.433,174,0,0,0,0,0.383,0
ORD-14952,Gaurika Ganguly,Electronics,6935.87,0,24,0.289,107,0,0,0,0,0.218,0
ORD-14953,Hemang Badal,Home & Kitchen,2540.46,1,30,0.253,128,0,0,0,0,0.246,1
ORD-14954,Tejas Date,Mobiles,3643.81,0,10,0.212,45,0,0,0,1,0.404,0
ORD-14955,Yashodhara Khare,Fashion,2351.14,0,15,0.294,107,1,0,1,1,0.183,0
ORD-14956,Abdul Virk,Electronics,5525.8,0,33,0.085,98,0,0,0,0,0.276,0
ORD-14957,Raghav Tailor,Home & Kitchen,1707.56,0,7,0.321,1,0,0,0,1,0.374,1
ORD-14958,Daniel Sani,Mobiles,3675.87,1,20,0.204,1109,1,0,0,0,0.187,0
ORD-14959,Lipika Hans,Fitness,2905.5,0,7,0.03,610,0,0,0,1,0.251,0
ORD-14960,Hemangini Deshpande,Home & Kitchen,3442.43,1,7,0.213,235,0,0,1,0,0.125,1
ORD-14961,Nisha Mani,Electronics,11052.79,1,3,0.375,374,1,0,0,0,0.475,1
ORD-14962,Zaid Dash,Beauty,4295.1,0,17,0.041,87,1,0,1,0,0.733,1
ORD-14963,Aadhya Tank,Fashion,13200.25,0,3,0.562,29,1,0,0,1,0.365,0
ORD-14964,Ishwar Ravi,Electronics,5949.45,1,15,0.419,133,2,0,0,0,0.204,0
ORD-14965,Zehaan Dave,Electronics,1781.61,1,11,0.546,47,2,1,0,0,0.295,1
ORD-14966,Jagdish Kothari,Fashion,2337.72,0,11,0.281,20,0,0,0,0,0.166,0
ORD-14967,Banjeet Kashyap,Fashion,7161.77,0,17,0.326,328,1,0,0,0,0.47,0
ORD-14968,Chakradhar Bora,Home & Kitchen,4138.97,0,13,0.393,11,0,0,0,1,0.281,1
ORD-14969,Kiaan Kamdar,Home & Kitchen,7918.29,1,19,0.218,114,2,1,1,0,0.125,0
ORD-14970,Isaiah Agate,Home & Kitchen,5340.6,1,9,0.216,87,1,0,0,0,0.33,0
ORD-14971,Indrajit Atwal,Home & Kitchen,4482.36,0,12,0.312,67,0,0,0,0,0.507,0
ORD-14972,Hredhaan Om,Electronics,2213.99,1,15,0.241,201,0,0,0,1,0.205,1
ORD-14973,Sanya Dhawan,Beauty,5476.55,1,14,0.31,150,0,0,0,1,0.302,0
ORD-14974,Jatin Pillay,Mobiles,1367.17,0,10,0.027,51,0,1,1,0,0.503,1
ORD-14975,Nirja Radhakrishnan,Mobiles,4139.9,1,20,0.325,236,0,0,0,0,0.346,1
ORD-14976,Sachi Jaggi,Electronics,5369.55,0,11,0.269,60,0,0,0,1,0.276,0
ORD-14977,Samuel Ramachandran,Mobiles,11967.85,0,7,0.244,169,0,0,0,0,0.453,0
ORD-14978,Raghav Kibe,Home & Kitchen,698.56,0,15,0.336,191,1,0,0,0,0.48,0
ORD-14979,Vrinda Mahal,Fashion,15196.02,0,14,0.238,73,0,1,1,0,0.41,1
ORD-14980,Chandran Krishnan,Home & Kitchen,5479.91,0,12,0.275,128,0,0,0,1,0.389,0
ORD-14981,Rachita Sheth,Home & Kitchen,12747.22,1,24,0.049,510,0,0,0,0,0.167,0
ORD-14982,Darsh Bhasin,Electronics,6178.39,1,9,0.318,374,0,0,0,0,0.375,0
ORD-14983,Bimala Jani,Electronics,1258.15,0,9,0.222,247,0,0,1,1,0.098,0
ORD-14984,Indrajit Mani,Home & Kitchen,3930.09,0,14,0.263,761,0,0,0,0,0.418,0
ORD-14985,Bhanumati Mammen,Mobiles,4320.97,0,10,0.134,23,0,0,0,0,0.335,0
ORD-14986,Pooja Atwal,Fitness,17243.27,0,9,0.249,288,0,0,0,1,0.092,1
ORD-14987,Dhruv Sha,Electronics,9396.28,1,30,0.375,245,1,0,0,0,0.481,1
ORD-14988,Chavvi Kapur,Electronics,1997.76,0,11,0.221,343,0,0,1,1,0.415,0
ORD-14989,Sai Majumdar,Fashion,2422.05,1,9,0.113,67,0,0,1,0,0.616,0
ORD-14990,Madhavi Madan,Fashion,3933.38,0,3,0.322,398,0,0,0,0,0.121,0
ORD-14991,Varsha Kannan,Fashion,2784.28,0,29,0.115,810,0,1,0,0,0.157,0
ORD-14992,Kiaan Badal,Beauty,5873.66,0,11,0.146,914,1,0,1,0,0.523,0
ORD-14993,Vedika Rajagopalan,Fashion,8580.18,1,11,0.221,2,0,0,0,0,0.498,0
ORD-14994,Yashodhara Dhillon,Mobiles,3748.33,1,9,0.171,76,1,0,0,1,0.51,0
ORD-14995,Amrita Prabhakar,Electronics,4405.67,1,7,0.273,184,0,0,1,0,0.347,0
ORD-14996,Hardik Magar,Mobiles,9910.51,0,9,0.288,209,0,0,0,0,0.218,0
ORD-14997,Netra Bahri,Home & Kitchen,11208.25,1,21,0.198,152,0,0,0,1,0.079,0
ORD-14998,Hredhaan Khurana,Fashion,6693.57,1,9,0.288,217,0,0,0,1,0.166,1
ORD-14999,Zayyan Konda,Mobiles,2954.55,1,17,0.32,23,1,0,0,0,0.297,0
ORD-15000,Watika Wadhwa,Fashion,4457.05,0,27,0.412,535,0,0,0,0,0.248,1
ORD-15001,Manthan Bahri,Beauty,2548.69,0,7,0.284,7,0,1,0,0,0.805,0
ORD-15002,Oni Om,Fitness,3574.07,0,28,0.157,528,0,0,0,0,0.555,0
ORD-15003,Vasana Hari,Mobiles,5813.6,0,11,0.232,226,0,0,0,0,0.292,0
ORD-15004,Ikbal Mohan,Home & Kitchen,4593.68,1,46,0.109,61,1,0,0,0,0.094,0
ORD-15005,Zayan Magar,Home & Kitchen,10347.63,1,13,0.119,34,0,1,0,0,0.133,0
ORD-15006,Neelima Parikh,Electronics,2498.23,0,9,0.0,156,0,0,1,1,0.43,0
ORD-15007,Lajita Sodhi,Electronics,3419.08,0,9,0.188,50,0,0,1,0,0.39,0
ORD-15008,Yash Nair,Fitness,7632.99,0,18,0.466,473,2,0,0,0,0.312,1
ORD-15009,Gayathri Parikh,Mobiles,5174.31,1,14,0.288,217,0,0,1,0,0.319,0
ORD-15010,Wridesh Walia,Electronics,6846.49,1,22,0.463,25,0,1,0,0,0.257,1
ORD-15011,Waida Kari,Fashion,4725.58,1,7,0.261,827,0,0,0,1,0.131,1
ORD-15012,Amol Bose,Electronics,5665.12,0,5,0.196,18,0,0,1,1,0.457,1
ORD-15013,Laksh Kashyap,Mobiles,1329.67,1,9,0.529,361,0,0,0,0,0.427,1
ORD-15014,Caleb Jayaraman,Fashion,3705.56,0,5,0.051,124,0,0,0,1,0.098,0
ORD-15015,Nitara Warrior,Mobiles,3505.34,0,8,0.25,49,1,0,0,0,0.325,1
ORD-15016,Harshil Sastry,Mobiles,5729.6,0,18,0.102,276,0,0,0,0,0.382,0
ORD-15017,Timothy Kala,Fashion,9285.24,0,23,0.495,175,0,1,1,0,0.292,1
ORD-15018,Kamala Chatterjee,Electronics,9528.58,0,16,0.134,30,0,0,0,0,0.203,0
ORD-15019,Aahana Apte,Fitness,2769.83,0,15,0.253,906,0,0,0,0,0.22,1
ORD-15020,Jai Mand,Fashion,5268.02,0,20,0.304,251,0,0,0,0,0.129,0
ORD-15021,Shaurya Chander,Fashion,1991.76,1,7,0.135,103,0,0,0,0,0.425,0
ORD-15022,Warjas Dani,Mobiles,3495.75,1,11,0.184,304,0,0,0,0,0.458,0
ORD-15023,Zashil Yadav,Mobiles,1686.22,1,2,0.245,315,0,0,0,0,0.093,1
ORD-15024,Chaitanya Soni,Fashion,3727.63,0,7,0.296,93,0,0,0,0,0.201,1
ORD-15025,Oliver Ahuja,Fitness,2943.43,1,24,0.52,185,2,0,0,1,0.356,1
ORD-15026,Tarak Sabharwal,Fashion,3943.2,1,1,0.468,5,0,0,0,1,0.376,0
ORD-15027,Harish Chakrabarti,Electronics,9824.56,0,11,0.245,127,0,0,0,0,0.134,0
ORD-15028,Arunima Acharya,Electronics,2650.68,1,10,0.367,47,0,0,0,0,0.249,0
ORD-15029,Ikshita Parikh,Fitness,5688.78,1,17,0.115,9,0,0,1,0,0.462,1
ORD-15030,Nitesh Bala,Home & Kitchen,1247.87,0,4,0.198,540,0,0,0,0,0.207,0
ORD-15031,Ansh Maharaj,Fashion,6919.92,0,15,0.289,382,0,0,1,0,0.257,1
ORD-15032,Orinder Dugar,Mobiles,8048.52,0,12,0.318,580,0,0,0,0,0.431,1
ORD-15033,Chakradev Gola,Home & Kitchen,1765.09,1,7,0.173,35,0,0,1,0,0.171,1
ORD-15034,Shaurya Hora,Home & Kitchen,3078.36,0,11,0.491,335,2,0,0,0,0.476,1
ORD-15035,Chakrika Sharma,Mobiles,8534.78,1,31,0.235,224,0,0,0,0,0.069,0
ORD-15036,Shivani Kara,Home & Kitchen,11355.84,1,18,0.493,38,0,0,0,1,0.559,1
ORD-15037,Azad Dalal,Fashion,1426.04,0,9,0.344,70,0,0,0,1,0.322,0
ORD-15038,Jeevika Mistry,Beauty,8045.38,0,10,0.026,511,0,0,0,0,0.116,0
ORD-15039,Mitesh Bhatnagar,Beauty,7915.91,0,14,0.39,107,0,0,0,0,0.231,1
ORD-15040,Urvi Radhakrishnan,Fitness,2015.25,0,3,0.13,96,0,0,0,0,0.21,0
ORD-15041,Onveer Prasad,Mobiles,3627.08,0,13,0.251,283,0,0,0,0,0.553,0
ORD-15042,Parth Salvi,Fashion,3693.24,0,13,0.268,87,0,0,0,1,0.31,0
ORD-15043,Frado Dugar,Home & Kitchen,7270.66,1,16,0.191,139,0,0,0,1,0.547,1
ORD-15044,Elijah Dube,Mobiles,1775.5,1,4,0.127,67,0,0,0,0,0.176,0
ORD-15045,Ikbal Saran,Electronics,6670.53,1,3,0.148,327,0,0,0,0,0.282,0
ORD-15046,Ojas Lata,Electronics,12341.41,0,4,0.183,294,0,0,0,0,0.111,0
ORD-15047,Sneha Dugar,Electronics,6316.78,1,7,0.504,1054,0,0,0,0,0.531,1
ORD-15048,Saumya Sandal,Fashion,2600.3,1,12,0.283,187,1,0,0,0,0.203,1
ORD-15049,Sai Mallick,Mobiles,4757.67,0,12,0.36,274,1,1,0,0,0.302,1
ORD-15050,Abha Kala,Electronics,3409.34,0,5,0.275,66,0,0,0,0,0.124,0
ORD-15051,Rohan Ravi,Fitness,5477.45,1,9,0.363,57,0,0,0,1,0.192,1
ORD-15052,Keya Wason,Beauty,1861.74,0,4,0.107,82,0,0,1,1,0.333,0
ORD-15053,Gavin D’Alia,Home & Kitchen,6098.46,0,17,0.317,56,0,0,0,0,0.7,0
ORD-15054,Chatura Karpe,Fashion,1554.76,0,10,0.484,1,1,1,0,0,0.218,1
ORD-15055,Varenya Rana,Electronics,9870.96,1,6,0.32,182,0,0,0,0,0.175,0
ORD-15056,Chatresh Vasa,Fashion,3969.39,0,7,0.472,61,0,0,1,0,0.434,1
ORD-15057,Vincent Date,Mobiles,3823.42,1,12,0.352,146,0,1,0,1,0.376,1
ORD-15058,Chandresh Trivedi,Fashion,4896.23,1,5,0.434,40,0,0,1,0,0.169,1
ORD-15059,Wyatt Yohannan,Fitness,4463.48,0,12,0.259,93,0,0,0,0,0.427,0
ORD-15060,Harinakshi Vohra,Electronics,7059.96,0,20,0.074,113,0,0,0,0,0.503,0
ORD-15061,Aashi Lal,Fitness,3516.34,0,24,0.253,136,0,0,0,1,0.458,0
ORD-15062,Laban Gokhale,Fitness,2443.8,0,8,0.223,24,0,0,0,0,0.56,1
ORD-15063,Prisha Swaminathan,Home & Kitchen,6771.96,1,6,0.153,148,0,0,0,0,0.414,0
ORD-15064,Logan Kannan,Fitness,1843.12,1,14,0.162,0,0,0,0,0,0.292,1
ORD-15065,Zarna Divan,Beauty,4015.07,1,5,0.512,881,1,0,0,0,0.553,1
ORD-15066,Ekbal Sami,Beauty,7397.15,0,11,0.423,192,1,0,0,0,0.665,1
ORD-15067,Ekanta Sharma,Beauty,3942.63,0,25,0.15,192,0,0,0,1,0.455,0
ORD-15068,Anya Nazareth,Mobiles,5049.08,1,6,0.338,61,1,0,1,1,0.228,1
ORD-15069,Bachittar Apte,Electronics,9644.28,1,6,0.213,55,0,0,0,1,0.295,1
ORD-15070,Arjun Balasubramanian,Mobiles,4839.83,0,20,0.381,999,0,0,1,0,0.11,0
ORD-15071,Ekantika Gala,Electronics,4559.71,0,15,0.132,152,0,0,0,0,0.248,0
ORD-15072,Fitan Gupta,Beauty,6035.66,0,18,0.164,28,0,0,0,1,0.251,0
ORD-15073,Guneet Sarna,Mobiles,6401.37,0,13,0.481,1,1,0,1,0,0.173,1
ORD-15074,Dakshesh Bal,Fitness,2921.85,0,13,0.283,35,1,0,0,0,0.187,1
ORD-15075,Ira Munshi,Electronics,17086.39,0,6,0.237,40,0,0,0,0,0.148,1
ORD-15076,Ishwar Thaman,Electronics,6454.43,1,9,0.385,366,0,0,0,0,0.338,1
ORD-15077,Brinda Lal,Fitness,5294.27,1,13,0.159,478,1,0,0,0,0.266,0
ORD-15078,Frederick Divan,Home & Kitchen,5563.78,0,30,0.154,208,0,0,0,0,0.496,0
ORD-15079,Bhavna Swaminathan,Fashion,12673.65,1,7,0.184,39,0,0,0,1,0.219,1
ORD-15080,Matthew Gill,Fashion,7141.32,0,21,0.36,4,0,0,0,0,0.599,1
ORD-15081,Yachana Basak,Beauty,852.7,0,6,0.141,679,0,0,1,0,0.18,0
ORD-15082,Ladli Singh,Fashion,2177.75,0,13,0.14,28,0,0,0,0,0.182,0
ORD-15083,Yashica Saran,Electronics,1765.53,0,13,0.457,72,0,0,0,0,0.63,0
ORD-15084,Atharv Basu,Fitness,632.42,0,13,0.448,51,1,0,0,0,0.241,1
ORD-15085,Aarnav Lal,Mobiles,3962.0,0,4,0.478,276,0,0,0,0,0.147,1
ORD-15086,Krishna Pai,Fitness,6102.28,1,12,0.358,40,1,0,0,0,0.434,1
ORD-15087,Gaurang Pathak,Mobiles,3032.21,0,6,0.325,217,0,0,0,0,0.39,1
ORD-15088,Mason Ravel,Fashion,14539.87,1,19,0.428,80,0,0,0,1,0.496,1
ORD-15089,Jason Keer,Fashion,3817.21,0,12,0.07,186,0,0,0,0,0.261,0
ORD-15090,Manthan Luthra,Fashion,6814.89,0,13,0.147,54,0,0,0,1,0.152,0
ORD-15091,Ekanta Pingle,Fashion,14953.02,0,8,0.391,52,0,0,0,0,0.312,1
ORD-15092,Jasmit Mukherjee,Beauty,4568.78,0,3,0.212,78,0,0,0,0,0.209,1
ORD-15093,Keya Barman,Home & Kitchen,2831.31,1,11,0.17,36,0,1,0,0,0.323,1
ORD-15094,Upma Bera,Mobiles,3945.07,1,7,0.581,3,1,0,0,0,0.503,1
ORD-15095,Sarthak Khosla,Electronics,5769.81,0,4,0.224,104,0,0,0,1,0.314,0
ORD-15096,Triveni Pant,Fashion,1755.06,0,11,0.354,12,1,0,0,1,0.222,0
ORD-15097,Qasim Dass,Beauty,2560.85,1,2,0.287,216,0,0,0,0,0.175,0
ORD-15098,Darsh Loyal,Electronics,7343.36,1,2,0.544,77,1,0,0,0,0.27,1
ORD-15099,Jason Ramanathan,Mobiles,3811.02,1,13,0.532,56,1,1,0,1,0.336,1
ORD-15100,Jeet Wadhwa,Electronics,3082.24,0,44,0.099,831,0,0,0,1,0.057,0
ORD-15101,Advika Kuruvilla,Fashion,5726.76,1,25,0.131,213,0,0,0,0,0.345,0
ORD-15102,Urvi Tara,Fashion,3825.97,1,21,0.557,13,1,1,0,0,0.38,1
ORD-15103,Zaitra Hari,Fitness,2151.65,0,7,0.271,118,0,0,0,1,0.137,0
ORD-15104,Raghav Wadhwa,Beauty,2521.75,0,4,0.188,1227,0,0,0,0,0.383,1
ORD-15105,Mugdha Loyal,Electronics,1701.23,1,4,0.315,594,0,0,1,0,0.208,1
ORD-15106,Mohammed Bhatti,Mobiles,2892.99,1,11,0.145,209,0,0,0,1,0.194,0
ORD-15107,Mugdha Merchant,Fitness,2332.96,0,8,0.202,105,0,0,0,1,0.242,0
ORD-15108,Damyanti Reddy,Fashion,4918.06,1,6,0.178,122,0,0,0,0,0.393,0
ORD-15109,Nathan Bail,Home & Kitchen,3767.4,0,13,0.15,630,0,0,0,1,0.18,0
ORD-15110,Oni De,Fashion,1378.14,0,13,0.214,93,1,0,0,1,0.199,0
ORD-15111,Raagini Kala,Electronics,11301.67,0,19,0.194,170,0,0,0,0,0.248,1
ORD-15112,Dayita Krishnamurthy,Electronics,5465.17,0,7,0.47,471,2,0,0,1,0.469,1
ORD-15113,Turvi Baria,Electronics,2235.65,0,17,0.165,36,0,0,1,1,0.203,1
ORD-15114,Bishakha Ramakrishnan,Electronics,1859.66,0,9,0.252,144,1,0,0,0,0.268,1
ORD-15115,Isha Prakash,Home & Kitchen,5036.35,0,7,0.539,168,0,0,0,1,0.22,1
ORD-15116,Brijesh Grover,Fitness,13551.71,1,10,0.418,324,0,0,0,0,0.534,1
ORD-15117,Veer Pillay,Electronics,9389.58,1,14,0.167,106,0,0,0,0,0.264,1
ORD-15118,Rachit Memon,Electronics,2421.6,1,7,0.315,55,0,1,1,0,0.337,1
ORD-15119,Arin Chad,Fitness,7879.58,0,12,0.11,5,0,0,0,0,0.157,0
ORD-15120,Krishna Morar,Electronics,2239.68,1,12,0.309,10,0,0,0,1,0.461,0
ORD-15121,Ati Mannan,Fashion,2857.08,1,9,0.362,120,2,0,0,0,0.551,1
ORD-15122,Upkaar Chopra,Fitness,1670.99,0,17,0.217,448,0,0,0,0,0.14,0
ORD-15123,Wyatt Tella,Beauty,2942.53,1,10,0.307,246,0,0,0,0,0.393,1
ORD-15124,Anya Narula,Mobiles,3343.31,1,14,0.43,71,0,0,0,0,0.351,0
ORD-15125,Udyati Bhatia,Mobiles,10535.16,0,13,0.192,358,0,0,0,0,0.277,0
ORD-15126,Baljiwan Mann,Mobiles,6309.02,0,24,0.178,267,1,1,0,0,0.046,1
ORD-15127,Bishakha Khare,Home & Kitchen,2387.41,1,9,0.067,269,1,1,0,0,0.116,1
ORD-15128,Tarak Joshi,Home & Kitchen,2222.35,1,15,0.406,313,0,0,0,0,0.671,0
ORD-15129,Rishi Vora,Mobiles,7668.88,0,9,0.329,333,0,0,0,0,0.424,1
ORD-15130,Divya Das,Mobiles,2428.87,0,18,0.223,15,0,0,0,0,0.124,0
ORD-15131,Tristan Dhaliwal,Fashion,13953.33,1,4,0.125,649,0,0,0,0,0.24,1
ORD-15132,Gautam Chandra,Fashion,4937.02,0,11,0.12,147,0,0,0,0,0.386,1
ORD-15133,Unnati Dasgupta,Electronics,1655.65,1,16,0.436,47,0,0,0,0,0.269,1
ORD-15134,Rushil Khosla,Mobiles,9955.22,1,12,0.241,292,0,1,1,1,0.304,0
ORD-15135,Rudra Tailor,Electronics,8513.59,1,10,0.368,214,0,0,0,0,0.594,1
ORD-15136,Krish Ravel,Mobiles,4776.44,1,11,0.154,3,0,0,0,1,0.201,1
ORD-15137,Upkaar Baral,Mobiles,4043.76,0,13,0.011,173,0,0,0,0,0.206,0
ORD-15138,Bakhshi Bose,Fitness,3745.22,0,12,0.135,158,0,0,0,0,0.409,0
ORD-15139,Yashasvi Taneja,Fitness,5329.5,0,10,0.283,545,0,0,0,0,0.282,0
ORD-15140,Lopa Chandran,Fitness,10465.0,1,28,0.355,21,0,0,0,0,0.232,0
ORD-15141,Xiti Ray,Electronics,5095.85,0,18,0.31,5,0,0,0,0,0.119,0
ORD-15142,Advaith Goyal,Mobiles,15056.51,1,16,0.22,259,0,0,0,0,0.306,0
ORD-15143,Avi Balan,Fashion,3255.81,0,7,0.311,56,0,0,0,0,0.563,0
ORD-15144,Gaurika Sachdeva,Electronics,5522.2,1,5,0.269,7,0,0,0,0,0.359,0
ORD-15145,Joshua Viswanathan,Home & Kitchen,6833.09,0,11,0.168,27,0,0,0,0,0.542,0
ORD-15146,Yash Purohit,Fashion,4438.49,0,4,0.583,160,2,0,0,1,0.548,1
ORD-15147,Urmi Tank,Mobiles,2922.91,0,2,0.134,263,1,0,0,1,0.335,1
ORD-15148,Bhanumati Dar,Fashion,2554.66,1,9,0.364,30,1,0,0,0,0.483,0
ORD-15149,Aarush Kala,Home & Kitchen,3289.04,1,25,0.341,69,1,0,0,0,0.417,0
ORD-15150,Jhalak Pal,Fashion,7656.98,1,17,0.181,87,0,0,0,0,0.448,0
ORD-15151,Dalbir Bose,Home & Kitchen,3281.55,1,3,0.257,209,1,0,0,0,0.573,1
ORD-15152,Ekavir Dasgupta,Fitness,9121.15,0,23,0.186,10,0,0,0,0,0.397,0
ORD-15153,Ikbal Zacharia,Electronics,2946.2,1,31,0.27,132,0,0,0,0,0.121,0
ORD-15154,Upkaar Kashyap,Fashion,7497.19,0,16,0.284,55,0,0,1,1,0.442,1
ORD-15155,Vansha Oza,Fashion,2629.92,0,19,0.094,15,1,0,0,0,0.051,0
ORD-15156,Liam Reddy,Fashion,3274.89,0,10,0.472,359,0,0,0,1,0.652,1
ORD-15157,Onkar Dugar,Electronics,15580.65,0,16,0.296,133,0,0,0,0,0.257,1
ORD-15158,Yashasvi Divan,Fashion,3298.31,1,6,0.613,877,1,0,0,0,0.234,1
ORD-15159,Wriddhish Seth,Fashion,4310.59,0,21,0.151,94,0,1,0,0,0.442,0
ORD-15160,Gautami Nazareth,Mobiles,3636.35,0,17,0.329,386,0,0,0,1,0.139,1
ORD-15161,Faraj Chanda,Fashion,8088.67,1,9,0.244,13,0,0,0,1,0.34,0
ORD-15162,Balhaar Menon,Mobiles,4559.15,0,13,0.077,9,0,0,0,0,0.209,0
ORD-15163,Zinal Wason,Beauty,2487.33,1,5,0.115,218,0,0,0,0,0.155,0
ORD-15164,Brijesh Peri,Beauty,9149.59,0,9,0.114,296,0,0,0,0,0.172,0
ORD-15165,Geetika Khanna,Fashion,4891.46,0,14,0.33,102,1,0,0,0,0.265,1
ORD-15166,Megha Sangha,Fitness,10408.63,0,2,0.167,36,0,0,0,1,0.47,0
ORD-15167,Chakradhar Venkataraman,Beauty,7626.77,1,13,0.233,107,0,0,0,1,0.248,1
ORD-15168,Jackson Dave,Fitness,1693.84,1,7,0.485,112,0,0,0,0,0.522,1
ORD-15169,Andrew Basak,Home & Kitchen,4500.09,0,11,0.346,380,1,0,0,0,0.274,0
ORD-15170,Christopher Venkatesh,Beauty,2398.45,0,10,0.409,194,0,0,0,0,0.657,1
ORD-15171,Jalsa Ramakrishnan,Fitness,9285.15,0,1,0.271,283,2,0,0,0,0.371,1
ORD-15172,Gaurang Bala,Electronics,4185.56,1,10,0.207,179,0,0,0,0,0.248,0
ORD-15173,Mitesh Shah,Electronics,6087.78,1,7,0.31,305,1,0,1,0,0.117,1
ORD-15174,Ekani Kala,Home & Kitchen,7958.61,1,10,0.361,4,0,0,0,1,0.425,1
ORD-15175,Parth Kamdar,Fashion,5653.39,0,12,0.171,575,0,0,1,0,0.221,1
ORD-15176,Harini Parekh,Home & Kitchen,8991.07,0,7,0.146,288,0,0,0,0,0.303,0
ORD-15177,Qushi Upadhyay,Home & Kitchen,2660.08,0,14,0.193,91,0,0,0,0,0.352,0
ORD-15178,Rajata Chopra,Fashion,6534.81,0,3,0.069,228,0,0,0,1,0.56,0
ORD-15179,Vedhika Samra,Electronics,2886.09,1,21,0.156,100,0,0,0,1,0.052,0
ORD-15180,Shivansh Vohra,Beauty,4660.03,1,16,0.152,50,0,0,0,0,0.342,0
ORD-15181,Bina Baria,Fashion,7687.6,1,9,0.739,121,0,0,0,0,0.352,1
ORD-15182,Wyatt Modi,Beauty,3147.91,0,4,0.133,69,0,0,0,0,0.17,0
ORD-15183,Sara Hari,Fitness,7432.44,0,23,0.223,62,0,0,0,0,0.284,0
ORD-15184,Chanchal Khanna,Home & Kitchen,3073.54,1,22,0.178,12,0,0,0,0,0.46,0
ORD-15185,Laban Reddy,Fashion,3206.04,0,6,0.446,210,1,0,0,0,0.332,1
ORD-15186,Simon Kaur,Beauty,2236.4,1,11,0.207,442,0,0,0,1,0.118,0
ORD-15187,Jeet Bera,Electronics,1074.64,1,20,0.141,36,1,0,0,0,0.27,0
ORD-15188,Kamala Seth,Mobiles,3820.22,0,6,0.688,237,2,0,0,0,0.551,1
ORD-15189,Champak Tripathi,Mobiles,15646.5,0,8,0.306,669,0,0,1,0,0.229,1
ORD-15190,Dhruv Mann,Electronics,5646.52,0,10,0.053,607,0,0,0,0,0.551,0
ORD-15191,Qabil Babu,Home & Kitchen,1589.75,1,5,0.479,48,0,0,1,0,0.531,1
ORD-15192,Aadhya Gandhi,Electronics,1529.51,0,27,0.191,62,0,0,0,0,0.277,0
ORD-15193,Osha Prashad,Electronics,7293.51,0,8,0.382,193,0,0,0,0,0.319,1
ORD-15194,Tanmayi Chakraborty,Fashion,2690.34,0,22,0.404,565,0,1,0,0,0.23,1
ORD-15195,Maanav Wason,Home & Kitchen,10926.43,0,10,0.109,16,0,0,0,0,0.215,0
ORD-15196,Leena Kothari,Home & Kitchen,2575.25,0,13,0.173,555,0,0,0,0,0.316,0
ORD-15197,Ganga Chauhan,Electronics,2535.74,0,1,0.277,78,0,0,0,1,0.516,1
ORD-15198,Ansh Tella,Beauty,5605.08,0,14,0.515,34,0,0,0,0,0.693,1
ORD-15199,Robert Gill,Fashion,8864.29,1,20,0.214,194,0,0,0,1,0.61,0
ORD-15200,Hritik Goyal,Fashion,3864.54,0,25,0.103,351,0,0,0,1,0.29,0
ORD-15201,Chaitaly Dhaliwal,Mobiles,1651.31,0,6,0.263,929,0,0,0,1,0.254,0
ORD-15202,Netra Bhakta,Electronics,2812.65,1,9,0.088,610,1,0,1,0,0.435,1
ORD-15203,Arin Solanki,Mobiles,5547.08,1,6,0.532,2,0,0,0,1,0.295,1
ORD-15204,Mitali Dalal,Mobiles,7270.66,0,8,0.126,12,0,1,1,1,0.716,1
ORD-15205,Omisha Balasubramanian,Electronics,2955.19,1,9,0.147,144,0,0,0,0,0.214,0
ORD-15206,Owen Kalita,Home & Kitchen,5277.03,1,5,0.06,1501,0,0,0,0,0.118,1
ORD-15207,Vedant Venkatesh,Fashion,3392.45,1,18,0.171,89,0,0,1,1,0.377,0
ORD-15208,Eshana Pathak,Beauty,2316.04,0,11,0.12,121,0,1,0,1,0.591,1
ORD-15209,Zinal Devi,Electronics,1551.64,1,39,0.433,118,1,0,0,0,0.351,1
ORD-15210,Bhavani Aggarwal,Mobiles,1569.93,0,10,0.604,278,0,0,0,0,0.332,1
ORD-15211,Nikita Dalal,Electronics,2715.96,1,12,0.356,33,2,0,0,0,0.251,0
ORD-15212,Radha Om,Beauty,4341.82,1,7,0.074,212,0,0,0,1,0.128,0
ORD-15213,Manan Ravi,Mobiles,3909.37,0,12,0.357,80,0,0,0,0,0.241,1
ORD-15214,Manan Saraf,Electronics,3629.4,1,10,0.503,259,1,0,0,0,0.475,1
ORD-15215,Girik Raja,Fashion,7491.46,0,7,0.316,54,2,0,0,1,0.27,1
ORD-15216,Hemangini Ray,Fashion,1766.25,1,5,0.38,471,0,0,0,1,0.38,1
ORD-15217,Tarak Aurora,Electronics,7267.06,1,11,0.122,211,0,0,0,0,0.51,1
ORD-15218,Pooja Chaudhari,Mobiles,5556.84,1,11,0.498,60,1,0,1,0,0.437,1
ORD-15219,Ranveer Wadhwa,Fitness,9063.49,0,26,0.03,20,0,0,0,0,0.127,0
ORD-15220,Gayathri Dara,Fashion,1940.9,1,4,0.203,367,1,1,0,0,0.44,1
ORD-15221,Rehaan Loke,Electronics,1136.33,1,12,0.366,12,0,0,1,0,0.237,1
ORD-15222,Manthan Khosla,Beauty,1265.83,0,13,0.261,288,0,0,0,0,0.448,1
ORD-15223,Yashodhara Magar,Electronics,22851.86,1,13,0.597,194,1,1,1,1,0.532,1
ORD-15224,Ayushman Gala,Electronics,4159.75,1,24,0.463,21,1,0,0,0,0.486,0
ORD-15225,Udarsh Agarwal,Fashion,2913.14,0,14,0.378,123,0,0,0,0,0.409,1
ORD-15226,Yoshita Saraf,Home & Kitchen,7278.62,1,17,0.259,75,0,0,0,0,0.088,0
ORD-15227,Lopa Bhatnagar,Mobiles,16646.53,1,20,0.343,148,1,0,1,0,0.278,1
ORD-15228,Jackson Ram,Electronics,7125.42,1,9,0.211,129,0,0,1,1,0.562,1
ORD-15229,Falan Bumb,Fashion,1662.78,0,22,0.177,506,0,0,0,0,0.325,0
ORD-15230,Gaurika Bal,Home & Kitchen,5250.01,1,15,0.046,420,0,1,1,0,0.233,0
ORD-15231,Dominic Prashad,Fashion,2770.69,1,39,0.341,59,1,0,0,1,0.124,1
ORD-15232,Arya Buch,Electronics,8380.31,1,15,0.165,4,1,0,0,0,0.338,1
ORD-15233,Elijah Nagy,Electronics,13177.71,1,21,0.667,329,0,0,0,0,0.515,1
ORD-15234,Sudiksha Reddy,Mobiles,1940.66,1,12,0.531,28,0,0,0,1,0.334,1
ORD-15235,Rohan Savant,Fashion,8136.55,1,6,0.47,1,0,0,0,1,0.225,0
ORD-15236,Maanas Bedi,Electronics,878.79,0,8,0.227,87,0,0,1,0,0.291,0
ORD-15237,Thomas Mammen,Home & Kitchen,2491.89,0,12,0.198,290,0,0,0,0,0.066,0
ORD-15238,Anay Tandon,Mobiles,4155.48,0,26,0.235,135,0,0,0,0,0.143,0
ORD-15239,Saanvi Manda,Fitness,2102.39,1,11,0.2,412,0,0,0,0,0.248,1
ORD-15240,Nicholas Bhardwaj,Home & Kitchen,5468.72,0,10,0.235,147,0,0,0,0,0.315,1
ORD-15241,Logan Rau,Beauty,4232.54,1,15,0.097,812,0,1,0,0,0.241,0
ORD-15242,Kalpit Devan,Electronics,2856.88,1,17,0.263,47,0,0,0,0,0.186,1
ORD-15243,Anirudh Chanda,Home & Kitchen,7956.79,0,12,0.141,44,1,0,0,1,0.289,0
ORD-15244,Urvi Rajagopalan,Beauty,5715.89,0,16,0.32,52,0,1,0,0,0.148,0
ORD-15245,Naveen Bhavsar,Mobiles,1466.87,0,21,0.333,241,0,0,0,0,0.336,1
ORD-15246,Arin Ranganathan,Mobiles,16134.98,1,16,0.515,524,0,0,0,0,0.174,0
ORD-15247,Ekalinga Hayer,Electronics,6380.63,1,10,0.539,64,1,0,1,0,0.266,1
ORD-15248,Samaksh Setty,Fashion,12699.41,0,10,0.216,299,0,0,0,0,0.332,0
ORD-15249,Gaurav Deo,Fashion,2802.08,0,9,0.267,45,1,0,0,0,0.265,0
ORD-15250,Ishita Garg,Beauty,7289.73,1,9,0.343,311,0,0,0,0,0.23,0
ORD-15251,Hemani Rattan,Electronics,9984.05,0,20,0.349,795,0,0,0,0,0.32,0
ORD-15252,Unni Buch,Electronics,3749.93,1,8,0.389,136,0,0,0,1,0.474,1
ORD-15253,Advaith Jayaraman,Electronics,11797.33,1,13,0.201,406,1,0,0,0,0.259,1
ORD-15254,Harsh Brar,Fashion,4180.62,0,20,0.267,547,0,0,0,0,0.266,0
ORD-15255,Aadi Raghavan,Mobiles,4073.29,0,17,0.256,387,1,1,0,0,0.121,0
ORD-15256,Theodore Sami,Fitness,17633.11,0,5,0.152,56,1,0,0,0,0.251,0
ORD-15257,Yochana Nadkarni,Beauty,12063.81,0,13,0.257,418,0,0,1,0,0.178,1
ORD-15258,Unni Tandon,Fashion,3025.66,0,10,0.287,11,0,0,0,0,0.622,0
ORD-15259,Krisha Dara,Beauty,5556.22,1,14,0.015,131,0,0,0,0,0.161,0
ORD-15260,Tejas Sem,Fashion,6243.77,1,11,0.154,99,0,0,0,0,0.193,0
ORD-15261,Chaman Mohanty,Beauty,8508.8,0,15,0.087,50,0,0,0,0,0.409,1
ORD-15262,Chandran Ganguly,Fashion,1994.17,0,29,0.101,100,0,0,0,0,0.634,0
ORD-15263,Champak Dhaliwal,Fitness,5274.51,1,14,0.181,148,1,0,1,1,0.375,0
ORD-15264,Chaitaly Uppal,Fashion,8881.1,0,14,0.19,22,0,0,0,0,0.241,0
ORD-15265,Girindra Sankar,Mobiles,4307.9,0,8,0.264,215,0,0,0,0,0.234,0
ORD-15266,Bhavani Bera,Fitness,4435.5,1,24,0.148,169,0,0,0,0,0.311,1
ORD-15267,Siya Jayaraman,Electronics,1496.11,1,12,0.378,8,0,1,0,0,0.575,1
ORD-15268,Harsh Rao,Fashion,4084.4,0,11,0.195,251,0,0,0,1,0.407,1
ORD-15269,Hritik Dhar,Fashion,8103.35,0,18,0.269,109,0,0,0,0,0.243,0
ORD-15270,Xalak Varghese,Electronics,9393.4,0,4,0.288,182,0,0,0,0,0.277,0
ORD-15271,Rachit Borde,Electronics,2166.41,0,43,0.329,10,0,0,0,1,0.36,1
ORD-15272,Neel Chanda,Fashion,1207.84,0,7,0.188,208,0,0,1,0,0.245,0
ORD-15273,Qabil Chaudry,Mobiles,6217.92,1,7,0.304,46,0,0,1,0,0.243,1
ORD-15274,Advika Venkataraman,Mobiles,6806.46,0,4,0.407,112,0,0,0,0,0.628,0
ORD-15275,Onveer Oak,Electronics,20531.17,1,15,0.373,274,0,0,1,0,0.195,1
ORD-15276,Raksha Kaur,Fashion,4938.06,0,13,0.46,458,0,0,0,1,0.265,1
ORD-15277,Vincent Zacharia,Mobiles,1454.46,1,14,0.207,84,0,0,0,0,0.192,0
ORD-15278,Ishwar Varma,Home & Kitchen,2850.19,0,10,0.206,180,0,0,0,1,0.335,1
ORD-15279,Eiravati Rege,Electronics,2069.86,1,29,0.172,12,0,0,0,0,0.21,1
ORD-15280,Hamsini Karnik,Fitness,6194.16,0,28,0.134,298,0,1,0,0,0.166,0
ORD-15281,Arin Tailor,Electronics,18521.96,0,17,0.366,163,2,0,0,0,0.563,0
ORD-15282,Neha Dani,Electronics,4701.16,0,11,0.49,32,0,0,0,0,0.325,1
ORD-15283,Vanya Bhat,Mobiles,5342.84,1,17,0.156,66,0,0,1,0,0.296,0
ORD-15284,Watika Keer,Beauty,4920.26,0,13,0.063,131,0,0,0,0,0.344,0
ORD-15285,Zarna Din,Beauty,2609.86,1,15,0.086,173,0,0,0,1,0.307,0
ORD-15286,Janya Agate,Electronics,3350.0,0,29,0.481,222,1,1,1,0,0.374,1
ORD-15287,Maanas Chad,Fitness,2218.0,0,9,0.21,46,0,0,0,1,0.178,0
ORD-15288,Pranit Kapur,Electronics,2529.36,0,7,0.207,271,0,0,0,0,0.159,0
ORD-15289,Falak Dutta,Home & Kitchen,2980.47,0,18,0.225,982,0,0,0,1,0.228,0
ORD-15290,Maya Pau,Home & Kitchen,4324.21,1,8,0.59,91,0,0,0,1,0.392,1
ORD-15291,Gautami Zacharia,Fitness,2763.09,0,11,0.481,204,0,1,0,0,0.255,1
ORD-15292,Henry Lanka,Fashion,7395.2,1,1,0.494,209,1,1,1,0,0.455,1
ORD-15293,Mason Bora,Mobiles,4858.56,0,7,0.521,136,0,0,0,0,0.337,1
ORD-15294,Elijah Dewan,Fashion,4396.48,1,6,0.461,552,0,0,0,0,0.279,0
ORD-15295,Mitali Shan,Fashion,11022.85,1,18,0.614,74,1,0,0,1,0.363,1
ORD-15296,Amrita Keer,Home & Kitchen,4501.81,1,19,0.362,188,1,0,1,0,0.327,1
ORD-15297,Bhavya Babu,Electronics,3616.74,1,12,0.442,537,0,0,0,0,0.104,0
ORD-15298,Jonathan Barad,Mobiles,2439.64,1,14,0.558,80,1,0,0,1,0.205,1
ORD-15299,Bahadurjit Karpe,Beauty,1789.38,0,1,0.17,100,0,0,0,1,0.177,0
ORD-15300,Zashil Tripathi,Beauty,6710.68,1,20,0.108,62,0,0,1,1,0.526,0
ORD-15301,Kalpit Misra,Electronics,8947.57,1,22,0.35,165,0,0,0,0,0.501,1
ORD-15302,Yauvani Bhatti,Fashion,3473.5,0,27,0.123,413,0,1,0,0,0.345,0
ORD-15303,Bhanumati Palan,Electronics,2845.15,0,21,0.131,35,0,0,0,1,0.107,0
ORD-15304,Yashica Shankar,Fashion,14477.47,1,12,0.362,152,1,0,1,0,0.288,0
ORD-15305,Ridhi Chand,Beauty,4323.56,1,10,0.296,149,0,0,0,0,0.216,1
ORD-15306,Praneel Keer,Fashion,7015.69,0,6,0.124,122,0,0,0,0,0.475,0
ORD-15307,Sara Ramakrishnan,Home & Kitchen,4005.01,1,3,0.353,35,0,0,0,1,0.147,0
ORD-15308,Rohan Zacharia,Mobiles,3623.84,0,21,0.223,659,0,0,0,0,0.465,0
ORD-15309,Atharv Seth,Fashion,21430.33,1,6,0.295,162,1,0,1,1,0.196,0
ORD-15310,Lajita Brahmbhatt,Mobiles,11291.47,0,7,0.306,30,1,0,0,1,0.205,1
ORD-15311,Triya Talwar,Mobiles,3018.12,0,14,0.167,143,0,0,0,0,0.283,0
ORD-15312,Leena Doctor,Electronics,1141.53,1,25,0.504,875,1,0,0,0,0.317,1
ORD-15313,Yashasvi Tank,Fashion,4210.58,1,9,0.178,273,0,0,0,0,0.269,0
ORD-15314,Kai Nagarajan,Fashion,6646.78,1,33,0.468,422,1,1,0,0,0.389,0
ORD-15315,Wakeeta Barad,Home & Kitchen,1225.66,1,17,0.16,3,0,0,0,0,0.186,0
ORD-15316,Aadi Rastogi,Electronics,5769.71,0,6,0.2,293,0,0,0,0,0.36,0
ORD-15317,Wazir Pillay,Mobiles,7809.93,1,16,0.271,81,0,0,1,0,0.245,0
ORD-15318,Amruta Balan,Electronics,7389.92,1,21,0.15,556,1,0,1,1,0.207,0
ORD-15319,Madhavi Raj,Mobiles,1376.46,0,31,0.465,251,1,0,0,1,0.46,1
ORD-15320,Tanmayi Barad,Home & Kitchen,2375.4,1,15,0.495,75,1,1,0,0,0.508,1
ORD-15321,Jeet Ganesh,Fashion,9075.83,0,11,0.21,47,0,0,1,1,0.392,0
ORD-15322,Patrick Oommen,Electronics,8285.18,1,6,0.166,241,0,0,0,0,0.259,1
ORD-15323,Amrita Krishnamurthy,Fashion,4661.11,1,22,0.515,906,1,0,0,0,0.305,1
ORD-15324,Maya Sharma,Beauty,1354.25,0,10,0.046,235,0,0,0,0,0.371,0
ORD-15325,Rohan Dey,Home & Kitchen,3208.59,0,10,0.257,114,0,0,0,0,0.365,0
ORD-15326,Chaitaly Grewal,Fitness,12282.87,1,5,0.284,138,0,0,0,0,0.638,1
ORD-15327,Kiaan Walia,Electronics,2341.89,1,22,0.298,358,0,0,0,1,0.382,0
ORD-15328,Mahika Kapadia,Electronics,5465.76,0,14,0.395,246,2,0,0,0,0.426,1
ORD-15329,Harshil Oak,Home & Kitchen,4325.76,0,13,0.215,127,0,0,0,0,0.137,0
ORD-15330,Nitesh Lad,Fashion,9867.94,0,13,0.156,27,0,0,0,1,0.028,0
ORD-15331,Falak Grover,Mobiles,10126.36,1,14,0.413,445,0,0,0,0,0.719,1
ORD-15332,Vasudha Gokhale,Electronics,7682.28,0,6,0.233,76,0,0,0,0,0.25,0
ORD-15333,Lopa Ganesh,Home & Kitchen,2979.72,1,10,0.305,175,0,0,0,1,0.344,1
ORD-15334,Netra Kant,Beauty,2302.12,0,6,0.085,242,0,0,0,1,0.214,0
ORD-15335,Hemal Wagle,Electronics,4098.99,0,9,0.241,133,0,0,0,1,0.155,0
ORD-15336,Harsh Kapoor,Beauty,2484.71,1,7,0.24,21,1,0,0,0,0.602,0
ORD-15337,Mahika Pingle,Beauty,2859.54,1,32,0.078,164,0,0,0,0,0.168,1
ORD-15338,Atharv Suri,Electronics,10323.5,1,3,0.657,2,1,0,0,1,0.581,1
ORD-15339,Libni Nair,Fashion,4119.15,0,19,0.274,109,0,0,0,0,0.3,0
ORD-15340,Ekani Sura,Mobiles,9741.73,1,10,0.542,516,1,0,1,0,0.718,1
ORD-15341,Advika Kapur,Mobiles,16308.27,0,16,0.495,705,1,0,0,0,0.17,1
ORD-15342,Rishi Mohan,Beauty,10167.59,1,13,0.46,117,0,0,0,0,0.573,1
ORD-15343,Yauvani Borde,Electronics,6404.56,0,9,0.25,155,0,0,0,0,0.466,0
ORD-15344,Vasana Sule,Mobiles,5219.91,0,2,0.477,14,1,0,0,1,0.768,0
ORD-15345,Champak Issac,Home & Kitchen,9140.81,1,6,0.396,56,0,0,0,1,0.287,1
ORD-15346,Warinder Luthra,Fashion,2742.04,1,20,0.476,3,0,0,0,1,0.34,1
ORD-15347,Gabriel Patla,Electronics,3844.12,0,9,0.121,645,0,0,1,0,0.241,0
ORD-15348,Meera Mohanty,Fashion,2974.32,0,2,0.184,553,1,0,0,0,0.542,0
ORD-15349,Eshana Memon,Fashion,2212.52,0,10,0.297,30,1,0,0,1,0.388,1
ORD-15350,Hritik Narain,Electronics,5102.46,0,8,0.359,69,1,0,1,1,0.156,1
ORD-15351,Samaksh Chhabra,Home & Kitchen,4377.74,0,7,0.392,155,0,0,0,0,0.443,1
ORD-15352,Oscar Pau,Home & Kitchen,7517.67,0,15,0.435,48,0,0,0,0,0.208,0
ORD-15353,Oni Soni,Electronics,4568.35,1,14,0.225,43,0,1,0,0,0.212,1
ORD-15354,Wazir Sandhu,Beauty,1861.13,0,19,0.781,74,1,0,0,0,0.763,1
ORD-15355,Edhitha Bath,Mobiles,6216.12,1,12,0.575,253,0,1,0,1,0.279,1
ORD-15356,Amaira Doctor,Beauty,9140.03,0,17,0.145,19,0,0,0,0,0.137,0
ORD-15357,Bhanumati Chahal,Electronics,1668.61,1,10,0.469,188,0,0,0,0,0.597,1
ORD-15358,Irya Goel,Electronics,4135.74,0,12,0.134,3,0,0,0,1,0.404,0
ORD-15359,Leela Wadhwa,Beauty,4627.95,0,11,0.157,63,1,0,0,0,0.125,1
ORD-15360,Urvashi Bhasin,Beauty,1292.12,0,12,0.135,217,0,0,1,0,0.136,0
ORD-15361,Vanya Ahuja,Mobiles,23553.81,0,19,0.352,441,0,0,0,1,0.201,0
ORD-15362,Jalsa Dayal,Fashion,3517.53,0,12,0.267,81,0,1,1,1,0.329,1
ORD-15363,Yoshita Vyas,Mobiles,3386.63,1,4,0.389,208,0,0,0,0,0.299,0
ORD-15364,Neelima Gaba,Electronics,3666.84,0,12,0.292,266,0,0,0,0,0.229,0
ORD-15365,Ganga Sangha,Electronics,4116.43,0,17,0.105,4,0,0,0,0,0.182,0
ORD-15366,Dalbir Nair,Fashion,5345.79,0,38,0.286,120,1,0,1,1,0.353,0
ORD-15367,Shivani Yohannan,Mobiles,2094.1,0,27,0.244,228,0,0,0,1,0.226,0
ORD-15368,Ati Misra,Electronics,8283.72,1,16,0.293,134,0,0,0,0,0.12,0
ORD-15369,Lakshit Tailor,Electronics,18852.8,0,9,0.222,153,0,0,0,0,0.151,1
ORD-15370,Yashvi Nazareth,Electronics,6305.41,0,10,0.227,633,0,0,0,0,0.092,1
ORD-15371,Harinakshi Sami,Electronics,5970.05,1,12,0.287,819,0,0,0,0,0.291,0
ORD-15372,Edhitha Mani,Beauty,2054.27,0,15,0.52,149,0,0,0,0,0.498,0
ORD-15373,Yadavi Dave,Fitness,6892.57,0,26,0.216,13,0,0,0,1,0.323,0
ORD-15374,Jagat Butala,Fitness,4585.57,1,21,0.146,484,0,0,0,1,0.372,0
ORD-15375,Gaurangi Bal,Electronics,4778.2,1,13,0.418,381,0,0,0,1,0.454,1
ORD-15376,Abeer Baral,Electronics,1415.63,1,16,0.275,139,0,0,0,0,0.364,1
ORD-15377,Nachiket Mohanty,Fitness,7135.28,0,7,0.249,226,0,0,0,0,0.287,1
ORD-15378,Victor Kata,Electronics,4399.51,0,7,0.576,50,0,0,0,0,0.586,1
ORD-15379,Warjas Deep,Beauty,6279.76,0,21,0.191,1004,0,1,0,0,0.567,1
ORD-15380,Eshana Nadig,Fitness,3795.85,1,16,0.362,37,1,0,0,0,0.26,1
ORD-15381,Sathvik Ahluwalia,Fitness,3226.36,1,9,0.415,81,1,0,0,1,0.243,0
ORD-15382,Harini Srivastava,Mobiles,4768.06,0,12,0.34,419,0,0,0,0,0.7,0
ORD-15383,Samar Sandal,Fashion,8335.44,1,17,0.367,258,0,0,0,0,0.443,0
ORD-15384,Harish Mander,Electronics,2537.33,0,28,0.154,207,0,0,0,1,0.258,0
ORD-15385,Bhavani Venkatesh,Fashion,5635.97,0,20,0.462,78,2,0,0,0,0.772,1
ORD-15386,Libni Swaminathan,Fashion,9596.13,1,19,0.732,1623,0,1,0,1,0.652,1
ORD-15387,Xalak Kapadia,Electronics,2883.31,0,14,0.45,377,0,0,0,0,0.576,1
ORD-15388,Saumya Sastry,Home & Kitchen,3431.82,0,10,0.036,83,1,0,0,0,0.171,0
ORD-15389,Odika Doctor,Home & Kitchen,4141.18,0,9,0.209,179,1,0,0,1,0.598,0
ORD-15390,Kai Peri,Beauty,5978.4,0,7,0.167,93,0,0,0,0,0.248,1
ORD-15391,Jyoti Mani,Beauty,2933.93,1,16,0.542,200,2,0,1,1,0.239,1
ORD-15392,Ekaraj Vora,Fashion,4980.46,0,7,0.421,60,0,0,0,0,0.113,0
ORD-15393,Oscar Cherian,Fashion,5700.63,0,8,0.198,147,0,1,0,0,0.326,1
ORD-15394,Ranveer Bhatnagar,Fitness,5071.35,0,9,0.004,33,0,0,0,0,0.282,0
ORD-15395,Ryan Dhar,Fashion,2157.71,0,23,0.435,193,1,0,1,1,0.263,0
ORD-15396,Dalaja Chanda,Fitness,5427.48,1,4,0.289,358,1,1,1,0,0.173,1
ORD-15397,Krishna Anand,Electronics,3600.81,1,20,0.163,11,0,0,1,1,0.409,0
ORD-15398,Zinal Konda,Beauty,2097.41,1,13,0.08,19,0,0,0,0,0.248,0
ORD-15399,Adweta Suri,Fitness,1654.51,0,12,0.233,335,0,0,0,1,0.392,0
ORD-15400,Samar Sheth,Home & Kitchen,2209.14,0,18,0.249,272,0,0,1,0,0.497,1
ORD-15401,Arjun Walia,Mobiles,8248.33,0,18,0.359,492,1,0,0,0,0.254,0
ORD-15402,Urishilla Raval,Home & Kitchen,9014.25,1,7,0.236,65,0,0,0,0,0.581,1
ORD-15403,Tamanna Goel,Fitness,12586.92,1,3,0.175,268,0,0,0,1,0.477,0
ORD-15404,Inaya Srinivasan,Mobiles,3451.49,1,21,0.304,123,0,0,0,0,0.432,0
ORD-15405,Ekani Lad,Beauty,2094.88,1,17,0.24,152,0,0,0,0,0.704,1
ORD-15406,Amaira Sule,Beauty,4888.84,1,2,0.369,203,0,0,0,0,0.534,1
ORD-15407,Ladli Dubey,Beauty,1290.98,1,15,0.271,267,0,0,0,0,0.079,1
ORD-15408,Eshana Dhar,Beauty,4653.93,0,7,0.135,33,0,0,0,1,0.343,1
ORD-15409,Yasti Setty,Home & Kitchen,3318.5,1,6,0.0,121,0,0,0,1,0.289,0
ORD-15410,Wridesh Chaudry,Electronics,9983.51,0,20,0.312,3,0,0,0,1,0.233,1
ORD-15411,Chatresh Gopal,Electronics,8328.97,0,5,0.437,164,0,0,0,0,0.212,1
ORD-15412,Jai Singh,Electronics,3943.72,1,23,0.333,182,0,0,0,0,0.664,1
ORD-15413,Dev Shankar,Mobiles,5722.75,0,8,0.258,185,0,0,0,0,0.379,0
ORD-15414,Rushil Savant,Fashion,4787.33,1,28,0.312,177,0,0,1,0,0.268,1
ORD-15415,Quincy Balakrishnan,Home & Kitchen,8315.9,0,15,0.645,119,0,0,0,0,0.428,1
ORD-15416,Qabil Gera,Fashion,6219.79,0,5,0.225,346,0,0,0,0,0.406,1
ORD-15417,Tanish Sabharwal,Beauty,2846.15,0,9,0.414,28,2,0,0,0,0.558,1
ORD-15418,Harrison Sane,Home & Kitchen,3439.36,1,4,0.238,106,0,0,0,0,0.127,0
ORD-15419,Faqid Mitter,Home & Kitchen,10375.38,0,4,0.108,365,0,0,0,1,0.054,0
ORD-15420,Maanas Khalsa,Home & Kitchen,3772.76,0,5,0.039,164,0,0,0,0,0.342,0
ORD-15421,Ekta Patla,Home & Kitchen,19497.15,0,22,0.101,20,0,0,0,0,0.119,0
ORD-15422,Samar Nagarajan,Fitness,8829.41,1,11,0.264,49,1,0,0,1,0.198,0
ORD-15423,Amara Sahni,Mobiles,24728.12,0,17,0.191,427,0,0,0,0,0.546,0
ORD-15424,Vrinda Sheth,Mobiles,3700.21,1,18,0.588,175,0,0,0,0,0.512,1
ORD-15425,Theodore Edwin,Fashion,3735.33,0,9,0.275,15,0,0,0,0,0.216,1
ORD-15426,Bimala Kota,Fashion,5835.51,0,31,0.308,355,1,1,1,0,0.244,1
ORD-15427,Gaurangi Lal,Mobiles,5067.44,1,11,0.415,33,0,0,1,0,0.304,1
ORD-15428,Wishi Dada,Beauty,2852.26,0,16,0.119,288,2,0,0,0,0.193,0
ORD-15429,Sanya Sarna,Home & Kitchen,6626.61,0,13,0.165,137,0,0,0,0,0.173,0
ORD-15430,Rachit Ghosh,Electronics,1889.21,1,18,0.445,80,0,0,1,1,0.357,1
ORD-15431,Ekaraj Edwin,Beauty,29462.72,1,9,0.343,293,1,0,0,1,0.156,1
ORD-15432,Garima Koshy,Home & Kitchen,5166.22,0,2,0.199,350,1,0,0,1,0.29,0
ORD-15433,Widisha Chowdhury,Fashion,6728.51,1,15,0.398,5,1,0,0,1,0.18,0
ORD-15434,Vritti Narain,Mobiles,7128.97,1,18,0.455,451,0,0,0,0,0.658,0
ORD-15435,Zilmil Kibe,Electronics,5251.32,1,9,0.494,8,0,0,0,0,0.661,1
ORD-15436,Manthan Bala,Home & Kitchen,3706.96,1,10,0.076,374,0,0,0,0,0.239,0
ORD-15437,Krish Patla,Mobiles,1707.76,0,11,0.271,99,1,0,0,0,0.086,0
ORD-15438,Chatura Guha,Beauty,2856.31,0,30,0.016,273,0,0,0,0,0.219,0
ORD-15439,Baljiwan Basu,Beauty,10266.43,0,5,0.177,701,0,0,0,0,0.247,0
ORD-15440,Vrinda Shroff,Beauty,3131.29,0,9,0.22,61,1,0,0,0,0.412,0
ORD-15441,Ikshita Kade,Mobiles,5433.22,0,29,0.246,421,0,0,0,0,0.053,1
ORD-15442,Yoshita Parikh,Electronics,1046.74,0,11,0.31,73,0,0,0,1,0.199,1
ORD-15443,Warjas Warrior,Mobiles,1767.04,0,19,0.112,189,1,0,1,0,0.238,0
ORD-15444,Darsh Baria,Mobiles,5081.34,1,13,0.216,238,0,1,0,0,0.304,1
ORD-15445,Anay Mall,Mobiles,5609.79,1,4,0.512,430,2,0,1,0,0.402,1
ORD-15446,Warinder Rama,Electronics,2045.33,1,19,0.393,306,0,1,1,1,0.198,0
ORD-15447,Ekani Choudhary,Electronics,2056.07,0,19,0.613,105,0,1,0,0,0.214,1
ORD-15448,Ekalinga Palan,Fashion,7908.96,1,19,0.281,205,0,0,0,0,0.202,0
ORD-15449,Shivansh Chander,Fashion,2670.85,0,16,0.325,135,0,0,0,1,0.254,0
ORD-15450,Manthan Ganesh,Electronics,3385.79,0,5,0.402,422,0,0,0,0,0.446,0
ORD-15451,Arjun Chanda,Fashion,1796.6,0,12,0.293,465,0,0,0,0,0.204,0
ORD-15452,Rushil Sridhar,Beauty,3371.21,1,4,0.495,70,0,1,0,1,0.468,1
ORD-15453,Yasti Hans,Fashion,2531.06,0,7,0.399,598,1,0,1,1,0.339,0
ORD-15454,Ronith Ahluwalia,Fashion,4105.29,0,13,0.232,79,0,0,0,0,0.181,0
ORD-15455,Upma Butala,Mobiles,5325.0,0,17,0.486,102,0,0,0,1,0.227,0
ORD-15456,Xalak Chander,Fitness,5689.37,1,18,0.41,357,0,1,0,0,0.553,1
ORD-15457,Maanav Rao,Electronics,8986.56,0,12,0.31,15,0,1,0,0,0.254,1
ORD-15458,Matthew Doshi,Home & Kitchen,10877.79,0,18,0.076,149,0,0,0,0,0.29,0
ORD-15459,Sarthak Dugar,Electronics,1386.89,0,18,0.112,710,0,0,0,0,0.246,0
ORD-15460,Triveni Rout,Fitness,8059.71,1,7,0.344,252,1,0,0,0,0.422,0
ORD-15461,Liam Bera,Mobiles,5204.58,0,7,0.408,42,3,0,0,0,0.299,1
ORD-15462,Gaurav D’Alia,Home & Kitchen,3933.42,1,10,0.142,68,0,1,0,1,0.112,0
ORD-15463,Lavanya Rau,Fitness,4128.87,0,22,0.096,1021,0,0,1,0,0.174,0
ORD-15464,Kai Golla,Fashion,6683.37,1,11,0.244,104,0,0,0,0,0.162,0
ORD-15465,Jai Balay,Electronics,3098.83,1,7,0.2,66,0,1,0,0,0.194,0
ORD-15466,Laban Oza,Home & Kitchen,2065.63,0,13,0.277,304,0,0,1,0,0.43,0
ORD-15467,Yuvraj Hora,Electronics,6648.52,1,12,0.375,568,0,1,0,0,0.493,1
ORD-15468,Balhaar Memon,Fashion,6479.57,1,20,0.387,330,1,0,0,0,0.26,1
ORD-15469,Raagini Rai,Mobiles,2368.41,0,11,0.6,18,0,1,0,1,0.592,1
ORD-15470,Sathvik Yadav,Home & Kitchen,8999.39,0,20,0.104,83,0,0,0,0,0.271,0
ORD-15471,Praneel Shah,Home & Kitchen,5423.45,1,4,0.268,248,0,0,0,0,0.246,1
ORD-15472,Hemang Doctor,Fashion,2106.29,1,13,0.303,120,0,0,0,0,0.509,1
ORD-15473,Patrick Chaudhry,Home & Kitchen,2021.52,0,25,0.219,181,2,0,0,0,0.252,1
ORD-15474,Bhavani Bajaj,Fitness,2588.29,1,14,0.101,19,0,0,1,0,0.162,0
ORD-15475,Logan Nazareth,Electronics,1581.89,0,4,0.403,88,0,0,0,1,0.169,0
ORD-15476,Eta Desai,Fashion,8303.61,1,21,0.215,345,0,0,0,1,0.424,1
ORD-15477,Bhavini Prashad,Fashion,12437.55,0,10,0.233,295,0,0,0,1,0.288,0
ORD-15478,Anay Hari,Mobiles,5450.1,0,5,0.234,36,0,0,0,0,0.062,0
ORD-15479,Inaya Rai,Mobiles,4228.18,0,6,0.201,149,0,0,0,0,0.087,0
ORD-15480,Aarav Kala,Mobiles,4448.18,0,7,0.246,643,1,0,0,0,0.401,0
ORD-15481,Kabir Taneja,Mobiles,2116.51,1,7,0.473,469,2,0,0,0,0.502,1
ORD-15482,Gunbir Karnik,Mobiles,1763.62,1,7,0.332,297,0,1,0,1,0.701,1
ORD-15483,Jagat Dhar,Fitness,17580.14,0,13,0.0,1,0,0,0,1,0.278,0
ORD-15484,Rayaan Samra,Home & Kitchen,3241.66,0,11,0.238,71,1,0,0,0,0.379,0
ORD-15485,Eta Zacharia,Fitness,2785.38,1,14,0.249,120,0,0,0,0,0.166,1
ORD-15486,Lila Mohanty,Electronics,1420.76,0,7,0.206,180,0,0,0,0,0.214,0
ORD-15487,Simon Bala,Electronics,6925.3,1,18,0.539,41,1,0,0,0,0.796,0
ORD-15488,Falan Dugal,Mobiles,3242.64,0,12,0.369,460,0,0,1,0,0.329,0
ORD-15489,Lohit Subramaniam,Mobiles,7459.13,0,6,0.286,49,0,0,0,0,0.184,0
ORD-15490,Pahal Dasgupta,Beauty,5212.51,1,11,0.566,160,2,0,0,0,0.327,0
ORD-15491,Neel Srinivas,Electronics,1908.86,1,9,0.329,121,0,1,0,0,0.358,1
ORD-15492,Warda Mall,Home & Kitchen,20418.72,0,18,0.602,209,1,1,0,0,0.387,1
ORD-15493,Ojas Bhat,Beauty,3627.43,1,8,0.451,499,0,1,0,0,0.252,1
ORD-15494,Frederick Sankar,Mobiles,1309.94,0,23,0.357,101,0,0,0,0,0.216,1
ORD-15495,Anthony Sachar,Mobiles,3920.23,1,13,0.527,59,0,0,0,0,0.28,0
ORD-15496,Kalpit Date,Mobiles,2390.93,1,21,0.378,14,0,0,1,0,0.231,1
ORD-15497,Hredhaan Oommen,Mobiles,3806.96,1,20,0.33,200,0,0,0,0,0.503,0
ORD-15498,Advika Dutt,Beauty,7410.13,0,4,0.172,574,0,1,0,1,0.55,1
ORD-15499,Tristan Mangal,Fitness,1446.71,0,20,0.168,260,0,0,0,1,0.327,0
ORD-15500,Zaid Bhargava,Electronics,6375.82,1,27,0.181,15,0,0,0,0,0.056,0
ORD-15501,Anay Patil,Mobiles,4418.83,0,12,0.448,14,0,0,0,0,0.582,0
ORD-15502,Watika Seth,Home & Kitchen,10326.53,0,13,0.464,35,0,0,0,0,0.32,1
ORD-15503,Pallavi Morar,Mobiles,3354.09,0,18,0.253,53,0,0,0,0,0.106,0
ORD-15504,Kamala Savant,Beauty,5749.45,1,12,0.202,276,1,0,0,0,0.297,0
ORD-15505,Kamya Mane,Fashion,3566.71,0,15,0.345,227,0,0,1,1,0.314,1
ORD-15506,Orinder Koshy,Mobiles,3051.98,0,12,0.152,65,0,0,0,0,0.082,0
ORD-15507,Varsha Cherian,Electronics,871.8,1,22,0.433,324,0,0,0,1,0.172,1
ORD-15508,Zayan Shenoy,Electronics,5190.75,1,8,0.182,401,0,0,0,0,0.29,0
ORD-15509,Aarnav Choudhry,Mobiles,3094.95,1,17,0.286,343,0,0,1,0,0.325,0
ORD-15510,Daniel Dani,Electronics,2449.42,0,7,0.194,296,0,0,1,0,0.334,0
ORD-15511,Balvan Johal,Fashion,4124.01,0,5,0.588,759,1,0,0,0,0.376,1
ORD-15512,Nitara Karpe,Mobiles,2750.34,1,4,0.267,701,0,0,0,0,0.362,1
ORD-15513,Shivani Rastogi,Fashion,5409.08,0,9,0.19,62,0,0,0,1,0.328,1
ORD-15514,Gautam Suresh,Home & Kitchen,2380.41,0,18,0.281,102,0,0,0,0,0.318,0
ORD-15515,Pallavi Varty,Home & Kitchen,1489.75,0,24,0.235,21,1,0,0,0,0.361,0
ORD-15516,Agastya Varughese,Fashion,4832.97,0,15,0.267,565,0,0,0,0,0.436,1
ORD-15517,Jeevika Sem,Fitness,2651.49,0,26,0.294,936,1,0,0,0,0.187,1
ORD-15518,Manbir Balasubramanian,Mobiles,14296.16,0,26,0.097,128,0,0,0,1,0.374,0
ORD-15519,Hema Bhat,Fitness,4197.15,0,6,0.108,33,0,0,0,0,0.279,0
ORD-15520,Frado Hayre,Fashion,11231.87,1,16,0.115,431,0,0,0,0,0.419,0
ORD-15521,Nilima Sethi,Home & Kitchen,5102.21,0,25,0.176,263,0,0,0,0,0.265,0
ORD-15522,Yatin Bhagat,Electronics,8692.61,0,14,0.28,696,0,0,0,1,0.318,0
ORD-15523,Veer Natarajan,Electronics,3351.4,1,20,0.32,16,0,0,0,1,0.077,1
ORD-15524,Champak Mani,Mobiles,9840.35,1,19,0.3,884,1,1,1,0,0.418,0
ORD-15525,Anya Swamy,Mobiles,7923.78,1,13,0.23,99,0,0,0,1,0.302,1
ORD-15526,Ryan Rattan,Mobiles,1027.66,1,10,0.134,401,0,1,0,0,0.407,1
ORD-15527,Ishaan Hegde,Fitness,811.87,1,16,0.19,208,0,0,0,1,0.423,0
ORD-15528,Anay Saran,Fashion,4635.46,1,16,0.256,95,1,0,0,1,0.188,1
ORD-15529,Ikshita Wali,Mobiles,7893.19,1,14,0.316,184,2,1,0,0,0.248,1
ORD-15530,Sanya Sandhu,Home & Kitchen,21483.08,1,2,0.369,322,1,0,0,0,0.336,0
ORD-15531,Zehaan Taneja,Mobiles,3397.21,0,12,0.323,939,0,0,0,0,0.48,1
ORD-15532,Samarth Dara,Mobiles,2722.35,0,17,0.61,319,0,0,0,0,0.421,1
ORD-15533,Gauri Issac,Fashion,3235.41,1,19,0.468,157,0,0,1,0,0.25,1
ORD-15534,Neha Dugar,Electronics,3879.16,1,12,0.117,197,0,0,0,1,0.084,0
ORD-15535,Aachal Sarkar,Beauty,5176.87,1,8,0.082,90,0,0,0,0,0.069,0
ORD-15536,Rajeshri Dixit,Home & Kitchen,13598.99,1,21,0.385,8,0,0,0,0,0.491,1
ORD-15537,Ira Bhatt,Electronics,3255.82,0,42,0.201,375,0,0,1,0,0.363,0
ORD-15538,Lakshit Soman,Fashion,5730.63,0,7,0.105,600,0,0,0,1,0.402,0
ORD-15539,Azad Bhandari,Electronics,3679.92,0,23,0.228,15,0,0,0,0,0.115,0
ORD-15540,Neha Sachdeva,Electronics,7576.76,0,8,0.145,197,0,0,0,0,0.263,0
ORD-15541,Harish Mukhopadhyay,Mobiles,7441.43,1,18,0.382,31,2,0,0,1,0.227,1
ORD-15542,Aryan Bir,Beauty,4336.57,0,14,0.15,136,0,0,0,0,0.268,0
ORD-15543,Chandresh Sekhon,Beauty,6208.83,1,19,0.323,20,2,0,0,0,0.376,1
ORD-15544,Unni Dash,Electronics,12032.35,1,14,0.373,310,0,0,0,1,0.363,0
ORD-15545,Baljiwan Bahri,Home & Kitchen,658.28,0,9,0.049,20,0,0,0,1,0.311,0
ORD-15546,Warinder Bir,Fashion,10384.24,1,8,0.221,73,0,0,1,1,0.176,1
ORD-15547,Aarush Murty,Home & Kitchen,1827.72,1,16,0.581,382,2,0,0,0,0.494,1
ORD-15548,Dominic Nadig,Home & Kitchen,4435.19,0,9,0.204,20,0,1,0,0,0.323,1
ORD-15549,Brijesh Kumer,Mobiles,4464.03,1,16,0.334,298,0,0,1,0,0.344,0
ORD-15550,Chameli Taneja,Beauty,10016.28,1,2,0.667,180,2,1,1,0,0.33,1
ORD-15551,Waida Kapur,Home & Kitchen,26840.32,0,9,0.051,29,0,1,0,1,0.265,0
ORD-15552,Rushil Sheth,Electronics,3707.19,1,16,0.237,71,0,0,0,1,0.21,0
ORD-15553,Jai Sachdeva,Electronics,5303.7,1,19,0.385,171,1,0,0,1,0.361,0
ORD-15554,Brinda Chaudry,Fitness,9021.49,0,8,0.123,230,1,0,0,1,0.129,0
ORD-15555,Lavanya Chaudhary,Fashion,6584.98,0,23,0.215,40,0,0,0,0,0.357,0
ORD-15556,Tarak Sundaram,Electronics,2228.4,1,13,0.525,2,1,1,0,0,0.355,1
ORD-15557,Chandran Sundaram,Mobiles,1516.33,1,6,0.32,37,0,0,0,0,0.382,1
ORD-15558,Amaira Kothari,Fashion,3324.2,1,37,0.278,215,2,1,1,1,0.321,1
ORD-15559,Owen Naidu,Home & Kitchen,7464.53,1,7,0.297,281,0,0,0,0,0.468,1
ORD-15560,Qadim Kade,Fashion,3411.93,0,4,0.294,730,1,0,0,0,0.271,0
ORD-15561,Ishaan Sehgal,Fitness,9011.0,0,11,0.099,65,0,0,0,1,0.154,0
ORD-15562,Ekalinga Lalla,Home & Kitchen,2738.6,0,4,0.116,72,1,0,0,1,0.125,0
ORD-15563,Raagini Dewan,Electronics,9662.71,0,8,0.087,112,0,0,0,0,0.141,0
ORD-15564,Tanish Sibal,Beauty,8133.91,1,7,0.14,49,0,0,1,1,0.44,1
ORD-15565,Yutika Sharma,Beauty,9699.15,1,14,0.186,77,1,0,0,1,0.343,0
ORD-15566,Hitesh Chakraborty,Home & Kitchen,4084.89,0,11,0.599,278,1,0,0,1,0.279,1
ORD-15567,Christopher Dutt,Fashion,3721.16,1,10,0.216,227,0,0,0,0,0.428,1
ORD-15568,Aashi Chandran,Electronics,8838.56,1,13,0.146,312,0,0,0,0,0.144,1
ORD-15569,Wahab Pingle,Electronics,2866.53,0,13,0.386,578,1,0,0,0,0.36,1
ORD-15570,Manan Choudhury,Electronics,3148.4,0,26,0.105,215,0,0,0,0,0.361,0
ORD-15571,Sai Bains,Fitness,3274.93,1,13,0.008,91,0,0,0,0,0.075,0
ORD-15572,Yashoda Balasubramanian,Fashion,4831.81,0,13,0.208,95,0,1,0,1,0.265,0
ORD-15573,Mohini Lad,Electronics,2261.68,1,5,0.103,126,0,0,0,0,0.271,1
ORD-15574,Lakshit Dyal,Mobiles,4059.31,1,14,0.381,425,0,0,0,0,0.383,0
ORD-15575,Siya Parekh,Mobiles,2764.35,1,9,0.293,781,0,0,0,0,0.266,0
ORD-15576,Ria Tripathi,Fashion,6844.14,1,14,0.336,303,0,1,0,0,0.265,1
ORD-15577,Raksha Apte,Electronics,3861.49,0,3,0.328,151,0,0,0,0,0.302,0
ORD-15578,David Bal,Fashion,2414.26,0,20,0.185,356,0,0,0,1,0.112,0
ORD-15579,Chakradhar Sahota,Fashion,4248.03,1,5,0.173,464,0,0,0,1,0.304,0
ORD-15580,Ekaja Solanki,Beauty,3878.83,0,4,0.322,5,0,0,1,0,0.202,0
ORD-15581,Pranit Gulati,Fashion,1876.45,0,9,0.499,438,1,0,0,0,0.383,1
ORD-15582,Frederick Mistry,Fashion,3529.67,1,8,0.53,164,1,1,0,0,0.269,1
ORD-15583,Gavin Chad,Electronics,4248.54,1,3,0.579,393,0,0,0,0,0.525,1
ORD-15584,Yasti Tata,Fashion,4114.38,1,16,0.331,357,0,0,1,1,0.636,0
ORD-15585,Noah Sampath,Electronics,9356.78,1,11,0.239,114,0,0,0,0,0.108,0
ORD-15586,Ubika Ramanathan,Mobiles,3323.82,1,14,0.557,198,1,0,0,0,0.262,1
ORD-15587,Chandresh Loke,Electronics,3175.73,1,28,0.481,177,1,0,0,1,0.532,1
ORD-15588,Isha Karnik,Electronics,3201.16,1,16,0.853,260,0,0,0,0,0.312,1
ORD-15589,Aarna Chakrabarti,Electronics,3566.26,0,17,0.286,123,1,0,0,0,0.669,0
ORD-15590,Isaiah Pant,Electronics,4204.47,1,14,0.323,125,0,0,0,1,0.522,0
ORD-15591,Chaitanya Talwar,Home & Kitchen,2147.17,0,14,0.231,17,0,0,0,0,0.437,1
ORD-15592,Peter Sura,Beauty,8393.51,0,9,0.102,199,0,0,0,1,0.126,1
ORD-15593,Udarsh Nath,Fitness,6534.11,0,16,0.362,50,0,0,0,1,0.493,1
ORD-15594,Irya Chhabra,Fashion,5333.49,0,7,0.221,221,0,1,0,0,0.196,1
ORD-15595,Mitali Gopal,Fashion,856.78,0,6,0.267,136,0,0,0,0,0.129,0
ORD-15596,Chakradev Sama,Home & Kitchen,8703.39,1,24,0.377,235,0,0,0,1,0.189,1
ORD-15597,Krisha Rajagopal,Electronics,19464.26,0,6,0.22,158,0,0,0,0,0.093,0
ORD-15598,Alka Sanghvi,Electronics,3220.74,0,34,0.377,68,1,0,0,0,0.233,1
ORD-15599,Amaira Sethi,Home & Kitchen,24906.14,0,4,0.168,108,0,0,0,1,0.178,0
ORD-15600,Max Bhattacharyya,Beauty,2725.45,0,12,0.179,112,0,0,0,0,0.489,0
ORD-15601,Advay Dua,Fitness,7048.68,0,14,0.146,470,0,0,0,1,0.417,0
ORD-15602,Harsh Raju,Fitness,3574.33,1,28,0.037,67,0,0,0,0,0.177,0
ORD-15603,Nathaniel Parekh,Mobiles,3157.76,1,16,0.244,210,1,0,0,0,0.148,1
ORD-15604,Niharika Maharaj,Beauty,5529.17,0,12,0.037,611,1,0,0,0,0.149,0
ORD-15605,Aadi Thakkar,Fitness,6928.67,0,25,0.411,58,1,0,0,0,0.405,0
ORD-15606,Amaira Warrior,Mobiles,3675.1,0,15,0.337,210,0,0,0,0,0.182,0
ORD-15607,Yachana Kari,Mobiles,4160.39,0,8,0.458,159,0,0,0,0,0.323,0
ORD-15608,Rajata Devan,Fashion,11800.9,0,14,0.385,2,0,0,0,0,0.204,1
ORD-15609,Megha Srinivasan,Home & Kitchen,1708.81,1,12,0.137,30,0,0,0,1,0.235,0
ORD-15610,Sai Bir,Mobiles,8639.55,0,11,0.366,383,2,0,1,0,0.498,1
ORD-15611,Anthony Bhatnagar,Fitness,3855.65,0,5,0.12,27,0,0,0,0,0.393,1
ORD-15612,Charita Borah,Mobiles,9007.78,0,17,0.416,254,1,0,0,0,0.729,1
ORD-15613,Isaiah Kothari,Electronics,13118.18,0,15,0.129,126,0,0,0,1,0.108,0
ORD-15614,Nihal Jayaraman,Electronics,3701.83,0,11,0.293,49,0,0,1,1,0.264,0
ORD-15615,Hritik Kaul,Fashion,4620.37,1,20,0.329,1,0,0,0,0,0.211,0
ORD-15616,Vaishnavi Reddy,Home & Kitchen,3233.87,0,27,0.26,571,0,0,1,0,0.191,1
ORD-15617,Harita Grover,Fitness,3400.19,1,16,0.4,196,0,1,0,0,0.326,1
ORD-15618,Caleb Kumar,Mobiles,2054.63,1,9,0.243,164,0,0,1,0,0.148,1
ORD-15619,Yasti Chandra,Home & Kitchen,6075.7,0,8,0.328,690,0,0,0,0,0.179,0
ORD-15620,Gaurangi Bains,Electronics,4229.39,1,15,0.555,226,2,1,0,0,0.435,1
ORD-15621,Jagvi Mallick,Mobiles,5552.64,1,6,0.17,189,0,0,0,1,0.086,0
ORD-15622,Warhi Dhillon,Mobiles,5325.49,0,38,0.495,148,0,0,0,1,0.28,0
ORD-15623,Jeet Chatterjee,Mobiles,4710.7,0,7,0.381,318,0,0,1,1,0.208,0
ORD-15624,Eesha Balay,Fashion,8038.41,1,4,0.346,32,0,0,0,0,0.361,0
ORD-15625,Bimala Mahal,Fashion,10494.82,1,11,0.251,197,0,0,0,0,0.44,0
ORD-15626,Omaja Ratti,Electronics,2072.54,0,31,0.362,101,0,0,0,0,0.64,0
ORD-15627,Upma Sule,Fitness,7358.18,0,14,0.268,89,0,0,0,0,0.39,1
ORD-15628,Zaitra Date,Electronics,10110.54,1,40,0.094,68,1,0,1,0,0.078,0
ORD-15629,Benjamin Agate,Home & Kitchen,2123.61,1,13,0.37,611,1,0,0,1,0.378,1
ORD-15630,Triya Dhillon,Fashion,11775.46,0,16,0.237,93,0,0,0,0,0.319,1
ORD-15631,Anita Buch,Electronics,4507.08,1,1,0.103,660,0,0,0,0,0.291,0
ORD-15632,Anika Sachdev,Fitness,2486.53,0,14,0.145,137,0,0,0,0,0.164,1
ORD-15633,Upkaar Narain,Beauty,15027.16,1,11,0.095,53,0,0,1,0,0.078,0
ORD-15634,Meera Puri,Fitness,2961.93,0,3,0.205,116,0,0,0,0,0.149,1
ORD-15635,Pahal Yohannan,Fashion,18382.47,1,15,0.147,251,0,0,0,0,0.406,0
ORD-15636,Meghana Sarraf,Electronics,3629.71,1,3,0.227,254,1,0,0,1,0.503,1
ORD-15637,Yashawini Raj,Beauty,3402.31,0,10,0.135,26,0,0,0,1,0.191,0
ORD-15638,Gautam Narang,Fashion,5447.67,1,13,0.128,233,1,0,0,1,0.05,0
ORD-15639,Advika Murthy,Electronics,7346.34,1,16,0.233,98,1,0,0,0,0.366,1
ORD-15640,Indrajit Dash,Fashion,2727.0,0,17,0.168,470,0,0,0,0,0.265,0
ORD-15641,Pranit Bhardwaj,Fashion,2921.44,0,14,0.278,270,0,0,0,0,0.159,0
ORD-15642,Jalsa Koshy,Home & Kitchen,2803.83,0,16,0.153,451,0,0,0,0,0.474,0
ORD-15643,Chaitanya Panchal,Fashion,3566.55,0,21,0.431,31,1,1,0,1,0.162,1
ORD-15644,Ekavir Som,Home & Kitchen,3259.27,0,4,0.394,414,0,0,0,0,0.372,1
ORD-15645,Pahal Bhatia,Electronics,3664.54,0,14,0.297,44,0,0,1,0,0.326,1
ORD-15646,Megha Johal,Electronics,7137.9,0,9,0.213,219,0,0,0,1,0.304,0
ORD-15647,Dipta Kothari,Electronics,3524.75,0,7,0.409,181,0,0,0,1,0.55,1
ORD-15648,Jeremiah Chaudhry,Fashion,12260.35,1,14,0.347,64,1,0,0,1,0.392,0
ORD-15649,Falak Pradhan,Beauty,3180.01,0,11,0.174,315,0,0,0,1,0.288,0
ORD-15650,Ladli Sunder,Beauty,10415.94,0,13,0.098,57,0,0,0,0,0.445,0
ORD-15651,Chandran Bakshi,Home & Kitchen,2626.73,1,8,0.085,57,0,0,0,0,0.04,0
ORD-15652,Laban Misra,Home & Kitchen,1787.07,1,16,0.27,322,0,0,0,1,0.331,1
ORD-15653,Praneel Batta,Mobiles,2874.45,0,34,0.196,54,0,0,0,1,0.262,0
ORD-15654,Krisha Prashad,Mobiles,3269.9,0,6,0.375,130,0,0,0,0,0.266,1
ORD-15655,Radhika Sankar,Fashion,7609.66,0,7,0.231,145,0,0,0,1,0.197,0
ORD-15656,Nirja Bedi,Electronics,5222.18,0,21,0.132,21,0,0,0,0,0.156,0
ORD-15657,Rajata Lala,Electronics,3806.63,0,20,0.339,715,1,0,0,0,0.291,1
ORD-15658,Akshay Mukhopadhyay,Electronics,3479.36,1,24,0.238,77,0,1,0,0,0.437,1
ORD-15659,Pallavi Patla,Fashion,20168.38,0,14,0.307,17,0,0,0,0,0.272,1
ORD-15660,Saanvi Oak,Electronics,9760.57,0,8,0.515,332,0,0,0,0,0.403,1
ORD-15661,Shravya Morar,Fitness,3149.9,0,11,0.211,493,1,0,0,0,0.267,1
ORD-15662,Timothy Handa,Fashion,2871.34,1,16,0.402,154,1,0,0,1,0.607,0
ORD-15663,Pavani De,Home & Kitchen,2401.26,0,7,0.132,173,0,0,0,0,0.46,1
ORD-15664,Kala Kuruvilla,Beauty,3286.49,1,9,0.425,189,0,0,0,1,0.549,1
ORD-15665,Lakshmi De,Fitness,4080.83,0,7,0.115,226,0,0,0,1,0.163,0
ORD-15666,Omya Nayar,Home & Kitchen,5229.51,1,8,0.185,102,2,0,0,0,0.492,1
ORD-15667,Chatura Chopra,Electronics,9520.68,1,22,0.23,18,0,0,0,0,0.093,1
ORD-15668,Gaurika Palan,Mobiles,6325.46,1,4,0.495,86,1,0,0,1,0.385,1
ORD-15669,Chatresh Andra,Fashion,10813.36,1,6,0.241,139,0,0,0,0,0.335,0
ORD-15670,Naveen Grover,Electronics,11203.99,1,17,0.165,111,0,1,0,0,0.207,1
ORD-15671,Parth Doshi,Fashion,3824.33,1,6,0.247,393,1,0,0,1,0.079,0
ORD-15672,Pratyush Seth,Electronics,5281.32,1,41,0.264,5,0,0,0,1,0.174,1
ORD-15673,Vanya Som,Fashion,1481.34,1,3,0.169,151,0,0,0,0,0.328,1
ORD-15674,Nandini Desai,Mobiles,1316.02,0,14,0.178,160,0,0,0,1,0.21,1
ORD-15675,Ekalinga Ramakrishnan,Electronics,1813.88,0,30,0.188,56,0,0,0,1,0.196,0
ORD-15676,Hemang Brar,Fitness,3203.99,1,15,0.403,49,0,0,1,0,0.216,1
ORD-15677,Avni Chaudhry,Electronics,3029.69,0,10,0.422,50,1,0,0,1,0.426,1
ORD-15678,Kashish Thakur,Electronics,9375.38,1,11,0.316,226,0,0,0,0,0.329,0
ORD-15679,Zansi Rama,Electronics,10224.24,1,6,0.205,66,0,0,0,0,0.438,0
ORD-15680,Abeer Yadav,Fashion,6127.52,1,8,0.272,579,0,0,0,0,0.162,0
ORD-15681,Hritik Som,Fitness,3071.69,0,14,0.19,52,0,0,0,1,0.168,1
ORD-15682,Vasana Talwar,Electronics,2817.37,0,23,0.222,12,0,0,0,0,0.117,0
ORD-15683,Rohan Buch,Beauty,2529.15,1,17,0.079,169,0,0,0,1,0.312,0
ORD-15684,Ishita Sawhney,Electronics,3336.27,1,11,0.312,284,1,0,0,1,0.24,1
ORD-15685,Anjali Sehgal,Electronics,7165.13,1,9,0.132,55,0,0,1,1,0.153,0
ORD-15686,Nilima Lall,Mobiles,3204.92,1,6,0.339,79,0,0,0,0,0.426,0
ORD-15687,Pavani Borra,Electronics,7365.38,1,29,0.268,61,0,1,0,1,0.304,1
ORD-15688,Indrajit Gala,Fashion,4750.73,0,19,0.153,146,0,0,0,1,0.191,1
ORD-15689,Samar Wadhwa,Beauty,2048.01,0,19,0.133,195,0,0,0,0,0.218,0
ORD-15690,Veer Srinivas,Mobiles,4053.5,1,13,0.161,25,0,0,1,0,0.294,0
ORD-15691,Vedant Sani,Home & Kitchen,4207.52,1,2,0.362,385,0,0,0,0,0.579,1
ORD-15692,Libni Walia,Electronics,3841.73,0,10,0.417,250,0,1,0,0,0.279,1
ORD-15693,Triya Palla,Mobiles,5051.92,1,8,0.53,683,1,1,0,0,0.555,1
ORD-15694,Jyoti Lanka,Mobiles,5249.98,1,5,0.214,276,1,0,0,0,0.142,0
ORD-15695,Dayita Datta,Mobiles,2714.94,0,15,0.281,46,0,0,1,1,0.551,0
ORD-15696,Viraj Thakur,Mobiles,3525.81,1,14,0.35,94,1,0,0,1,0.291,1
ORD-15697,Zehaan Pathak,Fitness,1154.43,0,13,0.032,127,0,0,0,0,0.248,0
ORD-15698,Champak Balay,Fitness,6703.63,1,3,0.024,388,0,1,1,1,0.384,1
ORD-15699,Aachal Mody,Mobiles,1907.36,1,31,0.298,329,0,0,0,1,0.484,1
ORD-15700,Bhavika Sibal,Fashion,12003.56,0,13,0.465,182,0,0,1,0,0.288,0
ORD-15701,Madhav Hegde,Electronics,5248.38,0,8,0.609,206,0,0,0,0,0.281,1
ORD-15702,Isaac Dey,Fashion,4458.9,1,20,0.208,327,0,0,0,0,0.484,0
ORD-15703,Mitesh Sem,Home & Kitchen,3081.01,0,7,0.226,633,0,0,0,0,0.17,0
ORD-15704,Vyanjana Chad,Home & Kitchen,1895.81,0,18,0.274,503,0,0,0,0,0.164,0
ORD-15705,Raksha Rao,Fashion,11998.8,0,7,0.286,219,0,0,1,0,0.104,1
ORD-15706,Xavier Memon,Fashion,4549.15,0,18,0.512,14,0,1,1,1,0.194,1
ORD-15707,Vrishti Gara,Home & Kitchen,1398.07,0,30,0.211,452,0,0,0,0,0.226,0
ORD-15708,Rehaan Yohannan,Fitness,20217.8,0,2,0.448,128,0,0,0,0,0.247,1
ORD-15709,Omkaar Bora,Electronics,830.57,0,24,0.203,211,0,0,0,0,0.372,0
ORD-15710,Irya Arora,Electronics,12581.05,0,8,0.215,193,0,0,0,1,0.286,1
ORD-15711,Ekalinga Ram,Fashion,6680.5,1,43,0.633,1187,1,0,0,0,0.208,1
ORD-15712,Benjamin Kumer,Electronics,2280.5,1,10,0.235,59,0,0,0,0,0.472,1
ORD-15713,Robert Bali,Fitness,3191.28,0,22,0.126,128,0,0,0,0,0.498,0
ORD-15714,Victor Nair,Electronics,3531.43,1,8,0.233,129,0,0,0,0,0.166,0
ORD-15715,Amara Karnik,Fashion,3634.27,0,9,0.131,88,0,0,0,0,0.277,0
ORD-15716,Victor Mody,Beauty,2097.34,0,7,0.073,425,0,0,0,1,0.107,0
ORD-15717,Balendra Chawla,Beauty,1784.77,1,8,0.596,404,0,0,0,1,0.624,1
ORD-15718,Meghana Sastry,Fashion,4218.79,0,15,0.4,0,1,0,0,0,0.313,1
ORD-15719,Yashasvi Mangat,Home & Kitchen,9214.77,1,15,0.433,137,0,0,0,1,0.407,1
ORD-15720,Pavani Pai,Fitness,2908.99,0,24,0.285,302,0,0,0,0,0.257,0
ORD-15721,Arya Kumar,Mobiles,2663.79,1,15,0.372,71,1,0,0,0,0.546,1
ORD-15722,Jagvi Lal,Mobiles,1309.6,0,10,0.346,349,1,0,1,1,0.109,1
ORD-15723,Prisha Bera,Fitness,6194.37,1,4,0.237,77,0,0,1,1,0.364,1
ORD-15724,Janaki Bhatti,Home & Kitchen,3227.4,1,14,0.078,15,0,0,1,0,0.529,0
ORD-15725,Teerth Seshadri,Mobiles,9172.65,1,22,0.571,13,1,0,0,0,0.278,1
ORD-15726,Alexander Nagi,Mobiles,6469.73,0,22,0.282,325,0,0,0,1,0.249,0
ORD-15727,Jatin Din,Electronics,1079.75,1,9,0.369,241,0,0,0,1,0.454,1
ORD-15728,Yadavi Vala,Electronics,2751.3,1,17,0.24,427,0,0,0,0,0.081,1
ORD-15729,Libni Sandal,Home & Kitchen,2562.67,1,2,0.658,17,2,1,1,1,0.327,1
ORD-15730,Darsh Mohan,Fashion,1726.17,0,28,0.501,104,1,0,0,0,0.345,1
ORD-15731,Vasana Deol,Electronics,4683.41,0,14,0.6,0,0,1,1,0,0.377,1
ORD-15732,Henry Mahal,Mobiles,4059.98,1,19,0.371,27,0,0,0,1,0.179,0
ORD-15733,Laksh Kulkarni,Fashion,3044.88,1,13,0.281,50,1,0,0,0,0.121,0
ORD-15734,Viraj Bansal,Fashion,8456.5,0,1,0.374,782,0,0,0,0,0.239,1
ORD-15735,Lakshmi Krishnan,Fitness,11484.95,0,9,0.056,37,0,1,0,0,0.108,1
ORD-15736,Amrita Deo,Fashion,3979.86,1,11,0.338,109,0,0,0,0,0.375,0
ORD-15737,Upkaar Sengupta,Beauty,13685.3,0,13,0.151,22,0,0,0,0,0.277,0
ORD-15738,Warinder Khanna,Fashion,7407.48,1,19,0.091,232,0,0,1,1,0.186,0
ORD-15739,Matthew Chowdhury,Electronics,3319.26,1,18,0.221,274,0,0,0,0,0.095,0
ORD-15740,Ayushman Ramanathan,Electronics,2963.9,0,3,0.2,30,0,0,0,0,0.217,0
ORD-15741,Shivansh Gera,Electronics,6225.45,1,9,0.346,929,0,0,0,1,0.158,1
ORD-15742,Simon Ganesh,Home & Kitchen,2811.63,0,3,0.204,94,0,0,0,0,0.287,0
ORD-15743,Jairaj Basu,Home & Kitchen,8840.98,1,10,0.12,221,1,0,1,1,0.147,1
ORD-15744,Alexander Goyal,Electronics,4097.38,1,10,0.122,247,0,0,1,0,0.141,0
ORD-15745,Parth Agate,Fashion,3742.96,0,10,0.342,534,1,0,0,0,0.434,1
ORD-15746,Dev Vig,Electronics,2487.67,0,13,0.198,131,0,0,0,1,0.487,0
ORD-15747,Triya Saraf,Beauty,2929.34,1,15,0.06,218,1,0,0,0,0.112,0
ORD-15748,Ishwar Bath,Fashion,6576.37,1,12,0.411,137,1,0,0,0,0.51,1
ORD-15749,Yashoda Srivastava,Electronics,1624.76,1,5,0.103,85,0,1,0,0,0.335,0
ORD-15750,Jairaj Apte,Fitness,13035.29,1,24,0.244,43,0,0,1,0,0.318,1
ORD-15751,Chakrika Gulati,Fashion,10802.5,0,10,0.207,298,0,0,0,0,0.2,0
ORD-15752,Leela Chander,Home & Kitchen,4204.45,0,20,0.22,188,0,0,0,0,0.632,0
ORD-15753,David Keer,Beauty,1740.18,0,16,0.308,389,1,1,0,0,0.326,1
ORD-15754,Eiravati Kohli,Beauty,7958.49,0,5,0.022,735,0,0,0,1,0.31,0
ORD-15755,Yashvi Batta,Electronics,4482.51,0,8,0.38,161,0,1,1,0,0.289,1
ORD-15756,Anya Sama,Electronics,5867.43,0,4,0.424,4,0,0,0,0,0.222,1
ORD-15757,Robert Murty,Fashion,3552.28,0,8,0.308,116,1,0,0,0,0.113,1
ORD-15758,Nilima Mutti,Home & Kitchen,2114.64,0,8,0.287,197,0,0,0,0,0.577,0
ORD-15759,Bakhshi Aggarwal,Beauty,8978.99,0,19,0.02,2,0,0,0,1,0.322,0
ORD-15760,Anay Shankar,Fashion,5663.19,1,17,0.438,160,0,1,0,1,0.391,1
ORD-15761,Qabil Aggarwal,Fashion,7321.21,1,10,0.44,64,2,0,0,0,0.675,1
ORD-15762,Arya Narayan,Fashion,2623.52,0,7,0.337,265,0,1,0,0,0.142,1
ORD-15763,Raksha Borde,Fashion,5272.59,0,10,0.439,167,0,0,1,0,0.512,1
ORD-15764,Anmol Batra,Mobiles,2710.46,1,15,0.312,748,1,0,0,0,0.535,0
ORD-15765,Rachita Ramakrishnan,Home & Kitchen,9070.05,0,26,0.288,193,0,0,0,1,0.36,0
ORD-15766,Amruta Chanda,Fashion,2160.86,0,12,0.302,1,1,0,0,0,0.112,0
ORD-15767,Agastya Ramaswamy,Fashion,2466.96,0,3,0.373,254,0,0,0,0,0.434,0
ORD-15768,Chandani Chadha,Electronics,1521.69,1,25,0.086,36,0,0,0,1,0.07,0
ORD-15769,Umang Manda,Fitness,9825.79,0,18,0.241,102,0,0,1,1,0.367,0
ORD-15770,Sanya Naik,Electronics,1721.51,1,7,0.373,215,0,0,0,0,0.277,1
ORD-15771,Mohini Luthra,Home & Kitchen,7032.16,1,12,0.39,34,0,0,0,0,0.281,1
ORD-15772,Benjamin Virk,Electronics,2835.36,1,5,0.175,94,0,0,0,0,0.368,0
ORD-15773,Jhalak Hayer,Home & Kitchen,3490.73,1,7,0.37,311,0,1,0,0,0.423,1
ORD-15774,Oni Jain,Home & Kitchen,3675.16,0,6,0.4,596,0,0,0,0,0.327,0
ORD-15775,Lohit Purohit,Home & Kitchen,4325.77,0,5,0.093,1194,0,0,0,0,0.17,0
ORD-15776,Nathaniel Rama,Mobiles,3448.16,0,14,0.48,534,3,1,0,1,0.318,1
ORD-15777,Alexander Wable,Fitness,4058.7,1,14,0.178,19,0,0,0,0,0.261,0
ORD-15778,Rachita Venkatesh,Electronics,12367.99,1,17,0.177,10,0,0,1,1,0.319,1
ORD-15779,Urmi Wadhwa,Mobiles,8346.77,1,14,0.367,141,0,0,0,0,0.202,1
ORD-15780,Elijah Patla,Fitness,3956.77,1,8,0.157,28,0,0,0,0,0.153,0
ORD-15781,Kamala Sanghvi,Fashion,9120.76,1,9,0.379,523,0,0,1,0,0.421,1
ORD-15782,Janani Setty,Electronics,3404.04,1,14,0.273,25,1,0,1,1,0.464,1
ORD-15783,Suhani Purohit,Fashion,2817.5,0,14,0.396,188,1,0,0,0,0.176,1
ORD-15784,Warjas Date,Beauty,7241.25,1,2,0.189,308,0,0,0,1,0.314,0
ORD-15785,Gagan Deo,Mobiles,6219.5,0,3,0.352,183,0,0,0,0,0.329,0
ORD-15786,Jagrati Sha,Electronics,2521.1,0,7,0.097,273,0,0,0,0,0.113,0
ORD-15787,Lajita Aurora,Home & Kitchen,4229.58,1,8,0.422,249,0,0,0,0,0.686,1
ORD-15788,Farhan Ahluwalia,Fashion,4785.32,1,22,0.433,48,2,1,0,0,0.602,1
ORD-15789,Liam Bora,Fashion,4525.61,0,5,0.208,31,0,1,0,0,0.349,0
ORD-15790,Jalsa Nayak,Home & Kitchen,2479.45,1,11,0.536,109,0,0,0,1,0.355,1
ORD-15791,Jacob Sharma,Fashion,4346.54,0,6,0.25,168,0,0,0,0,0.209,1
ORD-15792,Tanmayi Mannan,Mobiles,5099.93,0,36,0.153,258,0,0,0,0,0.061,0
ORD-15793,Lakshit Sura,Electronics,12792.93,1,10,0.253,8,0,0,0,0,0.181,0
ORD-15794,Lekha Goyal,Fashion,7509.26,1,8,0.187,119,0,0,0,0,0.139,0
ORD-15795,Gopal Dhillon,Home & Kitchen,11318.84,1,5,0.228,170,1,1,0,0,0.15,1
ORD-15796,George Rau,Home & Kitchen,7153.81,0,9,0.422,292,1,0,0,1,0.256,1
ORD-15797,Rajata Lata,Fashion,4252.17,1,14,0.104,179,0,0,0,1,0.14,1
ORD-15798,Nicholas Dhaliwal,Home & Kitchen,6020.88,0,5,0.349,535,0,1,0,0,0.402,1
ORD-15799,Gaurika Vala,Fashion,3840.79,1,15,0.778,198,0,0,1,0,0.339,1
ORD-15800,Shivani Bera,Fashion,7965.83,0,13,0.191,212,0,0,0,0,0.161,1
ORD-15801,Jeevika Lata,Home & Kitchen,1304.0,0,7,0.206,68,0,0,0,0,0.464,0
ORD-15802,Henry Pal,Fitness,7403.52,1,3,0.055,24,0,0,0,0,0.092,0
ORD-15803,Kashish Sunder,Fitness,2835.15,0,24,0.198,378,0,0,0,1,0.279,0
ORD-15804,Eiravati Saran,Home & Kitchen,3276.03,0,17,0.001,121,0,0,0,1,0.126,0
ORD-15805,Aarnav Dhaliwal,Fashion,1975.59,1,13,0.39,532,0,0,0,0,0.648,0
ORD-15806,Jeevika Taneja,Mobiles,5283.82,0,13,0.634,179,0,0,0,0,0.678,1
ORD-15807,Andrew Bawa,Home & Kitchen,7301.87,0,23,0.504,77,0,0,0,0,0.471,0
ORD-15808,Mohini Kanda,Home & Kitchen,3670.49,0,18,0.055,187,0,0,0,1,0.386,0
ORD-15809,Nimrat Maharaj,Beauty,4664.58,0,4,0.333,32,1,0,0,0,0.356,1
ORD-15810,Tripti Garg,Fashion,4503.3,0,14,0.278,5,0,0,0,0,0.387,0
ORD-15811,Laban Mallick,Fashion,12960.98,0,20,0.368,509,1,0,0,0,0.632,1
ORD-15812,Peter Thakur,Electronics,2990.36,1,23,0.21,20,0,0,0,0,0.306,1
ORD-15813,Falak Mammen,Mobiles,7261.4,0,5,0.198,59,0,0,0,0,0.437,0
ORD-15814,Dalbir Chakraborty,Beauty,5984.38,0,14,0.118,42,0,0,1,1,0.243,0
ORD-15815,Zinal Varughese,Electronics,4000.75,0,17,0.157,164,0,1,0,0,0.237,0
ORD-15816,Naveen Lala,Electronics,2304.35,1,15,0.575,318,0,0,0,0,0.328,1
ORD-15817,Wridesh Chana,Electronics,5496.19,1,24,0.683,16,0,0,0,0,0.576,1
ORD-15818,Oni Bora,Fitness,4866.0,0,13,0.281,249,0,0,0,0,0.391,0
ORD-15819,Kashvi Ahuja,Fashion,1542.03,0,6,0.371,295,0,0,0,1,0.388,1
ORD-15820,Dominic Bhargava,Home & Kitchen,1912.12,1,29,0.475,449,0,0,0,0,0.401,1
ORD-15821,Daniel Chand,Fashion,5151.49,1,19,0.074,1166,1,0,0,0,0.393,0
ORD-15822,Kamya Agarwal,Home & Kitchen,6914.56,1,29,0.324,625,0,0,0,0,0.14,1
ORD-15823,Ubika Chopra,Fitness,2419.76,1,11,0.234,92,0,0,0,1,0.334,1
ORD-15824,Divya Grewal,Fashion,4849.65,0,24,0.637,39,0,1,0,0,0.24,1
ORD-15825,Faris Bassi,Fashion,2730.94,0,11,0.324,437,1,0,0,1,0.446,0
ORD-15826,Utkarsh Sastry,Beauty,4730.2,0,9,0.34,48,2,0,0,1,0.607,1
ORD-15827,Laban Iyengar,Electronics,5842.82,1,5,0.433,501,0,0,0,0,0.187,0
ORD-15828,Bachittar Shere,Electronics,9133.27,1,23,0.374,252,0,0,0,1,0.281,1
ORD-15829,Qushi Murthy,Fashion,7220.58,1,3,0.461,81,1,1,1,1,0.17,1
ORD-15830,Aayush Sule,Fashion,7121.18,0,1,0.649,228,1,0,1,1,0.425,1
ORD-15831,Gabriel Thaman,Home & Kitchen,617.51,0,27,0.373,126,0,0,0,0,0.344,0
ORD-15832,Falak Memon,Fashion,9056.99,0,14,0.157,71,0,0,0,0,0.146,0
ORD-15833,Lohit Vig,Fashion,2138.96,1,12,0.302,314,1,0,0,0,0.433,1
ORD-15834,Odika Kala,Home & Kitchen,19664.46,1,10,0.113,259,0,0,0,0,0.477,0
ORD-15835,Hemangini Deep,Electronics,6503.56,1,13,0.28,47,1,0,0,0,0.361,1
ORD-15836,Arya Sodhi,Home & Kitchen,18413.2,0,8,0.301,345,0,0,0,0,0.234,1
ORD-15837,Odika Chakrabarti,Electronics,11087.25,0,20,0.313,91,0,0,0,0,0.146,1
ORD-15838,Urvi Jain,Beauty,5118.56,0,9,0.249,264,0,0,0,1,0.129,0
ORD-15839,Fitan Kala,Home & Kitchen,10309.53,0,9,0.124,80,0,0,0,0,0.138,0
ORD-15840,Balendra Kuruvilla,Beauty,5037.19,1,8,0.144,93,1,0,0,0,0.303,0
ORD-15841,Chakradev Dube,Mobiles,2044.71,1,6,0.194,519,0,0,0,0,0.291,0
ORD-15842,Neha Kapadia,Mobiles,4417.92,0,1,0.11,125,0,0,0,0,0.51,0
ORD-15843,Ekapad Sidhu,Electronics,3599.19,1,17,0.253,33,0,0,0,0,0.32,0
ORD-15844,Tanay Parsa,Fashion,2283.32,0,5,0.285,46,0,0,1,1,0.066,0
ORD-15845,Aahana Viswanathan,Electronics,7998.83,0,12,0.716,71,0,0,0,0,0.542,1
ORD-15846,Geetika Doshi,Fashion,3633.77,1,9,0.278,300,0,0,0,0,0.283,0
ORD-15847,Darpan Ravi,Fitness,6093.7,1,6,0.339,275,0,0,1,0,0.16,1
ORD-15848,Radhika Barad,Mobiles,2316.07,1,4,0.365,259,1,0,0,1,0.169,1
ORD-15849,Sara Hari,Fashion,1487.59,0,11,0.174,173,0,0,0,0,0.373,0
ORD-15850,Zayan Mistry,Beauty,2918.61,0,4,0.216,51,0,0,0,0,0.491,1
ORD-15851,Chavvi Goel,Electronics,7733.28,0,8,0.315,521,0,0,0,0,0.194,1
ORD-15852,Vedant Raja,Fitness,3997.19,0,16,0.272,29,1,0,0,1,0.269,1
ORD-15853,Nidra Devi,Fashion,2147.37,0,9,0.11,749,0,0,0,0,0.178,0
ORD-15854,Ganga Natt,Home & Kitchen,9116.79,0,18,0.253,61,1,0,0,0,0.185,0
ORD-15855,Sanaya Sawhney,Electronics,1140.63,0,16,0.074,136,0,0,0,0,0.141,0
ORD-15856,Chandresh Ramaswamy,Electronics,7193.44,0,38,0.187,20,0,0,0,0,0.251,0
ORD-15857,Saumya Nayak,Home & Kitchen,2131.08,0,16,0.238,105,0,0,0,0,0.182,0
ORD-15858,Fariq Patla,Mobiles,2790.34,1,5,0.255,226,0,0,0,0,0.257,0
ORD-15859,Nathaniel Jha,Electronics,3679.7,1,4,0.379,63,1,0,0,0,0.222,1
ORD-15860,Aditya Bandi,Electronics,3765.2,0,39,0.284,582,0,0,0,1,0.266,0
ORD-15861,Ekta Chhabra,Electronics,2589.93,1,27,0.307,460,0,0,0,0,0.308,0
ORD-15862,Wakeeta More,Electronics,2002.99,1,32,0.378,234,1,0,0,1,0.132,0
ORD-15863,Harsh Kaur,Electronics,5981.49,0,17,0.218,177,0,0,0,1,0.339,0
ORD-15864,Fiyaz Chaudhry,Home & Kitchen,7492.59,1,9,0.195,7,1,0,0,0,0.305,1
ORD-15865,Yashica Rama,Home & Kitchen,4515.95,0,14,0.237,258,0,0,0,0,0.181,0
ORD-15866,Anirudh Dhar,Beauty,1430.45,0,18,0.428,636,0,0,0,0,0.191,1
ORD-15867,Chakrika Saxena,Beauty,2400.8,1,22,0.423,173,0,0,0,0,0.433,1
ORD-15868,Chatura Goel,Fitness,2801.07,1,12,0.495,21,2,0,1,1,0.376,1
ORD-15869,Arjun Ravi,Mobiles,11189.35,1,25,0.312,1062,0,0,0,0,0.229,0
ORD-15870,Vivaan Murty,Electronics,4260.72,1,7,0.03,487,0,0,0,0,0.25,0
ORD-15871,Fiyaz Goel,Home & Kitchen,5714.75,0,19,0.179,35,1,0,0,0,0.405,0
ORD-15872,Fitan Deshmukh,Fashion,4969.44,1,9,0.52,359,0,0,0,0,0.322,1
ORD-15873,Raksha Murthy,Electronics,3851.6,0,7,0.382,74,1,0,0,0,0.241,0
ORD-15874,Daniel Anne,Beauty,3956.86,0,9,0.114,718,0,0,1,0,0.191,0
ORD-15875,Omisha Bedi,Electronics,1969.46,0,20,0.184,101,0,0,0,1,0.24,0
ORD-15876,Ekaja Choudhry,Home & Kitchen,14480.73,1,13,0.125,254,2,0,0,0,0.072,0
ORD-15877,Tanish Goswami,Mobiles,6742.32,0,12,0.395,157,0,0,0,1,0.289,0
ORD-15878,Aashi Sarraf,Mobiles,1516.37,1,17,0.385,160,0,0,0,0,0.549,1
ORD-15879,Azad Sarma,Fitness,9309.59,1,5,0.231,38,0,0,0,0,0.344,1
ORD-15880,Caleb Tailor,Fashion,1470.84,1,30,0.348,37,0,0,0,1,0.445,1
ORD-15881,Saanvi Halder,Mobiles,5379.59,0,23,0.255,46,0,0,0,0,0.14,0
ORD-15882,Ubika Bawa,Electronics,4020.51,0,10,0.622,1153,0,0,0,0,0.482,1
ORD-15883,Jasmit Bala,Electronics,4779.44,0,13,0.192,523,0,0,0,0,0.494,1
ORD-15884,Dominic Bava,Electronics,4557.55,0,6,0.119,0,0,0,0,1,0.239,0
ORD-15885,Maya Mani,Mobiles,3361.1,1,30,0.246,402,0,0,0,1,0.483,0
ORD-15886,Daksha Arora,Home & Kitchen,2679.92,0,10,0.263,814,0,0,0,1,0.344,0
ORD-15887,Jagat Aggarwal,Mobiles,6216.48,0,24,0.188,158,0,0,0,0,0.228,0
ORD-15888,Ijaya Date,Fitness,4344.52,0,23,0.172,46,0,0,0,0,0.344,0
ORD-15889,Tanish Sangha,Mobiles,5137.75,1,21,0.229,592,0,1,0,0,0.236,0
ORD-15890,Yashawini Mane,Electronics,3749.49,0,4,0.523,246,1,0,0,0,0.329,1
ORD-15891,Ekbal Mital,Electronics,6500.85,0,8,0.167,383,0,0,0,0,0.515,0
ORD-15892,Timothy Nayar,Home & Kitchen,1421.05,0,17,0.205,22,0,0,0,0,0.258,1
ORD-15893,Jagrati Pal,Mobiles,6113.61,1,8,0.488,498,0,0,1,0,0.319,1
ORD-15894,Kashvi Oak,Fashion,1835.35,0,26,0.297,71,0,0,0,0,0.756,0
ORD-15895,Chakradev Pathak,Fashion,4127.36,1,6,0.232,152,0,0,0,0,0.093,0
ORD-15896,Ekavir Bandi,Home & Kitchen,12753.55,0,14,0.257,557,0,0,0,0,0.226,1
ORD-15897,Nikita Sur,Beauty,1380.05,1,9,0.19,375,0,1,0,0,0.135,1
ORD-15898,Anirudh Rao,Beauty,3851.02,0,8,0.326,124,0,0,0,0,0.374,1
ORD-15899,Daniel Borah,Fashion,1558.67,1,7,0.234,144,0,0,1,1,0.231,1
ORD-15900,Reva Sood,Home & Kitchen,5534.68,1,17,0.399,460,0,0,0,0,0.185,0
ORD-15901,Chaitanya Khurana,Mobiles,1204.52,1,7,0.213,46,0,0,1,1,0.288,1
ORD-15902,Xiti Loke,Fitness,4743.07,0,17,0.126,102,0,0,0,0,0.106,0
ORD-15903,Tejas Hari,Electronics,6379.89,1,2,0.459,254,1,0,0,0,0.266,1
ORD-15904,Damyanti Prasad,Mobiles,2824.77,0,3,0.145,1098,0,0,0,0,0.595,0
ORD-15905,Ansh Agate,Electronics,3631.02,1,20,0.064,294,1,1,0,0,0.459,0
ORD-15906,Vritti Shanker,Home & Kitchen,3063.01,1,6,0.405,15,0,0,0,1,0.187,1
ORD-15907,Naksh Natt,Mobiles,3895.35,1,7,0.186,1116,0,0,0,1,0.231,0
ORD-15908,Abhiram Kamdar,Mobiles,4360.94,0,15,0.306,181,2,0,0,1,0.268,1
ORD-15909,Ijaya Apte,Beauty,5908.9,1,12,0.027,94,0,0,1,0,0.325,0
ORD-15910,Wakeeta Kala,Fitness,4449.65,1,35,0.323,448,0,0,0,1,0.363,0
ORD-15911,Dhriti Kumer,Electronics,6277.7,0,17,0.397,264,0,0,1,0,0.501,1
ORD-15912,Mahika Gour,Fitness,11804.57,0,18,0.092,243,0,0,1,0,0.343,0
ORD-15913,Hitesh Sharaf,Fitness,2382.15,1,21,0.166,2659,0,0,0,0,0.433,1
ORD-15914,Qarin Bhat,Electronics,1835.1,1,27,0.536,96,0,1,0,0,0.483,1
ORD-15915,Mason Kanda,Beauty,3562.28,0,8,0.394,242,0,0,0,1,0.234,1
ORD-15916,Darika Narayanan,Mobiles,4718.2,0,16,0.117,104,1,0,0,1,0.498,0
ORD-15917,Ekaraj Aurora,Fashion,4319.48,1,22,0.24,68,0,0,0,0,0.47,1
ORD-15918,Balveer Sama,Electronics,6301.28,0,11,0.443,283,0,0,0,0,0.278,1
ORD-15919,Ishani Konda,Fashion,4794.6,1,19,0.189,59,0,0,0,1,0.183,0
ORD-15920,Odika Uppal,Beauty,4917.58,0,19,0.255,212,0,1,0,1,0.229,1
ORD-15921,Xavier Atwal,Fashion,11630.57,1,4,0.346,214,0,0,0,0,0.466,0
ORD-15922,Jackson Chakrabarti,Electronics,9331.59,1,16,0.165,246,0,1,0,0,0.413,1
ORD-15923,Maya Sawhney,Home & Kitchen,16612.13,0,30,0.225,309,0,0,0,1,0.507,0
ORD-15924,Laban Ahuja,Fitness,4392.3,0,9,0.228,154,0,0,0,1,0.292,1
ORD-15925,Gaurika Shan,Fashion,8363.68,1,44,0.32,196,1,0,0,1,0.162,1
ORD-15926,Shravya Naik,Electronics,2510.7,0,19,0.467,261,1,0,1,1,0.155,1
ORD-15927,Gagan Garg,Fashion,4013.89,0,20,0.507,35,2,0,0,0,0.515,1
ORD-15928,Devika Ganesh,Home & Kitchen,622.59,0,22,0.162,556,0,0,0,1,0.416,0
ORD-15929,Chakradhar Kashyap,Fashion,3236.0,1,11,0.147,236,0,0,0,0,0.363,0
ORD-15930,Oni Gola,Mobiles,2492.01,0,10,0.177,3,0,0,1,0,0.255,0
ORD-15931,Lohit Shankar,Electronics,9210.46,1,8,0.494,410,1,0,0,0,0.663,1
ORD-15932,Irya Verma,Beauty,5900.28,0,34,0.114,394,1,0,0,0,0.066,0
ORD-15933,Faras Kumer,Beauty,6304.69,1,15,0.223,482,0,1,0,0,0.456,1
ORD-15934,Ubika Bakshi,Mobiles,1193.85,1,14,0.266,55,1,0,0,0,0.245,0
ORD-15935,Aarav Saxena,Mobiles,1914.54,1,13,0.22,799,0,0,0,0,0.44,0
ORD-15936,Gavin Padmanabhan,Fashion,5379.33,1,14,0.357,43,0,0,0,1,0.285,1
ORD-15937,Upkaar Ahuja,Fashion,7490.14,1,5,0.199,657,0,0,0,0,0.299,0
ORD-15938,Ranbir Sankar,Electronics,6804.28,1,8,0.174,64,0,0,0,1,0.164,1
ORD-15939,Hardik Garg,Beauty,4330.08,0,7,0.193,15,0,0,0,0,0.348,0
ORD-15940,Ira Vohra,Electronics,1911.01,0,16,0.215,28,1,0,0,1,0.392,0
ORD-15941,Vrinda Agrawal,Electronics,6631.28,1,10,0.609,301,0,0,0,0,0.374,1
ORD-15942,Girindra Saraf,Fashion,3315.18,0,13,0.456,499,0,0,0,0,0.628,1
ORD-15943,Isaac Thakur,Fashion,2439.5,0,10,0.461,224,1,0,0,0,0.616,1
ORD-15944,Siddharth Wason,Home & Kitchen,1268.78,1,11,0.328,95,3,0,0,0,0.251,1
ORD-15945,Gaurangi Bumb,Fashion,10686.21,0,14,0.657,325,0,1,0,0,0.278,1
ORD-15946,Ubika Singhal,Fashion,1185.4,1,8,0.491,95,0,0,0,0,0.678,0
ORD-15947,Girindra Raj,Home & Kitchen,5877.96,0,30,0.567,170,0,0,0,1,0.25,1
ORD-15948,Chandresh Nori,Home & Kitchen,5940.0,0,7,0.334,131,2,0,0,1,0.206,1
ORD-15949,Varenya Warrior,Fitness,4183.77,0,11,0.274,48,0,0,1,0,0.37,0
ORD-15950,Ekalinga Prashad,Fitness,7561.58,0,9,0.386,225,1,0,0,0,0.17,0
ORD-15951,Yashoda Srinivasan,Home & Kitchen,1113.32,1,6,0.208,265,0,0,0,0,0.622,1
ORD-15952,Yashodhara Majumdar,Electronics,9869.5,1,8,0.214,138,0,0,0,0,0.256,0
ORD-15953,Deepa Bera,Fashion,8678.09,0,14,0.252,13,0,0,1,0,0.279,0
ORD-15954,Yoshita Devi,Electronics,3386.58,0,31,0.384,294,0,0,1,0,0.605,0
ORD-15955,Vansha Gaba,Electronics,5241.66,0,9,0.434,167,0,0,0,0,0.221,1
ORD-15956,Chatura Goel,Home & Kitchen,1909.89,1,18,0.11,384,0,0,0,0,0.314,0
ORD-15957,Chaitaly Yadav,Home & Kitchen,2052.25,1,8,0.316,92,0,0,0,0,0.793,0
ORD-15958,Veer Deshmukh,Mobiles,947.41,1,13,0.412,137,0,0,1,0,0.288,1
ORD-15959,Daniel Krishnan,Mobiles,3590.59,1,37,0.105,673,1,0,0,0,0.495,0
ORD-15960,Arunima Mallick,Fitness,2701.53,1,31,0.283,296,0,0,0,1,0.473,0
ORD-15961,Arya Kakar,Mobiles,2716.23,1,4,0.289,262,0,0,1,0,0.274,1
ORD-15962,Imaran Bhatti,Beauty,10172.93,1,16,0.235,726,0,1,0,0,0.09,1
ORD-15963,Jagvi Hayre,Beauty,4683.33,1,11,0.101,98,0,0,0,0,0.63,0
ORD-15964,Jonathan Arya,Home & Kitchen,6391.27,0,12,0.406,68,3,0,0,0,0.169,0
ORD-15965,Balendra Johal,Beauty,12956.56,1,3,0.092,157,0,0,0,1,0.473,0
ORD-15966,Aradhana Dixit,Home & Kitchen,11826.2,0,12,0.139,67,0,0,1,0,0.102,1
ORD-15967,Karan De,Mobiles,7201.22,0,15,0.128,667,0,0,0,0,0.104,0
ORD-15968,Widisha Parmer,Mobiles,11808.61,0,10,0.21,80,0,0,0,0,0.089,0
ORD-15969,Harshil Kohli,Mobiles,3521.65,0,9,0.385,59,0,0,0,1,0.305,0
ORD-15970,Rishi Barman,Mobiles,3090.1,0,4,0.396,85,0,0,0,0,0.163,0
ORD-15971,Yahvi Chander,Electronics,8765.1,0,2,0.277,229,2,0,0,0,0.377,0
ORD-15972,Gautami Batta,Electronics,4249.47,1,26,0.288,279,0,0,1,0,0.216,1
ORD-15973,Zehaan Randhawa,Mobiles,3160.16,0,11,0.214,243,0,0,0,1,0.464,0
ORD-15974,Aarnav Bhandari,Beauty,6107.77,1,10,0.317,592,2,0,0,0,0.425,1
ORD-15975,Vihaan Sarraf,Fitness,5558.57,1,7,0.126,515,0,0,0,0,0.095,0
ORD-15976,Tripti Parekh,Mobiles,13259.32,0,13,0.343,172,0,0,0,1,0.113,0
ORD-15977,Gopal Yogi,Beauty,2365.89,1,14,0.348,56,1,0,0,1,0.458,0
ORD-15978,Kevin Bobal,Fashion,3904.38,0,23,0.192,220,0,0,1,1,0.526,0
ORD-15979,Neel Chakraborty,Home & Kitchen,1774.34,0,9,0.175,107,0,0,0,1,0.256,0
ORD-15980,Ethan Singh,Mobiles,1714.49,1,16,0.556,623,0,1,0,1,0.329,1
ORD-15981,Kritika Baria,Home & Kitchen,1607.18,0,11,0.18,15,0,0,0,0,0.179,0
ORD-15982,Tejas Dar,Mobiles,3418.53,1,7,0.293,179,0,0,0,0,0.21,1
ORD-15983,Adya Kota,Mobiles,16886.82,1,14,0.641,800,1,0,0,0,0.279,1
ORD-15984,Ekalinga Ram,Home & Kitchen,8509.29,1,22,0.403,119,0,0,0,1,0.125,0
ORD-15985,Nicholas Dora,Fashion,3309.39,1,20,0.124,316,0,0,0,0,0.112,0
ORD-15986,Samaksh Dani,Electronics,3078.68,1,13,0.18,294,0,0,0,0,0.153,0
ORD-15987,Vidhi Atwal,Fashion,5911.33,1,12,0.588,49,0,0,0,1,0.387,1
ORD-15988,Jeevika Ravi,Home & Kitchen,2026.03,1,11,0.076,129,0,0,0,0,0.109,0
ORD-15989,Omisha Ramaswamy,Home & Kitchen,2782.23,1,12,0.257,81,1,0,0,0,0.31,0
ORD-15990,Banjeet Rajagopal,Mobiles,2104.5,0,3,0.336,229,0,0,0,0,0.246,1
ORD-15991,Meera Dua,Mobiles,7878.3,1,6,0.546,91,1,0,0,1,0.62,1
ORD-15992,Yauvani Ramesh,Beauty,4891.18,0,13,0.027,174,0,0,0,0,0.13,0
ORD-15993,Janaki Bhasin,Fashion,8889.68,1,17,0.224,36,0,0,0,1,0.277,1
ORD-15994,Bhavini Kumar,Beauty,3451.61,0,9,0.326,646,0,0,1,0,0.297,1
ORD-15995,Balhaar Sastry,Mobiles,4493.63,1,10,0.171,380,1,0,0,0,0.421,0
ORD-15996,Mahika Hegde,Electronics,7765.56,1,22,0.215,78,0,0,0,0,0.13,0
ORD-15997,Ranbir Kar,Fitness,5392.31,0,17,0.061,258,0,0,0,0,0.135,0
ORD-15998,Hemangini Anand,Mobiles,5492.01,1,14,0.463,343,0,0,1,0,0.442,1
ORD-15999,Krisha Ganesh,Fashion,4887.35,1,10,0.184,394,0,0,0,0,0.154,0
